run_id,timestamp_utc,step,controller,intersection,signal_phase,green_steps_remaining,clearance_steps_remaining,queue_north,queue_east,queue_south,queue_west,forecast_north,forecast_east,forecast_south,forecast_west,network_queue,average_queue,vehicles_generated,vehicles_served,average_wait_steps,average_travel_time_steps,completed_trips,spillback_blocked,incident_blocked
8ebdb0b3-2c32-494c-b6b3-b6162684d288,2026-10-10T06:04:58.870660+00:00,1,forecast,A,NS,1,0,0,0,0,0,0.0,0.0,0.0,0.0,0,0.0,0,0,0.0,0.0,0,0,0
8ebdb0b3-2c32-494c-b6b3-b6162684d288,2026-10-10T06:04:58.870660+00:00,1,forecast,B,NS,1,0,0,0,0,0,0.0,0.0,0.0,0.0,0,0.0,0,0,0.0,0.0,0,0,0
8ebdb0b3-2c32-494c-b6b3-b6162684d288,2026-10-10T06:04:58.870660+00:00,1,forecast,C,NS,1,0,0,0,0,0,0.0,0.0,0.0,0.0,0,0.0,0,0,0.0,0.0,0,0,0
8ebdb0b3-2c32-494c-b6b3-b6162684d288,2026-10-10T06:04:58.870660+00:00,1,forecast,D,NS,1,0,0,0,0,0,0.0,0.0,0.0,0.0,0,0.0,0,0,0.0,0.0,0,0,0
8ebdb0b3-2c32-494c-b6b3-b6162684d288,2026-10-10T06:04:59.846681+00:00,2,forecast,A,NS,0,0,0,0,0,0,0.0,0.0,0.0,0.0,0,0.0,0,0,0.0,0.0,0,0,0
8ebdb0b3-2c32-494c-b6b3-b6162684d288,2026-10-10T06:04:59.846681+00:00,2,forecast,B,NS,0,0,0,0,0,0,0.0,0.0,0.0,0.0,0,0.0,0,0,0.0,0.0,0,0,0
8ebdb0b3-2c32-494c-b6b3-b6162684d288,2026-10-10T06:04:59.846681+00:00,2,forecast,C,NS,0,0,0,0,0,0,0.0,0.0,0.0,0.0,0,0.0,0,0,0.0,0.0,0,0,0
8ebdb0b3-2c32-494c-b6b3-b6162684d288,2026-10-10T06:04:59.846681+00:00,2,forecast,D,NS,0,0,0,0,0,0,0.0,0.0,0.0,0.0,0,0.0,0,0,0.0,0.0,0,0,0
8ebdb0b3-2c32-494c-b6b3-b6162684d288,2026-10-10T06:05:12.502910+00:00,3,forecast,A,NS,1,0,0,0,0,0,0.0,0.0,0.0,0.0,5,1.6667,5,0,0.0,0.0,0,0,0
8ebdb0b3-2c32-494c-b6b3-b6162684d288,2026-10-10T06:05:12.502910+00:00,3,forecast,B,NS,1,0,0,0,0,0,0.0,0.0,0.0,0.0,5,1.6667,5,0,0.0,0.0,0,0,0
8ebdb0b3-2c32-494c-b6b3-b6162684d288,2026-10-10T06:05:12.502910+00:00,3,forecast,C,NS,1,0,0,0,0,0,0.0,0.0,0.0,0.0,5,1.6667,5,0,0.0,0.0,0,0,0
8ebdb0b3-2c32-494c-b6b3-b6162684d288,2026-10-10T06:05:12.502910+00:00,3,forecast,D,NS,1,0,0,0,5,0,0.0,0.0,0.0,0.0,5,1.6667,5,0,0.0,0.0,0,0,0
8ebdb0b3-2c32-494c-b6b3-b6162684d288,2026-10-10T06:05:12.828203+00:00,4,forecast,A,NS,0,0,0,0,0,0,0.0,0.0,0.0,0.0,5,2.5,5,0,0.0,0.0,0,0,0
8ebdb0b3-2c32-494c-b6b3-b6162684d288,2026-10-10T06:05:12.828203+00:00,4,forecast,B,NS,0,0,0,0,0,0,0.0,0.0,0.0,0.0,5,2.5,5,0,0.0,0.0,0,0,0
8ebdb0b3-2c32-494c-b6b3-b6162684d288,2026-10-10T06:05:12.828203+00:00,4,forecast,C,NS,0,0,0,0,0,0,0.0,0.0,0.0,0.0,5,2.5,5,0,0.0,0.0,0,0,0
8ebdb0b3-2c32-494c-b6b3-b6162684d288,2026-10-10T06:05:12.828203+00:00,4,forecast,D,NS,0,0,0,0,5,0,0.0,0.0,0.0,0.0,5,2.5,5,0,0.0,0.0,0,0,0
8ebdb0b3-2c32-494c-b6b3-b6162684d288,2026-10-10T06:05:13.823455+00:00,5,forecast,A,NS,1,0,0,0,0,0,0.0,0.0,0.0,0.0,5,3.0,5,0,0.0,0.0,0,0,0
8ebdb0b3-2c32-494c-b6b3-b6162684d288,2026-10-10T06:05:13.823455+00:00,5,forecast,B,NS,1,0,0,0,0,0,0.0,0.0,0.0,0.0,5,3.0,5,0,0.0,0.0,0,0,0
8ebdb0b3-2c32-494c-b6b3-b6162684d288,2026-10-10T06:05:13.823455+00:00,5,forecast,C,NS,1,0,0,0,0,0,0.0,0.0,0.0,0.0,5,3.0,5,0,0.0,0.0,0,0,0
8ebdb0b3-2c32-494c-b6b3-b6162684d288,2026-10-10T06:05:13.823455+00:00,5,forecast,D,NS,1,0,0,0,5,0,0.0,0.0,0.0,0.0,5,3.0,5,0,0.0,0.0,0,0,0
8ebdb0b3-2c32-494c-b6b3-b6162684d288,2026-10-10T06:05:14.850394+00:00,6,forecast,A,NS,0,0,0,0,0,0,0.0,0.0,0.0,0.0,5,3.3333,5,0,0.0,0.0,0,0,0
8ebdb0b3-2c32-494c-b6b3-b6162684d288,2026-10-10T06:05:14.850394+00:00,6,forecast,B,NS,0,0,0,0,1,0,0.0,0.0,0.0,0.0,5,3.3333,5,0,0.0,0.0,0,0,0
8ebdb0b3-2c32-494c-b6b3-b6162684d288,2026-10-10T06:05:14.850394+00:00,6,forecast,C,NS,0,0,0,0,0,0,0.0,0.0,0.0,0.0,5,3.3333,5,0,0.0,0.0,0,0,0
8ebdb0b3-2c32-494c-b6b3-b6162684d288,2026-10-10T06:05:14.850394+00:00,6,forecast,D,NS,0,0,0,0,4,0,0.0,0.0,0.0,0.0,5,3.3333,5,0,0.0,0.0,0,0,0
8ebdb0b3-2c32-494c-b6b3-b6162684d288,2026-10-10T06:05:15.840858+00:00,7,forecast,A,NS,1,0,0,0,0,0,0.0,0.0,0.0,0.0,5,3.5714,5,0,0.0,0.0,0,0,0
8ebdb0b3-2c32-494c-b6b3-b6162684d288,2026-10-10T06:05:15.840858+00:00,7,forecast,B,NS,1,0,0,0,2,0,0.0,0.0,0.0,0.0,5,3.5714,5,0,0.0,0.0,0,0,0
8ebdb0b3-2c32-494c-b6b3-b6162684d288,2026-10-10T06:05:15.840858+00:00,7,forecast,C,NS,1,0,0,0,0,0,0.0,0.0,0.0,0.0,5,3.5714,5,0,0.0,0.0,0,0,0
8ebdb0b3-2c32-494c-b6b3-b6162684d288,2026-10-10T06:05:15.840858+00:00,7,forecast,D,NS,1,0,0,0,3,0,0.0,0.0,0.0,0.0,5,3.5714,5,0,0.0,0.0,0,0,0
8ebdb0b3-2c32-494c-b6b3-b6162684d288,2026-10-10T06:05:16.846756+00:00,8,forecast,A,NS,0,0,0,0,0,0,0.0,0.0,0.0,0.0,5,3.75,5,0,0.0,0.0,0,0,0
8ebdb0b3-2c32-494c-b6b3-b6162684d288,2026-10-10T06:05:16.846756+00:00,8,forecast,B,NS,0,0,0,0,3,0,0.0,0.0,0.0,0.0,5,3.75,5,0,0.0,0.0,0,0,0
8ebdb0b3-2c32-494c-b6b3-b6162684d288,2026-10-10T06:05:16.846756+00:00,8,forecast,C,NS,0,0,0,0,0,0,0.0,0.0,0.0,0.0,5,3.75,5,0,0.0,0.0,0,0,0
8ebdb0b3-2c32-494c-b6b3-b6162684d288,2026-10-10T06:05:16.846756+00:00,8,forecast,D,NS,0,0,0,0,2,0,0.0,0.0,0.0,0.0,5,3.75,5,0,0.0,0.0,0,0,0
8ebdb0b3-2c32-494c-b6b3-b6162684d288,2026-10-10T06:05:17.837707+00:00,9,forecast,A,NS,1,0,0,0,0,0,0.0,0.0,0.0,0.0,5,3.8889,5,0,0.0,0.0,0,0,0
8ebdb0b3-2c32-494c-b6b3-b6162684d288,2026-10-10T06:05:17.837707+00:00,9,forecast,B,NS,1,0,0,0,4,0,0.0,0.0,0.0,0.0,5,3.8889,5,0,0.0,0.0,0,0,0
8ebdb0b3-2c32-494c-b6b3-b6162684d288,2026-10-10T06:05:17.837707+00:00,9,forecast,C,NS,1,0,0,0,0,0,0.0,0.0,0.0,0.0,5,3.8889,5,0,0.0,0.0,0,0,0
8ebdb0b3-2c32-494c-b6b3-b6162684d288,2026-10-10T06:05:17.837707+00:00,9,forecast,D,NS,1,0,0,0,1,0,0.0,0.0,0.0,0.0,5,3.8889,5,0,0.0,0.0,0,0,0
8ebdb0b3-2c32-494c-b6b3-b6162684d288,2026-10-10T06:05:18.839557+00:00,10,forecast,A,NS,0,0,0,0,0,0,0.0,0.0,0.0,0.0,5,4.0,5,0,0.0,0.0,0,0,0
8ebdb0b3-2c32-494c-b6b3-b6162684d288,2026-10-10T06:05:18.839557+00:00,10,forecast,B,NS,0,0,0,0,5,0,0.0,0.0,0.0,0.0,5,4.0,5,0,0.0,0.0,0,0,0
8ebdb0b3-2c32-494c-b6b3-b6162684d288,2026-10-10T06:05:18.839557+00:00,10,forecast,C,NS,0,0,0,0,0,0,0.0,0.0,0.0,0.0,5,4.0,5,0,0.0,0.0,0,0,0
8ebdb0b3-2c32-494c-b6b3-b6162684d288,2026-10-10T06:05:18.839557+00:00,10,forecast,D,NS,0,0,0,0,0,0,0.0,0.0,0.0,0.0,5,4.0,5,0,0.0,0.0,0,0,0
8ebdb0b3-2c32-494c-b6b3-b6162684d288,2026-10-10T06:05:19.827802+00:00,11,forecast,A,NS,1,0,0,0,0,0,0.0,0.0,0.0,0.0,5,4.0909,5,0,0.0,0.0,0,0,0
8ebdb0b3-2c32-494c-b6b3-b6162684d288,2026-10-10T06:05:19.827802+00:00,11,forecast,B,NS,1,0,0,0,5,0,0.0,0.0,0.0,0.0,5,4.0909,5,0,0.0,0.0,0,0,0
8ebdb0b3-2c32-494c-b6b3-b6162684d288,2026-10-10T06:05:19.827802+00:00,11,forecast,C,NS,1,0,0,0,0,0,0.0,0.0,0.0,0.0,5,4.0909,5,0,0.0,0.0,0,0,0
8ebdb0b3-2c32-494c-b6b3-b6162684d288,2026-10-10T06:05:19.827802+00:00,11,forecast,D,NS,1,0,0,0,0,0,0.0,0.0,0.0,0.0,5,4.0909,5,0,0.0,0.0,0,0,0
8ebdb0b3-2c32-494c-b6b3-b6162684d288,2026-10-10T06:05:20.841971+00:00,12,forecast,A,NS,0,0,0,0,0,0,0.0,0.0,0.0,0.0,5,4.1667,5,0,0.0,0.0,0,0,0
8ebdb0b3-2c32-494c-b6b3-b6162684d288,2026-10-10T06:05:20.841971+00:00,12,forecast,B,NS,0,0,0,0,5,0,0.0,0.0,0.0,0.0,5,4.1667,5,0,0.0,0.0,0,0,0
8ebdb0b3-2c32-494c-b6b3-b6162684d288,2026-10-10T06:05:20.841971+00:00,12,forecast,C,NS,0,0,0,0,0,0,0.0,0.0,0.0,0.0,5,4.1667,5,0,0.0,0.0,0,0,0
8ebdb0b3-2c32-494c-b6b3-b6162684d288,2026-10-10T06:05:20.841971+00:00,12,forecast,D,NS,0,0,0,0,0,0,0.0,0.0,0.0,0.0,5,4.1667,5,0,0.0,0.0,0,0,0
8ebdb0b3-2c32-494c-b6b3-b6162684d288,2026-10-10T06:05:21.841600+00:00,13,forecast,A,NS,1,0,0,0,0,0,0.0,0.0,0.0,0.0,5,4.2308,5,0,0.0,0.0,0,0,0
8ebdb0b3-2c32-494c-b6b3-b6162684d288,2026-10-10T06:05:21.841600+00:00,13,forecast,B,NS,1,0,0,0,5,0,0.0,0.0,0.0,0.0,5,4.2308,5,0,0.0,0.0,0,0,0
8ebdb0b3-2c32-494c-b6b3-b6162684d288,2026-10-10T06:05:21.841600+00:00,13,forecast,C,NS,1,0,0,0,0,0,0.0,0.0,0.0,0.0,5,4.2308,5,0,0.0,0.0,0,0,0
8ebdb0b3-2c32-494c-b6b3-b6162684d288,2026-10-10T06:05:21.841600+00:00,13,forecast,D,NS,1,0,0,0,0,0,0.0,0.0,0.0,0.0,5,4.2308,5,0,0.0,0.0,0,0,0
8ebdb0b3-2c32-494c-b6b3-b6162684d288,2026-10-10T06:05:22.824810+00:00,14,forecast,A,NS,0,0,0,1,0,0,0.0,0.0,0.0,0.0,5,4.2857,5,0,0.0,0.0,0,0,0
8ebdb0b3-2c32-494c-b6b3-b6162684d288,2026-10-10T06:05:22.824810+00:00,14,forecast,B,NS,0,0,0,0,4,0,0.0,0.0,0.0,0.0,5,4.2857,5,0,0.0,0.0,0,0,0
8ebdb0b3-2c32-494c-b6b3-b6162684d288,2026-10-10T06:05:22.824810+00:00,14,forecast,C,NS,0,0,0,0,0,0,0.0,0.0,0.0,0.0,5,4.2857,5,0,0.0,0.0,0,0,0
8ebdb0b3-2c32-494c-b6b3-b6162684d288,2026-10-10T06:05:22.824810+00:00,14,forecast,D,NS,0,0,0,0,0,0,0.0,0.0,0.0,0.0,5,4.2857,5,0,0.0,0.0,0,0,0
8ebdb0b3-2c32-494c-b6b3-b6162684d288,2026-10-10T06:05:23.842725+00:00,15,forecast,A,CLEAR,0,1,0,2,0,0,0.0,0.0,0.0,0.0,5,4.3333,5,0,0.0,0.0,0,0,0
8ebdb0b3-2c32-494c-b6b3-b6162684d288,2026-10-10T06:05:23.842725+00:00,15,forecast,B,NS,1,0,0,0,3,0,0.0,0.0,0.0,0.0,5,4.3333,5,0,0.0,0.0,0,0,0
8ebdb0b3-2c32-494c-b6b3-b6162684d288,2026-10-10T06:05:23.842725+00:00,15,forecast,C,NS,1,0,0,0,0,0,0.0,0.0,0.0,0.0,5,4.3333,5,0,0.0,0.0,0,0,0
8ebdb0b3-2c32-494c-b6b3-b6162684d288,2026-10-10T06:05:23.842725+00:00,15,forecast,D,NS,1,0,0,0,0,0,0.0,0.0,0.0,0.0,5,4.3333,5,0,0.0,0.0,0,0,0
8ebdb0b3-2c32-494c-b6b3-b6162684d288,2026-10-10T06:05:24.850132+00:00,16,forecast,A,EW,1,0,0,3,0,0,0.0,0.0,0.0,0.0,5,4.375,5,0,0.0,0.0,0,0,0
8ebdb0b3-2c32-494c-b6b3-b6162684d288,2026-10-10T06:05:24.850132+00:00,16,forecast,B,NS,0,0,0,0,2,0,0.0,0.0,0.0,0.0,5,4.375,5,0,0.0,0.0,0,0,0
8ebdb0b3-2c32-494c-b6b3-b6162684d288,2026-10-10T06:05:24.850132+00:00,16,forecast,C,NS,0,0,0,0,0,0,0.0,0.0,0.0,0.0,5,4.375,5,0,0.0,0.0,0,0,0
8ebdb0b3-2c32-494c-b6b3-b6162684d288,2026-10-10T06:05:24.850132+00:00,16,forecast,D,NS,0,0,0,0,0,0,0.0,0.0,0.0,0.0,5,4.375,5,0,0.0,0.0,0,0,0
8ebdb0b3-2c32-494c-b6b3-b6162684d288,2026-10-10T06:05:25.827752+00:00,17,forecast,A,EW,0,0,0,4,0,0,0.0,0.0,0.0,0.0,5,4.4118,5,0,0.0,0.0,0,0,0
8ebdb0b3-2c32-494c-b6b3-b6162684d288,2026-10-10T06:05:25.827752+00:00,17,forecast,B,NS,1,0,0,0,1,0,0.0,0.0,0.0,0.0,5,4.4118,5,0,0.0,0.0,0,0,0
8ebdb0b3-2c32-494c-b6b3-b6162684d288,2026-10-10T06:05:25.827752+00:00,17,forecast,C,NS,1,0,0,0,0,0,0.0,0.0,0.0,0.0,5,4.4118,5,0,0.0,0.0,0,0,0
8ebdb0b3-2c32-494c-b6b3-b6162684d288,2026-10-10T06:05:25.827752+00:00,17,forecast,D,NS,1,0,0,0,0,0,0.0,0.0,0.0,0.0,5,4.4118,5,0,0.0,0.0,0,0,0
8ebdb0b3-2c32-494c-b6b3-b6162684d288,2026-10-10T06:05:26.840170+00:00,18,forecast,A,EW,1,0,0,5,0,0,0.0,0.0,0.0,0.0,5,4.4444,5,0,0.0,0.0,0,0,0
8ebdb0b3-2c32-494c-b6b3-b6162684d288,2026-10-10T06:05:26.840170+00:00,18,forecast,B,NS,0,0,0,0,0,0,0.0,0.0,0.0,0.0,5,4.4444,5,0,0.0,0.0,0,0,0
8ebdb0b3-2c32-494c-b6b3-b6162684d288,2026-10-10T06:05:26.840170+00:00,18,forecast,C,NS,0,0,0,0,0,0,0.0,0.0,0.0,0.0,5,4.4444,5,0,0.0,0.0,0,0,0
8ebdb0b3-2c32-494c-b6b3-b6162684d288,2026-10-10T06:05:26.840170+00:00,18,forecast,D,NS,0,0,0,0,0,0,0.0,0.0,0.0,0.0,5,4.4444,5,0,0.0,0.0,0,0,0
8ebdb0b3-2c32-494c-b6b3-b6162684d288,2026-10-10T06:05:27.841659+00:00,19,forecast,A,EW,0,0,0,5,0,0,0.0,0.0,0.0,0.0,5,4.4737,5,0,0.0,0.0,0,0,0
8ebdb0b3-2c32-494c-b6b3-b6162684d288,2026-10-10T06:05:27.841659+00:00,19,forecast,B,NS,1,0,0,0,0,0,0.0,0.0,0.0,0.0,5,4.4737,5,0,0.0,0.0,0,0,0
8ebdb0b3-2c32-494c-b6b3-b6162684d288,2026-10-10T06:05:27.841659+00:00,19,forecast,C,NS,1,0,0,0,0,0,0.0,0.0,0.0,0.0,5,4.4737,5,0,0.0,0.0,0,0,0
8ebdb0b3-2c32-494c-b6b3-b6162684d288,2026-10-10T06:05:27.841659+00:00,19,forecast,D,NS,1,0,0,0,0,0,0.0,0.0,0.0,0.0,5,4.4737,5,0,0.0,0.0,0,0,0
8ebdb0b3-2c32-494c-b6b3-b6162684d288,2026-10-10T06:05:28.829784+00:00,20,forecast,A,EW,1,0,0,5,0,0,0.0,0.0,0.0,0.0,5,4.5,5,0,0.0,0.0,0,0,0
8ebdb0b3-2c32-494c-b6b3-b6162684d288,2026-10-10T06:05:28.829784+00:00,20,forecast,B,NS,0,0,0,0,0,0,0.0,0.0,0.0,0.0,5,4.5,5,0,0.0,0.0,0,0,0
8ebdb0b3-2c32-494c-b6b3-b6162684d288,2026-10-10T06:05:28.829784+00:00,20,forecast,C,NS,0,0,0,0,0,0,0.0,0.0,0.0,0.0,5,4.5,5,0,0.0,0.0,0,0,0
8ebdb0b3-2c32-494c-b6b3-b6162684d288,2026-10-10T06:05:28.829784+00:00,20,forecast,D,NS,0,0,0,0,0,0,0.0,0.0,0.0,0.0,5,4.5,5,0,0.0,0.0,0,0,0
8ebdb0b3-2c32-494c-b6b3-b6162684d288,2026-10-10T06:05:29.831800+00:00,21,forecast,A,EW,0,0,0,5,0,0,0.0,0.0,0.0,0.0,5,4.5238,5,0,0.0,0.0,0,0,0
8ebdb0b3-2c32-494c-b6b3-b6162684d288,2026-10-10T06:05:29.831800+00:00,21,forecast,B,NS,1,0,0,0,0,0,0.0,0.0,0.0,0.0,5,4.5238,5,0,0.0,0.0,0,0,0
8ebdb0b3-2c32-494c-b6b3-b6162684d288,2026-10-10T06:05:29.831800+00:00,21,forecast,C,NS,1,0,0,0,0,0,0.0,0.0,0.0,0.0,5,4.5238,5,0,0.0,0.0,0,0,0
8ebdb0b3-2c32-494c-b6b3-b6162684d288,2026-10-10T06:05:29.831800+00:00,21,forecast,D,NS,1,0,0,0,0,0,0.0,0.0,0.0,0.0,5,4.5238,5,0,0.0,0.0,0,0,0
8ebdb0b3-2c32-494c-b6b3-b6162684d288,2026-10-10T06:05:30.833350+00:00,22,forecast,A,EW,1,0,0,4,0,0,0.0,0.0,0.0,0.0,4,4.5,5,1,19.0,20.0,1,0,0
8ebdb0b3-2c32-494c-b6b3-b6162684d288,2026-10-10T06:05:30.833350+00:00,22,forecast,B,NS,0,0,0,0,0,0,0.0,0.0,0.0,0.0,4,4.5,5,1,19.0,20.0,1,0,0
8ebdb0b3-2c32-494c-b6b3-b6162684d288,2026-10-10T06:05:30.833350+00:00,22,forecast,C,NS,0,0,0,0,0,0,0.0,0.0,0.0,0.0,4,4.5,5,1,19.0,20.0,1,0,0
8ebdb0b3-2c32-494c-b6b3-b6162684d288,2026-10-10T06:05:30.833350+00:00,22,forecast,D,NS,0,0,0,0,0,0,0.0,0.0,0.0,0.0,4,4.5,5,1,19.0,20.0,1,0,0
8ebdb0b3-2c32-494c-b6b3-b6162684d288,2026-10-10T06:05:31.831971+00:00,23,forecast,A,EW,0,0,0,3,0,0,0.0,0.0,0.0,0.0,3,4.4348,5,2,19.5,20.5,2,0,0
8ebdb0b3-2c32-494c-b6b3-b6162684d288,2026-10-10T06:05:31.831971+00:00,23,forecast,B,NS,1,0,0,0,0,0,0.0,0.0,0.0,0.0,3,4.4348,5,2,19.5,20.5,2,0,0
8ebdb0b3-2c32-494c-b6b3-b6162684d288,2026-10-10T06:05:31.831971+00:00,23,forecast,C,NS,1,0,0,0,0,0,0.0,0.0,0.0,0.0,3,4.4348,5,2,19.5,20.5,2,0,0
8ebdb0b3-2c32-494c-b6b3-b6162684d288,2026-10-10T06:05:31.831971+00:00,23,forecast,D,NS,1,0,0,0,0,0,0.0,0.0,0.0,0.0,3,4.4348,5,2,19.5,20.5,2,0,0
8ebdb0b3-2c32-494c-b6b3-b6162684d288,2026-10-10T06:05:32.833346+00:00,24,forecast,A,EW,1,0,0,2,0,0,0.0,0.0,0.0,0.0,2,4.3333,5,3,20.0,21.0,3,0,0
8ebdb0b3-2c32-494c-b6b3-b6162684d288,2026-10-10T06:05:32.833346+00:00,24,forecast,B,NS,0,0,0,0,0,0,0.0,0.0,0.0,0.0,2,4.3333,5,3,20.0,21.0,3,0,0
8ebdb0b3-2c32-494c-b6b3-b6162684d288,2026-10-10T06:05:32.833346+00:00,24,forecast,C,NS,0,0,0,0,0,0,0.0,0.0,0.0,0.0,2,4.3333,5,3,20.0,21.0,3,0,0
8ebdb0b3-2c32-494c-b6b3-b6162684d288,2026-10-10T06:05:32.833346+00:00,24,forecast,D,NS,0,0,0,0,0,0,0.0,0.0,0.0,0.0,2,4.3333,5,3,20.0,21.0,3,0,0
8ebdb0b3-2c32-494c-b6b3-b6162684d288,2026-10-10T06:05:33.829544+00:00,25,forecast,A,EW,0,0,0,1,0,0,0.0,0.0,0.0,0.0,1,4.2,5,4,20.5,21.5,4,0,0
8ebdb0b3-2c32-494c-b6b3-b6162684d288,2026-10-10T06:05:33.829544+00:00,25,forecast,B,NS,1,0,0,0,0,0,0.0,0.0,0.0,0.0,1,4.2,5,4,20.5,21.5,4,0,0
8ebdb0b3-2c32-494c-b6b3-b6162684d288,2026-10-10T06:05:33.829544+00:00,25,forecast,C,NS,1,0,0,0,0,0,0.0,0.0,0.0,0.0,1,4.2,5,4,20.5,21.5,4,0,0
8ebdb0b3-2c32-494c-b6b3-b6162684d288,2026-10-10T06:05:33.829544+00:00,25,forecast,D,NS,1,0,0,0,0,0,0.0,0.0,0.0,0.0,1,4.2,5,4,20.5,21.5,4,0,0
8ebdb0b3-2c32-494c-b6b3-b6162684d288,2026-10-10T06:05:34.850069+00:00,26,forecast,A,EW,1,0,0,0,0,0,0.0,0.0,0.0,0.0,0,4.0385,5,5,21.0,22.0,5,0,0
8ebdb0b3-2c32-494c-b6b3-b6162684d288,2026-10-10T06:05:34.850069+00:00,26,forecast,B,NS,0,0,0,0,0,0,0.0,0.0,0.0,0.0,0,4.0385,5,5,21.0,22.0,5,0,0
8ebdb0b3-2c32-494c-b6b3-b6162684d288,2026-10-10T06:05:34.850069+00:00,26,forecast,C,NS,0,0,0,0,0,0,0.0,0.0,0.0,0.0,0,4.0385,5,5,21.0,22.0,5,0,0
8ebdb0b3-2c32-494c-b6b3-b6162684d288,2026-10-10T06:05:34.850069+00:00,26,forecast,D,NS,0,0,0,0,0,0,0.0,0.0,0.0,0.0,0,4.0385,5,5,21.0,22.0,5,0,0
8ebdb0b3-2c32-494c-b6b3-b6162684d288,2026-10-10T06:05:35.836455+00:00,27,forecast,A,EW,0,0,0,0,0,0,0.0,0.0,0.0,0.0,0,3.8889,5,5,21.0,22.0,5,0,0
8ebdb0b3-2c32-494c-b6b3-b6162684d288,2026-10-10T06:05:35.836455+00:00,27,forecast,B,NS,1,0,0,0,0,0,0.0,0.0,0.0,0.0,0,3.8889,5,5,21.0,22.0,5,0,0
8ebdb0b3-2c32-494c-b6b3-b6162684d288,2026-10-10T06:05:35.836455+00:00,27,forecast,C,NS,1,0,0,0,0,0,0.0,0.0,0.0,0.0,0,3.8889,5,5,21.0,22.0,5,0,0
8ebdb0b3-2c32-494c-b6b3-b6162684d288,2026-10-10T06:05:35.836455+00:00,27,forecast,D,NS,1,0,0,0,0,0,0.0,0.0,0.0,0.0,0,3.8889,5,5,21.0,22.0,5,0,0
8ebdb0b3-2c32-494c-b6b3-b6162684d288,2026-10-10T06:05:36.833389+00:00,28,forecast,A,CLEAR,0,1,0,0,0,0,0.0,0.0,0.0,0.0,0,3.75,5,5,21.0,22.0,5,0,0
8ebdb0b3-2c32-494c-b6b3-b6162684d288,2026-10-10T06:05:36.833389+00:00,28,forecast,B,NS,0,0,0,0,0,0,0.0,0.0,0.0,0.0,0,3.75,5,5,21.0,22.0,5,0,0
8ebdb0b3-2c32-494c-b6b3-b6162684d288,2026-10-10T06:05:36.833389+00:00,28,forecast,C,NS,0,0,0,0,0,0,0.0,0.0,0.0,0.0,0,3.75,5,5,21.0,22.0,5,0,0
8ebdb0b3-2c32-494c-b6b3-b6162684d288,2026-10-10T06:05:36.833389+00:00,28,forecast,D,NS,0,0,0,0,0,0,0.0,0.0,0.0,0.0,0,3.75,5,5,21.0,22.0,5,0,0
8ebdb0b3-2c32-494c-b6b3-b6162684d288,2026-10-10T06:05:37.829724+00:00,29,forecast,A,NS,1,0,0,0,0,0,0.0,0.0,0.0,0.0,1,3.6552,6,5,21.0,22.0,5,0,0
8ebdb0b3-2c32-494c-b6b3-b6162684d288,2026-10-10T06:05:37.829724+00:00,29,forecast,B,NS,1,0,0,0,0,0,0.0,0.0,0.0,0.0,1,3.6552,6,5,21.0,22.0,5,0,0
8ebdb0b3-2c32-494c-b6b3-b6162684d288,2026-10-10T06:05:37.829724+00:00,29,forecast,C,NS,1,0,0,0,0,0,0.0,0.0,0.0,0.0,1,3.6552,6,5,21.0,22.0,5,0,0
8ebdb0b3-2c32-494c-b6b3-b6162684d288,2026-10-10T06:05:37.829724+00:00,29,forecast,D,NS,1,0,0,0,1,0,0.0,0.0,0.0,0.0,1,3.6552,6,5,21.0,22.0,5,0,0
8ebdb0b3-2c32-494c-b6b3-b6162684d288,2026-10-10T06:05:38.835759+00:00,30,forecast,A,NS,0,0,0,0,0,0,0.0,0.0,0.0,0.0,1,3.5667,6,5,21.0,22.0,5,0,0
8ebdb0b3-2c32-494c-b6b3-b6162684d288,2026-10-10T06:05:38.835759+00:00,30,forecast,B,NS,0,0,0,0,0,0,0.0,0.0,0.0,0.0,1,3.5667,6,5,21.0,22.0,5,0,0
8ebdb0b3-2c32-494c-b6b3-b6162684d288,2026-10-10T06:05:38.835759+00:00,30,forecast,C,NS,0,0,0,0,0,0,0.0,0.0,0.0,0.0,1,3.5667,6,5,21.0,22.0,5,0,0
8ebdb0b3-2c32-494c-b6b3-b6162684d288,2026-10-10T06:05:38.835759+00:00,30,forecast,D,NS,0,0,0,0,1,0,0.0,0.0,0.0,0.0,1,3.5667,6,5,21.0,22.0,5,0,0
8ebdb0b3-2c32-494c-b6b3-b6162684d288,2026-10-10T06:05:39.834284+00:00,31,forecast,A,NS,1,0,0,0,0,0,0.0,0.0,0.0,0.0,1,3.4839,6,5,21.0,22.0,5,0,0
8ebdb0b3-2c32-494c-b6b3-b6162684d288,2026-10-10T06:05:39.834284+00:00,31,forecast,B,NS,1,0,0,0,0,0,0.0,0.0,0.0,0.0,1,3.4839,6,5,21.0,22.0,5,0,0
8ebdb0b3-2c32-494c-b6b3-b6162684d288,2026-10-10T06:05:39.834284+00:00,31,forecast,C,NS,1,0,0,0,0,0,0.0,0.0,0.0,0.0,1,3.4839,6,5,21.0,22.0,5,0,0
8ebdb0b3-2c32-494c-b6b3-b6162684d288,2026-10-10T06:05:39.834284+00:00,31,forecast,D,NS,1,0,0,0,1,0,0.0,0.0,0.0,0.0,1,3.4839,6,5,21.0,22.0,5,0,0
8ebdb0b3-2c32-494c-b6b3-b6162684d288,2026-10-10T06:05:40.828559+00:00,32,forecast,A,NS,0,0,0,0,0,0,0.0,0.0,0.0,0.0,3,3.4688,8,5,21.0,22.0,5,0,0
8ebdb0b3-2c32-494c-b6b3-b6162684d288,2026-10-10T06:05:40.828559+00:00,32,forecast,B,NS,0,0,0,0,1,0,0.0,0.0,0.0,0.0,3,3.4688,8,5,21.0,22.0,5,0,0
8ebdb0b3-2c32-494c-b6b3-b6162684d288,2026-10-10T06:05:40.828559+00:00,32,forecast,C,NS,0,0,0,0,0,0,0.0,0.0,0.0,0.0,3,3.4688,8,5,21.0,22.0,5,0,0
8ebdb0b3-2c32-494c-b6b3-b6162684d288,2026-10-10T06:05:40.828559+00:00,32,forecast,D,NS,0,0,0,0,2,0,0.0,0.0,0.0,0.0,3,3.4688,8,5,21.0,22.0,5,0,0
8ebdb0b3-2c32-494c-b6b3-b6162684d288,2026-10-10T06:05:41.838508+00:00,33,forecast,A,NS,1,0,0,0,0,0,0.0,0.0,0.0,0.0,8,3.6061,13,5,21.0,22.0,5,0,0
8ebdb0b3-2c32-494c-b6b3-b6162684d288,2026-10-10T06:05:41.838508+00:00,33,forecast,B,NS,1,0,0,0,1,0,0.0,0.0,0.0,0.0,8,3.6061,13,5,21.0,22.0,5,0,0
8ebdb0b3-2c32-494c-b6b3-b6162684d288,2026-10-10T06:05:41.838508+00:00,33,forecast,C,NS,1,0,0,0,0,0,0.0,0.0,0.0,0.0,8,3.6061,13,5,21.0,22.0,5,0,0
8ebdb0b3-2c32-494c-b6b3-b6162684d288,2026-10-10T06:05:41.838508+00:00,33,forecast,D,NS,1,0,0,0,7,0,0.0,0.0,0.0,0.0,8,3.6061,13,5,21.0,22.0,5,0,0
8ebdb0b3-2c32-494c-b6b3-b6162684d288,2026-10-10T06:05:42.848285+00:00,34,forecast,A,NS,0,0,0,0,0,0,0.0,0.0,0.0,0.0,11,3.8235,16,5,21.0,22.0,5,0,0
8ebdb0b3-2c32-494c-b6b3-b6162684d288,2026-10-10T06:05:42.848285+00:00,34,forecast,B,NS,0,0,0,0,1,0,0.0,0.0,0.0,0.0,11,3.8235,16,5,21.0,22.0,5,0,0
8ebdb0b3-2c32-494c-b6b3-b6162684d288,2026-10-10T06:05:42.848285+00:00,34,forecast,C,NS,0,0,0,0,0,0,0.0,0.0,0.0,0.0,11,3.8235,16,5,21.0,22.0,5,0,0
8ebdb0b3-2c32-494c-b6b3-b6162684d288,2026-10-10T06:05:42.848285+00:00,34,forecast,D,NS,0,0,0,0,10,0,0.0,0.0,0.0,0.0,11,3.8235,16,5,21.0,22.0,5,0,0
8ebdb0b3-2c32-494c-b6b3-b6162684d288,2026-10-10T06:05:43.858953+00:00,35,forecast,A,NS,1,0,0,0,0,0,0.0,0.0,0.0,0.0,11,4.0286,16,5,21.0,22.0,5,0,0
8ebdb0b3-2c32-494c-b6b3-b6162684d288,2026-10-10T06:05:43.858953+00:00,35,forecast,B,NS,1,0,0,0,2,0,0.0,0.0,0.0,0.0,11,4.0286,16,5,21.0,22.0,5,0,0
8ebdb0b3-2c32-494c-b6b3-b6162684d288,2026-10-10T06:05:43.858953+00:00,35,forecast,C,NS,1,0,0,0,0,0,0.0,0.0,0.0,0.0,11,4.0286,16,5,21.0,22.0,5,0,0
8ebdb0b3-2c32-494c-b6b3-b6162684d288,2026-10-10T06:05:43.858953+00:00,35,forecast,D,NS,1,0,0,0,9,0,0.0,0.0,0.0,0.0,11,4.0286,16,5,21.0,22.0,5,0,0
8ebdb0b3-2c32-494c-b6b3-b6162684d288,2026-10-10T06:05:44.834142+00:00,36,forecast,A,NS,0,0,0,0,0,0,0.0,0.0,0.0,0.0,11,4.2222,16,5,21.0,22.0,5,0,0
8ebdb0b3-2c32-494c-b6b3-b6162684d288,2026-10-10T06:05:44.834142+00:00,36,forecast,B,NS,0,0,0,0,3,0,0.0,0.0,0.0,0.0,11,4.2222,16,5,21.0,22.0,5,0,0
8ebdb0b3-2c32-494c-b6b3-b6162684d288,2026-10-10T06:05:44.834142+00:00,36,forecast,C,NS,0,0,0,0,0,0,0.0,0.0,0.0,0.0,11,4.2222,16,5,21.0,22.0,5,0,0
8ebdb0b3-2c32-494c-b6b3-b6162684d288,2026-10-10T06:05:44.834142+00:00,36,forecast,D,NS,0,0,0,0,8,0,0.0,0.0,0.0,0.0,11,4.2222,16,5,21.0,22.0,5,0,0
8ebdb0b3-2c32-494c-b6b3-b6162684d288,2026-10-10T06:05:45.821464+00:00,37,forecast,A,NS,1,0,0,0,0,0,0.0,0.0,0.0,0.0,11,4.4054,16,5,21.0,22.0,5,0,0
8ebdb0b3-2c32-494c-b6b3-b6162684d288,2026-10-10T06:05:45.821464+00:00,37,forecast,B,NS,1,0,0,0,4,0,0.0,0.0,0.0,0.0,11,4.4054,16,5,21.0,22.0,5,0,0
8ebdb0b3-2c32-494c-b6b3-b6162684d288,2026-10-10T06:05:45.821464+00:00,37,forecast,C,NS,1,0,0,0,0,0,0.0,0.0,0.0,0.0,11,4.4054,16,5,21.0,22.0,5,0,0
8ebdb0b3-2c32-494c-b6b3-b6162684d288,2026-10-10T06:05:45.821464+00:00,37,forecast,D,NS,1,0,0,0,7,0,0.0,0.0,0.0,0.0,11,4.4054,16,5,21.0,22.0,5,0,0
8ebdb0b3-2c32-494c-b6b3-b6162684d288,2026-10-10T06:05:46.824516+00:00,38,forecast,A,NS,0,0,0,0,0,0,0.0,0.0,0.0,0.0,11,4.5789,16,5,21.0,22.0,5,0,0
8ebdb0b3-2c32-494c-b6b3-b6162684d288,2026-10-10T06:05:46.824516+00:00,38,forecast,B,NS,0,0,0,0,5,0,0.0,0.0,0.0,0.0,11,4.5789,16,5,21.0,22.0,5,0,0
8ebdb0b3-2c32-494c-b6b3-b6162684d288,2026-10-10T06:05:46.824516+00:00,38,forecast,C,NS,0,0,0,0,0,0,0.0,0.0,0.0,0.0,11,4.5789,16,5,21.0,22.0,5,0,0
8ebdb0b3-2c32-494c-b6b3-b6162684d288,2026-10-10T06:05:46.824516+00:00,38,forecast,D,NS,0,0,0,0,6,0,0.0,0.0,0.0,0.0,11,4.5789,16,5,21.0,22.0,5,0,0
8ebdb0b3-2c32-494c-b6b3-b6162684d288,2026-10-10T06:05:47.820119+00:00,39,forecast,A,NS,1,0,0,0,0,0,0.0,0.0,0.0,0.0,11,4.7436,16,5,21.0,22.0,5,0,0
8ebdb0b3-2c32-494c-b6b3-b6162684d288,2026-10-10T06:05:47.820119+00:00,39,forecast,B,NS,1,0,0,0,6,0,0.0,0.0,0.0,0.0,11,4.7436,16,5,21.0,22.0,5,0,0
8ebdb0b3-2c32-494c-b6b3-b6162684d288,2026-10-10T06:05:47.820119+00:00,39,forecast,C,NS,1,0,0,0,0,0,0.0,0.0,0.0,0.0,11,4.7436,16,5,21.0,22.0,5,0,0
8ebdb0b3-2c32-494c-b6b3-b6162684d288,2026-10-10T06:05:47.820119+00:00,39,forecast,D,NS,1,0,0,0,5,0,0.0,0.0,0.0,0.0,11,4.7436,16,5,21.0,22.0,5,0,0
8ebdb0b3-2c32-494c-b6b3-b6162684d288,2026-10-10T06:05:48.841777+00:00,40,forecast,A,NS,0,0,0,1,0,0,0.0,0.0,0.0,0.0,11,4.9,16,5,21.0,22.0,5,0,0
8ebdb0b3-2c32-494c-b6b3-b6162684d288,2026-10-10T06:05:48.841777+00:00,40,forecast,B,NS,0,0,0,0,6,0,0.0,0.0,0.0,0.0,11,4.9,16,5,21.0,22.0,5,0,0
8ebdb0b3-2c32-494c-b6b3-b6162684d288,2026-10-10T06:05:48.841777+00:00,40,forecast,C,NS,0,0,0,0,0,0,0.0,0.0,0.0,0.0,11,4.9,16,5,21.0,22.0,5,0,0
8ebdb0b3-2c32-494c-b6b3-b6162684d288,2026-10-10T06:05:48.841777+00:00,40,forecast,D,NS,0,0,0,0,4,0,0.0,0.0,0.0,0.0,11,4.9,16,5,21.0,22.0,5,0,0
8ebdb0b3-2c32-494c-b6b3-b6162684d288,2026-10-10T06:05:49.818981+00:00,41,forecast,A,CLEAR,0,1,0,1,0,0,0.0,0.0,0.0,0.0,11,5.0488,16,5,21.0,22.0,5,0,0
8ebdb0b3-2c32-494c-b6b3-b6162684d288,2026-10-10T06:05:49.818981+00:00,41,forecast,B,NS,1,0,0,0,7,0,0.0,0.0,0.0,0.0,11,5.0488,16,5,21.0,22.0,5,0,0
8ebdb0b3-2c32-494c-b6b3-b6162684d288,2026-10-10T06:05:49.818981+00:00,41,forecast,C,NS,1,0,0,0,0,0,0.0,0.0,0.0,0.0,11,5.0488,16,5,21.0,22.0,5,0,0
8ebdb0b3-2c32-494c-b6b3-b6162684d288,2026-10-10T06:05:49.818981+00:00,41,forecast,D,NS,1,0,0,0,3,0,0.0,0.0,0.0,0.0,11,5.0488,16,5,21.0,22.0,5,0,0
8ebdb0b3-2c32-494c-b6b3-b6162684d288,2026-10-10T06:05:50.840717+00:00,42,forecast,A,EW,1,0,0,1,0,0,0.0,0.0,0.0,0.0,11,5.1905,16,5,21.0,22.0,5,0,0
8ebdb0b3-2c32-494c-b6b3-b6162684d288,2026-10-10T06:05:50.840717+00:00,42,forecast,B,NS,0,0,0,0,8,0,0.0,0.0,0.0,0.0,11,5.1905,16,5,21.0,22.0,5,0,0
8ebdb0b3-2c32-494c-b6b3-b6162684d288,2026-10-10T06:05:50.840717+00:00,42,forecast,C,NS,0,0,0,0,0,0,0.0,0.0,0.0,0.0,11,5.1905,16,5,21.0,22.0,5,0,0
8ebdb0b3-2c32-494c-b6b3-b6162684d288,2026-10-10T06:05:50.840717+00:00,42,forecast,D,NS,0,0,0,0,2,0,0.0,0.0,0.0,0.0,11,5.1905,16,5,21.0,22.0,5,0,0
8ebdb0b3-2c32-494c-b6b3-b6162684d288,2026-10-10T06:05:51.837460+00:00,43,forecast,A,EW,0,0,0,2,0,0,0.0,0.0,0.0,0.0,11,5.3256,16,5,21.0,22.0,5,0,1
8ebdb0b3-2c32-494c-b6b3-b6162684d288,2026-10-10T06:05:51.837460+00:00,43,forecast,B,NS,1,0,0,0,7,0,0.0,0.0,0.0,0.0,11,5.3256,16,5,21.0,22.0,5,0,1
8ebdb0b3-2c32-494c-b6b3-b6162684d288,2026-10-10T06:05:51.837460+00:00,43,forecast,C,NS,1,0,0,0,0,0,0.0,0.0,0.0,0.0,11,5.3256,16,5,21.0,22.0,5,0,1
8ebdb0b3-2c32-494c-b6b3-b6162684d288,2026-10-10T06:05:51.837460+00:00,43,forecast,D,NS,1,0,0,0,2,0,0.0,0.0,0.0,0.0,11,5.3256,16,5,21.0,22.0,5,0,1
8ebdb0b3-2c32-494c-b6b3-b6162684d288,2026-10-10T06:05:52.850507+00:00,44,forecast,A,EW,1,0,0,3,0,0,0.0,0.0,0.0,0.0,11,5.4545,16,5,21.0,22.0,5,0,2
8ebdb0b3-2c32-494c-b6b3-b6162684d288,2026-10-10T06:05:52.850507+00:00,44,forecast,B,NS,0,0,0,0,6,0,0.0,0.0,0.0,0.0,11,5.4545,16,5,21.0,22.0,5,0,2
8ebdb0b3-2c32-494c-b6b3-b6162684d288,2026-10-10T06:05:52.850507+00:00,44,forecast,C,NS,0,0,0,0,0,0,0.0,0.0,0.0,0.0,11,5.4545,16,5,21.0,22.0,5,0,2
8ebdb0b3-2c32-494c-b6b3-b6162684d288,2026-10-10T06:05:52.850507+00:00,44,forecast,D,NS,0,0,0,0,2,0,0.0,0.0,0.0,0.0,11,5.4545,16,5,21.0,22.0,5,0,2
8ebdb0b3-2c32-494c-b6b3-b6162684d288,2026-10-10T06:05:53.844348+00:00,45,forecast,A,EW,0,0,0,4,0,0,0.0,0.0,0.0,0.0,11,5.5778,16,5,21.0,22.0,5,0,3
8ebdb0b3-2c32-494c-b6b3-b6162684d288,2026-10-10T06:05:53.844348+00:00,45,forecast,B,NS,1,0,0,0,5,0,0.0,0.0,0.0,0.0,11,5.5778,16,5,21.0,22.0,5,0,3
8ebdb0b3-2c32-494c-b6b3-b6162684d288,2026-10-10T06:05:53.844348+00:00,45,forecast,C,NS,1,0,0,0,0,0,0.0,0.0,0.0,0.0,11,5.5778,16,5,21.0,22.0,5,0,3
8ebdb0b3-2c32-494c-b6b3-b6162684d288,2026-10-10T06:05:53.844348+00:00,45,forecast,D,NS,1,0,0,0,2,0,0.0,0.0,0.0,0.0,11,5.5778,16,5,21.0,22.0,5,0,3
8ebdb0b3-2c32-494c-b6b3-b6162684d288,2026-10-10T06:05:54.848264+00:00,46,forecast,A,EW,1,0,0,5,0,0,0.0,0.0,0.0,0.0,11,5.6957,16,5,21.0,22.0,5,0,4
8ebdb0b3-2c32-494c-b6b3-b6162684d288,2026-10-10T06:05:54.848264+00:00,46,forecast,B,NS,0,0,0,0,4,0,0.0,0.0,0.0,0.0,11,5.6957,16,5,21.0,22.0,5,0,4
8ebdb0b3-2c32-494c-b6b3-b6162684d288,2026-10-10T06:05:54.848264+00:00,46,forecast,C,NS,0,0,0,0,0,0,0.0,0.0,0.0,0.0,11,5.6957,16,5,21.0,22.0,5,0,4
8ebdb0b3-2c32-494c-b6b3-b6162684d288,2026-10-10T06:05:54.848264+00:00,46,forecast,D,NS,0,0,0,0,2,0,0.0,0.0,0.0,0.0,11,5.6957,16,5,21.0,22.0,5,0,4
8ebdb0b3-2c32-494c-b6b3-b6162684d288,2026-10-10T06:05:55.842829+00:00,47,forecast,A,EW,0,0,0,6,0,0,0.0,0.0,0.0,0.0,11,5.8085,16,5,21.0,22.0,5,0,5
8ebdb0b3-2c32-494c-b6b3-b6162684d288,2026-10-10T06:05:55.842829+00:00,47,forecast,B,NS,1,0,0,0,3,0,0.0,0.0,0.0,0.0,11,5.8085,16,5,21.0,22.0,5,0,5
8ebdb0b3-2c32-494c-b6b3-b6162684d288,2026-10-10T06:05:55.842829+00:00,47,forecast,C,NS,1,0,0,0,0,0,0.0,0.0,0.0,0.0,11,5.8085,16,5,21.0,22.0,5,0,5
8ebdb0b3-2c32-494c-b6b3-b6162684d288,2026-10-10T06:05:55.842829+00:00,47,forecast,D,NS,1,0,0,0,2,0,0.0,0.0,0.0,0.0,11,5.8085,16,5,21.0,22.0,5,0,5
8ebdb0b3-2c32-494c-b6b3-b6162684d288,2026-10-10T06:05:56.838675+00:00,48,forecast,A,EW,1,0,0,6,0,0,0.0,0.0,0.0,0.0,10,5.8958,16,6,20.6667,21.6667,6,0,6
8ebdb0b3-2c32-494c-b6b3-b6162684d288,2026-10-10T06:05:56.838675+00:00,48,forecast,B,NS,0,0,0,0,2,0,0.0,0.0,0.0,0.0,10,5.8958,16,6,20.6667,21.6667,6,0,6
8ebdb0b3-2c32-494c-b6b3-b6162684d288,2026-10-10T06:05:56.838675+00:00,48,forecast,C,NS,0,0,0,0,0,0,0.0,0.0,0.0,0.0,10,5.8958,16,6,20.6667,21.6667,6,0,6
8ebdb0b3-2c32-494c-b6b3-b6162684d288,2026-10-10T06:05:56.838675+00:00,48,forecast,D,NS,0,0,0,0,2,0,0.0,0.0,0.0,0.0,10,5.8958,16,6,20.6667,21.6667,6,0,6
8ebdb0b3-2c32-494c-b6b3-b6162684d288,2026-10-10T06:05:57.851696+00:00,49,forecast,A,EW,0,0,0,7,0,0,0.0,0.0,0.0,0.0,10,5.9796,16,6,20.6667,21.6667,6,0,7
8ebdb0b3-2c32-494c-b6b3-b6162684d288,2026-10-10T06:05:57.851696+00:00,49,forecast,B,NS,1,0,0,0,1,0,0.0,0.0,0.0,0.0,10,5.9796,16,6,20.6667,21.6667,6,0,7
8ebdb0b3-2c32-494c-b6b3-b6162684d288,2026-10-10T06:05:57.851696+00:00,49,forecast,C,NS,1,0,0,0,0,0,0.0,0.0,0.0,0.0,10,5.9796,16,6,20.6667,21.6667,6,0,7
8ebdb0b3-2c32-494c-b6b3-b6162684d288,2026-10-10T06:05:57.851696+00:00,49,forecast,D,NS,1,0,0,0,2,0,0.0,0.0,0.0,0.0,10,5.9796,16,6,20.6667,21.6667,6,0,7
8ebdb0b3-2c32-494c-b6b3-b6162684d288,2026-10-10T06:05:58.833397+00:00,50,forecast,A,EW,1,0,0,8,0,0,0.0,0.0,0.0,0.0,10,6.06,16,6,20.6667,21.6667,6,0,8
8ebdb0b3-2c32-494c-b6b3-b6162684d288,2026-10-10T06:05:58.833397+00:00,50,forecast,B,NS,0,0,0,0,0,0,0.0,0.0,0.0,0.0,10,6.06,16,6,20.6667,21.6667,6,0,8
8ebdb0b3-2c32-494c-b6b3-b6162684d288,2026-10-10T06:05:58.833397+00:00,50,forecast,C,NS,0,0,0,0,0,0,0.0,0.0,0.0,0.0,10,6.06,16,6,20.6667,21.6667,6,0,8
8ebdb0b3-2c32-494c-b6b3-b6162684d288,2026-10-10T06:05:58.833397+00:00,50,forecast,D,NS,0,0,0,0,2,0,0.0,0.0,0.0,0.0,10,6.06,16,6,20.6667,21.6667,6,0,8
8ebdb0b3-2c32-494c-b6b3-b6162684d288,2026-10-10T06:05:59.826643+00:00,51,forecast,A,EW,0,0,0,7,0,0,0.0,0.0,0.0,0.0,9,6.1176,16,7,20.4286,21.4286,7,0,9
8ebdb0b3-2c32-494c-b6b3-b6162684d288,2026-10-10T06:05:59.826643+00:00,51,forecast,B,NS,1,0,0,0,0,0,0.0,0.0,0.0,0.0,9,6.1176,16,7,20.4286,21.4286,7,0,9
8ebdb0b3-2c32-494c-b6b3-b6162684d288,2026-10-10T06:05:59.826643+00:00,51,forecast,C,NS,1,0,0,0,0,0,0.0,0.0,0.0,0.0,9,6.1176,16,7,20.4286,21.4286,7,0,9
8ebdb0b3-2c32-494c-b6b3-b6162684d288,2026-10-10T06:05:59.826643+00:00,51,forecast,D,NS,1,0,0,0,2,0,0.0,0.0,0.0,0.0,9,6.1176,16,7,20.4286,21.4286,7,0,9
8ebdb0b3-2c32-494c-b6b3-b6162684d288,2026-10-10T06:06:00.832295+00:00,52,forecast,A,EW,4,0,0,6,0,2,0.0,0.0,0.0,2.046,11,6.2115,19,8,20.375,21.375,8,0,10
8ebdb0b3-2c32-494c-b6b3-b6162684d288,2026-10-10T06:06:00.832295+00:00,52,forecast,B,NS,0,0,0,1,0,0,0.0,1.023,0.0,0.0,11,6.2115,19,8,20.375,21.375,8,0,10
8ebdb0b3-2c32-494c-b6b3-b6162684d288,2026-10-10T06:06:00.832295+00:00,52,forecast,C,NS,0,0,0,0,0,0,0.0,0.0,0.0,0.0,11,6.2115,19,8,20.375,21.375,8,0,10
8ebdb0b3-2c32-494c-b6b3-b6162684d288,2026-10-10T06:06:00.832295+00:00,52,forecast,D,NS,0,0,0,0,2,0,0.0,0.0,0.0,0.0,11,6.2115,19,8,20.375,21.375,8,0,10
8ebdb0b3-2c32-494c-b6b3-b6162684d288,2026-10-10T06:06:01.845983+00:00,53,forecast,A,EW,3,0,0,5,0,3,0.0,0.0,0.0,1.5665,13,6.3396,22,9,20.3333,21.3333,9,0,11
8ebdb0b3-2c32-494c-b6b3-b6162684d288,2026-10-10T06:06:01.845983+00:00,53,forecast,B,CLEAR,0,1,0,2,0,0,0.0,1.0443,0.0,0.0,13,6.3396,22,9,20.3333,21.3333,9,0,11
8ebdb0b3-2c32-494c-b6b3-b6162684d288,2026-10-10T06:06:01.845983+00:00,53,forecast,C,NS,1,0,0,0,0,0,0.0,0.0,0.0,0.0,13,6.3396,22,9,20.3333,21.3333,9,0,11
8ebdb0b3-2c32-494c-b6b3-b6162684d288,2026-10-10T06:06:01.845983+00:00,53,forecast,D,NS,2,0,0,0,3,0,0.0,0.0,0.5222,0.0,13,6.3396,22,9,20.3333,21.3333,9,0,11
8ebdb0b3-2c32-494c-b6b3-b6162684d288,2026-10-10T06:06:02.843920+00:00,54,forecast,A,EW,2,0,0,4,0,4,0.0,0.0,0.0,1.4157,15,6.5,25,10,20.4,21.4,10,0,12
8ebdb0b3-2c32-494c-b6b3-b6162684d288,2026-10-10T06:06:02.843920+00:00,54,forecast,B,EW,2,0,0,2,0,0,0.0,0.7079,0.0,0.0,15,6.5,25,10,20.4,21.4,10,0,12
8ebdb0b3-2c32-494c-b6b3-b6162684d288,2026-10-10T06:06:02.843920+00:00,54,forecast,C,NS,0,0,0,0,2,0,0.0,0.0,0.7079,0.0,15,6.5,25,10,20.4,21.4,10,0,12
8ebdb0b3-2c32-494c-b6b3-b6162684d288,2026-10-10T06:06:02.843920+00:00,54,forecast,D,NS,1,0,0,0,3,0,0.0,0.0,0.3539,0.0,15,6.5,25,10,20.4,21.4,10,0,12
8ebdb0b3-2c32-494c-b6b3-b6162684d288,2026-10-10T06:06:03.824332+00:00,55,forecast,A,EW,1,0,1,4,0,4,0.2626,0.0,0.0,1.3129,17,6.6909,28,11,20.5455,21.5455,11,0,13
8ebdb0b3-2c32-494c-b6b3-b6162684d288,2026-10-10T06:06:03.824332+00:00,55,forecast,B,EW,1,0,0,1,0,1,0.0,0.5251,0.0,0.0,17,6.6909,28,11,20.5455,21.5455,11,0,13
8ebdb0b3-2c32-494c-b6b3-b6162684d288,2026-10-10T06:06:03.824332+00:00,55,forecast,C,NS,1,0,0,0,2,1,0.0,0.0,0.5251,0.2626,17,6.6909,28,11,20.5455,21.5455,11,0,13
8ebdb0b3-2c32-494c-b6b3-b6162684d288,2026-10-10T06:06:03.824332+00:00,55,forecast,D,NS,0,0,0,0,3,0,0.0,0.0,0.2626,0.0,17,6.6909,28,11,20.5455,21.5455,11,0,13
8ebdb0b3-2c32-494c-b6b3-b6162684d288,2026-10-10T06:06:04.825737+00:00,56,forecast,A,EW,0,0,1,4,0,4,0.2152,0.0,0.0,1.2909,19,6.9107,31,12,20.75,21.75,12,0,14
8ebdb0b3-2c32-494c-b6b3-b6162684d288,2026-10-10T06:06:04.825737+00:00,56,forecast,B,EW,0,0,0,0,0,2,0.0,0.4303,0.0,0.0,19,6.9107,31,12,20.75,21.75,12,0,14
8ebdb0b3-2c32-494c-b6b3-b6162684d288,2026-10-10T06:06:04.825737+00:00,56,forecast,C,NS,0,0,0,0,3,2,0.0,0.0,0.6455,0.4303,19,6.9107,31,12,20.75,21.75,12,0,14
8ebdb0b3-2c32-494c-b6b3-b6162684d288,2026-10-10T06:06:04.825737+00:00,56,forecast,D,NS,1,0,0,0,3,0,0.0,0.0,0.2152,0.0,19,6.9107,31,12,20.75,21.75,12,0,14
8ebdb0b3-2c32-494c-b6b3-b6162684d288,2026-10-10T06:06:05.825043+00:00,57,forecast,A,EW,2,0,1,3,1,3,0.2085,0.0,0.0,0.8342,21,7.1579,34,13,21.0,22.0,13,0,15
8ebdb0b3-2c32-494c-b6b3-b6162684d288,2026-10-10T06:06:05.825043+00:00,57,forecast,B,EW,1,0,1,0,0,3,0.2085,0.2085,0.0,0.0,21,7.1579,34,13,21.0,22.0,13,0,15
8ebdb0b3-2c32-494c-b6b3-b6162684d288,2026-10-10T06:06:05.825043+00:00,57,forecast,C,NS,2,0,0,0,3,2,0.0,0.0,0.8342,0.4171,21,7.1579,34,13,21.0,22.0,13,0,15
8ebdb0b3-2c32-494c-b6b3-b6162684d288,2026-10-10T06:06:05.825043+00:00,57,forecast,D,NS,0,0,0,0,4,0,0.0,0.0,0.4171,0.0,21,7.1579,34,13,21.0,22.0,13,0,15
8ebdb0b3-2c32-494c-b6b3-b6162684d288,2026-10-10T06:06:06.826590+00:00,58,forecast,A,EW,1,0,1,2,2,3,0.2058,0.0,0.0,0.8232,23,7.431,37,14,21.2143,22.2143,14,0,16
8ebdb0b3-2c32-494c-b6b3-b6162684d288,2026-10-10T06:06:06.826590+00:00,58,forecast,B,EW,0,0,1,1,0,4,0.2058,0.2058,0.0,0.0,23,7.431,37,14,21.2143,22.2143,14,0,16
8ebdb0b3-2c32-494c-b6b3-b6162684d288,2026-10-10T06:06:06.826590+00:00,58,forecast,C,NS,1,0,0,0,2,3,0.0,0.0,0.8232,0.6174,23,7.431,37,14,21.2143,22.2143,14,0,16
8ebdb0b3-2c32-494c-b6b3-b6162684d288,2026-10-10T06:06:06.826590+00:00,58,forecast,D,NS,2,0,0,0,4,0,0.0,0.0,0.2058,0.0,23,7.431,37,14,21.2143,22.2143,14,0,16
8ebdb0b3-2c32-494c-b6b3-b6162684d288,2026-10-10T06:06:07.828664+00:00,59,forecast,A,EW,0,0,2,2,3,3,0.4128,0.0,0.0,0.8256,26,7.7458,40,14,21.2143,22.2143,14,0,17
8ebdb0b3-2c32-494c-b6b3-b6162684d288,2026-10-10T06:06:07.828664+00:00,59,forecast,B,EW,1,0,1,1,0,5,0.2064,0.2064,0.0,0.0,26,7.7458,40,14,21.2143,22.2143,14,0,17
8ebdb0b3-2c32-494c-b6b3-b6162684d288,2026-10-10T06:06:07.828664+00:00,59,forecast,C,NS,0,0,0,0,2,3,0.0,0.0,0.6192,0.6192,26,7.7458,40,14,21.2143,22.2143,14,0,17
8ebdb0b3-2c32-494c-b6b3-b6162684d288,2026-10-10T06:06:07.828664+00:00,59,forecast,D,NS,1,0,0,0,4,0,0.0,0.0,0.2064,0.0,26,7.7458,40,14,21.2143,22.2143,14,0,17
8ebdb0b3-2c32-494c-b6b3-b6162684d288,2026-10-10T06:06:08.837825+00:00,60,forecast,A,EW,2,0,2,2,4,2,0.2077,0.0,0.0,0.6231,29,8.1,43,14,21.2143,22.2143,14,0,18
8ebdb0b3-2c32-494c-b6b3-b6162684d288,2026-10-10T06:06:08.837825+00:00,60,forecast,B,EW,0,0,1,1,0,6,0.2077,0.2077,0.0,0.0,29,8.1,43,14,21.2143,22.2143,14,0,18
8ebdb0b3-2c32-494c-b6b3-b6162684d288,2026-10-10T06:06:08.837825+00:00,60,forecast,C,NS,2,0,0,0,3,3,0.0,0.0,1.0385,0.4154,29,8.1,43,14,21.2143,22.2143,14,0,18
8ebdb0b3-2c32-494c-b6b3-b6162684d288,2026-10-10T06:06:08.837825+00:00,60,forecast,D,NS,0,0,0,1,4,0,0.0,0.2077,0.2077,0.0,29,8.1,43,14,21.2143,22.2143,14,0,18
8ebdb0b3-2c32-494c-b6b3-b6162684d288,2026-10-10T06:06:09.827816+00:00,61,forecast,A,EW,1,0,2,3,4,1,0.2143,0.0,0.0,0.4286,32,8.4918,46,14,21.2143,22.2143,14,0,19
8ebdb0b3-2c32-494c-b6b3-b6162684d288,2026-10-10T06:06:09.827816+00:00,61,forecast,B,EW,2,0,2,0,0,7,0.4286,0.2143,0.0,0.0,32,8.4918,46,14,21.2143,22.2143,14,0,19
8ebdb0b3-2c32-494c-b6b3-b6162684d288,2026-10-10T06:06:09.827816+00:00,61,forecast,C,NS,1,0,0,0,3,4,0.0,0.0,0.8571,0.4286,32,8.4918,46,14,21.2143,22.2143,14,0,19
8ebdb0b3-2c32-494c-b6b3-b6162684d288,2026-10-10T06:06:09.827816+00:00,61,forecast,D,NS,2,0,0,1,5,0,0.0,0.2143,0.4286,0.0,32,8.4918,46,14,21.2143,22.2143,14,0,19
8ebdb0b3-2c32-494c-b6b3-b6162684d288,2026-10-10T06:06:10.853888+00:00,62,forecast,A,EW,0,0,2,3,5,1,0.2187,0.0,0.0,0.656,35,8.9194,49,14,21.2143,22.2143,14,0,20
8ebdb0b3-2c32-494c-b6b3-b6162684d288,2026-10-10T06:06:10.853888+00:00,62,forecast,B,EW,1,0,2,0,0,8,0.2187,0.2187,0.0,0.0,35,8.9194,49,14,21.2143,22.2143,14,0,20
8ebdb0b3-2c32-494c-b6b3-b6162684d288,2026-10-10T06:06:10.853888+00:00,62,forecast,C,NS,0,0,0,0,2,4,0.0,0.0,0.656,0.4373,35,8.9194,49,14,21.2143,22.2143,14,0,20
8ebdb0b3-2c32-494c-b6b3-b6162684d288,2026-10-10T06:06:10.853888+00:00,62,forecast,D,NS,1,0,0,3,5,0,0.0,0.656,0.2187,0.0,35,8.9194,49,14,21.2143,22.2143,14,0,20
8ebdb0b3-2c32-494c-b6b3-b6162684d288,2026-10-10T06:06:11.854345+00:00,63,forecast,A,EW,2,0,2,2,6,2,0.2184,0.0,0.0,0.6553,37,9.3651,52,15,20.5333,21.5333,15,0,22
8ebdb0b3-2c32-494c-b6b3-b6162684d288,2026-10-10T06:06:11.854345+00:00,63,forecast,B,EW,0,0,2,0,0,8,0.2184,0.0,0.0,0.0,37,9.3651,52,15,20.5333,21.5333,15,0,22
8ebdb0b3-2c32-494c-b6b3-b6162684d288,2026-10-10T06:06:11.854345+00:00,63,forecast,C,NS,2,0,0,0,2,5,0.0,0.0,0.8737,0.4369,37,9.3651,52,15,20.5333,21.5333,15,0,22
8ebdb0b3-2c32-494c-b6b3-b6162684d288,2026-10-10T06:06:11.854345+00:00,63,forecast,D,NS,0,0,0,3,5,0,0.0,0.6553,0.2184,0.0,37,9.3651,52,15,20.5333,21.5333,15,0,22
8ebdb0b3-2c32-494c-b6b3-b6162684d288,2026-10-10T06:06:12.837510+00:00,64,forecast,A,EW,1,0,2,1,7,3,0.0,0.0,0.0,0.6461,39,9.8281,55,16,19.9375,20.9375,16,0,24
8ebdb0b3-2c32-494c-b6b3-b6162684d288,2026-10-10T06:06:12.837510+00:00,64,forecast,B,EW,2,0,2,1,0,8,0.2154,0.2154,0.0,0.0,39,9.8281,55,16,19.9375,20.9375,16,0,24
8ebdb0b3-2c32-494c-b6b3-b6162684d288,2026-10-10T06:06:12.837510+00:00,64,forecast,C,NS,1,0,0,0,1,6,0.0,0.0,0.6461,0.6461,39,9.8281,55,16,19.9375,20.9375,16,0,24
8ebdb0b3-2c32-494c-b6b3-b6162684d288,2026-10-10T06:06:12.837510+00:00,64,forecast,D,NS,2,0,0,3,5,0,0.0,0.6461,0.2154,0.0,39,9.8281,55,16,19.9375,20.9375,16,0,24
8ebdb0b3-2c32-494c-b6b3-b6162684d288,2026-10-10T06:06:13.849229+00:00,65,forecast,A,EW,0,0,2,1,7,4,0.0,0.0,0.0,1.09,42,10.3231,58,16,19.9375,20.9375,16,0,26
8ebdb0b3-2c32-494c-b6b3-b6162684d288,2026-10-10T06:06:13.849229+00:00,65,forecast,B,EW,1,0,2,1,0,9,0.218,0.218,0.0,0.0,42,10.3231,58,16,19.9375,20.9375,16,0,26
8ebdb0b3-2c32-494c-b6b3-b6162684d288,2026-10-10T06:06:13.849229+00:00,65,forecast,C,NS,0,0,0,0,2,6,0.0,0.0,0.436,0.654,42,10.3231,58,16,19.9375,20.9375,16,0,26
8ebdb0b3-2c32-494c-b6b3-b6162684d288,2026-10-10T06:06:13.849229+00:00,65,forecast,D,NS,1,0,0,3,5,0,0.0,0.436,0.218,0.0,42,10.3231,58,16,19.9375,20.9375,16,0,26
8ebdb0b3-2c32-494c-b6b3-b6162684d288,2026-10-10T06:06:14.839980+00:00,66,forecast,A,EW,3,0,2,1,7,5,0.0,0.0,0.0,1.5151,45,10.8485,61,16,19.9375,20.9375,16,0,28
8ebdb0b3-2c32-494c-b6b3-b6162684d288,2026-10-10T06:06:14.839980+00:00,66,forecast,B,EW,0,0,3,1,0,10,0.2164,0.2164,0.0,0.0,45,10.8485,61,16,19.9375,20.9375,16,0,28
8ebdb0b3-2c32-494c-b6b3-b6162684d288,2026-10-10T06:06:14.839980+00:00,66,forecast,C,CLEAR,0,1,0,0,2,6,0.0,0.0,0.4329,0.4329,45,10.8485,61,16,19.9375,20.9375,16,0,28
8ebdb0b3-2c32-494c-b6b3-b6162684d288,2026-10-10T06:06:14.839980+00:00,66,forecast,D,NS,0,0,0,3,5,0,0.0,0.4329,0.0,0.0,45,10.8485,61,16,19.9375,20.9375,16,0,28
8ebdb0b3-2c32-494c-b6b3-b6162684d288,2026-10-10T06:06:15.841527+00:00,67,forecast,A,EW,2,0,2,2,7,4,0.0,0.0,0.0,1.311,48,11.403,64,16,19.9375,20.9375,16,0,30
8ebdb0b3-2c32-494c-b6b3-b6162684d288,2026-10-10T06:06:15.841527+00:00,67,forecast,B,EW,2,0,4,0,0,11,0.437,0.2185,0.0,0.0,48,11.403,64,16,19.9375,20.9375,16,0,30
8ebdb0b3-2c32-494c-b6b3-b6162684d288,2026-10-10T06:06:15.841527+00:00,67,forecast,C,EW,2,0,0,0,2,6,0.0,0.0,0.437,0.6555,48,11.403,64,16,19.9375,20.9375,16,0,30
8ebdb0b3-2c32-494c-b6b3-b6162684d288,2026-10-10T06:06:15.841527+00:00,67,forecast,D,NS,2,0,0,3,6,1,0.0,0.0,0.2185,0.0,48,11.403,64,16,19.9375,20.9375,16,0,30
8ebdb0b3-2c32-494c-b6b3-b6162684d288,2026-10-10T06:06:16.833714+00:00,68,forecast,A,EW,1,0,3,2,7,3,0.2185,0.0,0.0,1.0927,51,11.9853,67,16,19.9375,20.9375,16,0,32
8ebdb0b3-2c32-494c-b6b3-b6162684d288,2026-10-10T06:06:16.833714+00:00,68,forecast,B,EW,1,0,4,0,0,12,0.4371,0.2185,0.0,0.0,51,11.9853,67,16,19.9375,20.9375,16,0,32
8ebdb0b3-2c32-494c-b6b3-b6162684d288,2026-10-10T06:06:16.833714+00:00,68,forecast,C,EW,1,0,0,0,3,5,0.0,0.0,0.4371,0.4371,51,11.9853,67,16,19.9375,20.9375,16,0,32
8ebdb0b3-2c32-494c-b6b3-b6162684d288,2026-10-10T06:06:16.833714+00:00,68,forecast,D,NS,1,0,0,3,7,2,0.0,0.0,0.4371,0.0,51,11.9853,67,16,19.9375,20.9375,16,0,32
8ebdb0b3-2c32-494c-b6b3-b6162684d288,2026-10-10T06:06:17.841145+00:00,69,forecast,A,EW,0,0,4,1,7,4,0.4225,0.0,0.0,1.0563,53,12.5797,70,17,19.4118,20.4118,17,1,34
8ebdb0b3-2c32-494c-b6b3-b6162684d288,2026-10-10T06:06:17.841145+00:00,69,forecast,B,EW,0,0,4,1,0,12,0.4225,0.2113,0.0,0.0,53,12.5797,70,17,19.4118,20.4118,17,1,34
8ebdb0b3-2c32-494c-b6b3-b6162684d288,2026-10-10T06:06:17.841145+00:00,69,forecast,C,EW,0,0,0,0,3,4,0.0,0.0,0.4225,0.2113,53,12.5797,70,17,19.4118,20.4118,17,1,34
8ebdb0b3-2c32-494c-b6b3-b6162684d288,2026-10-10T06:06:17.841145+00:00,69,forecast,D,NS,0,0,0,3,7,3,0.0,0.0,0.4225,0.0,53,12.5797,70,17,19.4118,20.4118,17,1,34
8ebdb0b3-2c32-494c-b6b3-b6162684d288,2026-10-10T06:06:18.841144+00:00,70,forecast,A,CLEAR,0,1,4,1,7,4,0.4134,0.0,0.0,0.6201,56,13.2,73,17,19.4118,20.4118,17,1,36
8ebdb0b3-2c32-494c-b6b3-b6162684d288,2026-10-10T06:06:18.841144+00:00,70,forecast,B,EW,2,0,4,1,0,12,0.4134,0.2067,0.0,0.0,56,13.2,73,17,19.4118,20.4118,17,1,36
8ebdb0b3-2c32-494c-b6b3-b6162684d288,2026-10-10T06:06:18.841144+00:00,70,forecast,C,EW,1,0,0,0,3,3,0.0,0.0,0.2067,0.2067,56,13.2,73,17,19.4118,20.4118,17,1,36
8ebdb0b3-2c32-494c-b6b3-b6162684d288,2026-10-10T06:06:18.841144+00:00,70,forecast,D,NS,3,0,0,3,10,4,0.0,0.0,1.0335,0.0,56,13.2,73,17,19.4118,20.4118,17,1,36
8ebdb0b3-2c32-494c-b6b3-b6162684d288,2026-10-10T06:06:19.867854+00:00,71,forecast,A,NS,3,0,3,1,7,6,0.4075,0.0,0.0,0.6112,59,13.8451,76,17,19.4118,20.4118,17,2,38
8ebdb0b3-2c32-494c-b6b3-b6162684d288,2026-10-10T06:06:19.867854+00:00,71,forecast,B,EW,1,0,4,1,0,12,0.2037,0.2037,0.0,0.0,59,13.8451,76,17,19.4118,20.4118,17,2,38
8ebdb0b3-2c32-494c-b6b3-b6162684d288,2026-10-10T06:06:19.867854+00:00,71,forecast,C,EW,0,0,1,0,4,2,0.0,0.0,0.4075,0.2037,59,13.8451,76,17,19.4118,20.4118,17,2,38
8ebdb0b3-2c32-494c-b6b3-b6162684d288,2026-10-10T06:06:19.867854+00:00,71,forecast,D,NS,2,0,0,3,10,5,0.0,0.0,1.0187,0.0,59,13.8451,76,17,19.4118,20.4118,17,2,38
8ebdb0b3-2c32-494c-b6b3-b6162684d288,2026-10-10T06:06:20.842042+00:00,72,forecast,A,NS,2,0,2,2,7,7,0.4118,0.0,0.0,0.8237,62,14.5139,79,17,19.4118,20.4118,17,3,40
8ebdb0b3-2c32-494c-b6b3-b6162684d288,2026-10-10T06:06:20.842042+00:00,72,forecast,B,EW,0,0,4,0,0,12,0.0,0.2059,0.0,0.0,62,14.5139,79,17,19.4118,20.4118,17,3,40
8ebdb0b3-2c32-494c-b6b3-b6162684d288,2026-10-10T06:06:20.842042+00:00,72,forecast,C,CLEAR,0,1,2,0,5,2,0.0,0.0,0.6177,0.0,62,14.5139,79,17,19.4118,20.4118,17,3,40
8ebdb0b3-2c32-494c-b6b3-b6162684d288,2026-10-10T06:06:20.842042+00:00,72,forecast,D,NS,1,0,0,3,11,5,0.0,0.0,1.0296,0.0,62,14.5139,79,17,19.4118,20.4118,17,3,40
8ebdb0b3-2c32-494c-b6b3-b6162684d288,2026-10-10T06:06:21.835823+00:00,73,forecast,A,NS,1,0,1,2,8,8,0.2128,0.0,0.0,1.0642,65,15.2055,82,17,19.4118,20.4118,17,4,42
8ebdb0b3-2c32-494c-b6b3-b6162684d288,2026-10-10T06:06:21.835823+00:00,73,forecast,B,EW,2,0,4,1,0,12,0.0,0.4257,0.0,0.0,65,15.2055,82,17,19.4118,20.4118,17,4,42
8ebdb0b3-2c32-494c-b6b3-b6162684d288,2026-10-10T06:06:21.835823+00:00,73,forecast,C,NS,2,0,3,0,4,2,0.0,0.0,0.4257,0.0,65,15.2055,82,17,19.4118,20.4118,17,4,42
8ebdb0b3-2c32-494c-b6b3-b6162684d288,2026-10-10T06:06:21.835823+00:00,73,forecast,D,NS,0,0,0,4,11,5,0.0,0.2128,0.8514,0.0,65,15.2055,82,17,19.4118,20.4118,17,4,42
8ebdb0b3-2c32-494c-b6b3-b6162684d288,2026-10-10T06:06:22.834164+00:00,74,forecast,A,NS,0,0,1,2,9,8,0.216,0.0,0.0,0.8641,68,15.9189,85,17,19.4118,20.4118,17,5,44
8ebdb0b3-2c32-494c-b6b3-b6162684d288,2026-10-10T06:06:22.834164+00:00,74,forecast,B,EW,1,0,4,1,0,12,0.0,0.216,0.0,0.0,68,15.9189,85,17,19.4118,20.4118,17,5,44
8ebdb0b3-2c32-494c-b6b3-b6162684d288,2026-10-10T06:06:22.834164+00:00,74,forecast,C,NS,1,0,4,0,3,2,0.0,0.0,0.4321,0.0,68,15.9189,85,17,19.4118,20.4118,17,5,44
8ebdb0b3-2c32-494c-b6b3-b6162684d288,2026-10-10T06:06:22.834164+00:00,74,forecast,D,NS,3,0,0,4,13,5,0.0,0.216,1.2962,0.0,68,15.9189,85,17,19.4118,20.4118,17,5,44
8ebdb0b3-2c32-494c-b6b3-b6162684d288,2026-10-10T06:06:23.859679+00:00,75,forecast,A,CLEAR,0,1,1,2,10,9,0.2134,0.0,0.0,1.067,71,16.6533,88,17,19.4118,20.4118,17,5,46
8ebdb0b3-2c32-494c-b6b3-b6162684d288,2026-10-10T06:06:23.859679+00:00,75,forecast,B,EW,0,0,4,2,0,12,0.0,0.4268,0.0,0.0,71,16.6533,88,17,19.4118,20.4118,17,5,46
8ebdb0b3-2c32-494c-b6b3-b6162684d288,2026-10-10T06:06:23.859679+00:00,75,forecast,C,NS,0,0,4,0,2,2,0.0,0.0,0.4268,0.0,71,16.6533,88,17,19.4118,20.4118,17,5,46
8ebdb0b3-2c32-494c-b6b3-b6162684d288,2026-10-10T06:06:23.859679+00:00,75,forecast,D,NS,2,0,0,4,14,5,0.0,0.2134,0.8536,0.0,71,16.6533,88,17,19.4118,20.4118,17,5,46
8ebdb0b3-2c32-494c-b6b3-b6162684d288,2026-10-10T06:06:24.859456+00:00,76,forecast,A,EW,3,0,1,2,11,10,0.2114,0.0,0.0,0.8456,73,17.3947,91,18,19.0,20.0,18,6,48
8ebdb0b3-2c32-494c-b6b3-b6162684d288,2026-10-10T06:06:24.859456+00:00,76,forecast,B,EW,3,0,4,2,0,12,0.0,0.6342,0.0,0.0,73,17.3947,91,18,19.0,20.0,18,6,48
8ebdb0b3-2c32-494c-b6b3-b6162684d288,2026-10-10T06:06:24.859456+00:00,76,forecast,C,NS,2,0,4,0,1,2,0.0,0.0,0.2114,0.0,73,17.3947,91,18,19.0,20.0,18,6,48
8ebdb0b3-2c32-494c-b6b3-b6162684d288,2026-10-10T06:06:24.859456+00:00,76,forecast,D,NS,1,0,0,5,14,5,0.0,0.4228,0.8456,0.0,73,17.3947,91,18,19.0,20.0,18,6,48
8ebdb0b3-2c32-494c-b6b3-b6162684d288,2026-10-10T06:06:25.836120+00:00,77,forecast,A,EW,2,0,2,2,12,10,0.4187,0.0,0.0,0.6281,76,18.1558,94,18,19.0,20.0,18,7,50
8ebdb0b3-2c32-494c-b6b3-b6162684d288,2026-10-10T06:06:25.836120+00:00,77,forecast,B,EW,2,0,5,3,0,12,0.2094,0.8374,0.0,0.0,76,18.1558,94,18,19.0,20.0,18,7,50
8ebdb0b3-2c32-494c-b6b3-b6162684d288,2026-10-10T06:06:25.836120+00:00,77,forecast,C,NS,1,0,4,0,0,2,0.0,0.0,0.0,0.0,76,18.1558,94,18,19.0,20.0,18,7,50
8ebdb0b3-2c32-494c-b6b3-b6162684d288,2026-10-10T06:06:25.836120+00:00,77,forecast,D,NS,0,0,0,5,14,5,0.0,0.4187,0.6281,0.0,76,18.1558,94,18,19.0,20.0,18,7,50
8ebdb0b3-2c32-494c-b6b3-b6162684d288,2026-10-10T06:06:26.832102+00:00,78,forecast,A,EW,1,0,2,3,12,10,0.4192,0.0,0.0,0.4192,79,18.9359,97,18,19.0,20.0,18,8,52
8ebdb0b3-2c32-494c-b6b3-b6162684d288,2026-10-10T06:06:26.832102+00:00,78,forecast,B,EW,1,0,6,2,0,12,0.4192,0.6288,0.0,0.0,79,18.9359,97,18,19.0,20.0,18,8,52
8ebdb0b3-2c32-494c-b6b3-b6162684d288,2026-10-10T06:06:26.832102+00:00,78,forecast,C,NS,0,0,4,0,2,2,0.0,0.0,0.4192,0.0,79,18.9359,97,18,19.0,20.0,18,8,52
8ebdb0b3-2c32-494c-b6b3-b6162684d288,2026-10-10T06:06:26.832102+00:00,78,forecast,D,NS,2,0,0,5,14,5,0.0,0.2096,0.6288,0.0,79,18.9359,97,18,19.0,20.0,18,8,52
8ebdb0b3-2c32-494c-b6b3-b6162684d288,2026-10-10T06:06:27.835734+00:00,79,forecast,A,EW,0,0,2,4,12,12,0.2106,0.0,0.0,0.8423,81,19.7215,100,19,19.2632,20.2632,19,9,54
8ebdb0b3-2c32-494c-b6b3-b6162684d288,2026-10-10T06:06:27.835734+00:00,79,forecast,B,EW,0,0,6,1,0,12,0.4212,0.6317,0.0,0.0,81,19.7215,100,19,19.2632,20.2632,19,9,54
8ebdb0b3-2c32-494c-b6b3-b6162684d288,2026-10-10T06:06:27.835734+00:00,79,forecast,C,NS,2,0,3,0,3,2,0.0,0.0,0.6317,0.0,81,19.7215,100,19,19.2632,20.2632,19,9,54
8ebdb0b3-2c32-494c-b6b3-b6162684d288,2026-10-10T06:06:27.835734+00:00,79,forecast,D,NS,1,0,0,5,14,5,0.0,0.2106,0.2106,0.0,81,19.7215,100,19,19.2632,20.2632,19,9,54
8ebdb0b3-2c32-494c-b6b3-b6162684d288,2026-10-10T06:06:28.824971+00:00,80,forecast,A,EW,3,0,2,4,12,13,0.2096,0.0,0.0,0.8385,82,20.5,103,21,18.9524,19.9524,21,10,56
8ebdb0b3-2c32-494c-b6b3-b6162684d288,2026-10-10T06:06:28.824971+00:00,80,forecast,B,EW,2,0,6,1,0,12,0.4193,0.6289,0.0,0.0,82,20.5,103,21,18.9524,19.9524,21,10,56
8ebdb0b3-2c32-494c-b6b3-b6162684d288,2026-10-10T06:06:28.824971+00:00,80,forecast,C,NS,1,0,2,0,3,2,0.0,0.0,0.6289,0.0,82,20.5,103,21,18.9524,19.9524,21,10,56
8ebdb0b3-2c32-494c-b6b3-b6162684d288,2026-10-10T06:06:28.824971+00:00,80,forecast,D,NS,0,0,0,6,14,5,0.0,0.4193,0.0,0.0,82,20.5,103,21,18.9524,19.9524,21,10,56
8ebdb0b3-2c32-494c-b6b3-b6162684d288,2026-10-10T06:06:29.838769+00:00,81,forecast,A,EW,2,0,2,4,12,15,0.2063,0.0,0.0,1.0316,84,21.284,106,22,18.6818,19.6818,22,12,57
8ebdb0b3-2c32-494c-b6b3-b6162684d288,2026-10-10T06:06:29.838769+00:00,81,forecast,B,EW,1,0,6,1,0,12,0.4126,0.4126,0.0,0.0,84,21.284,106,22,18.6818,19.6818,22,12,57
8ebdb0b3-2c32-494c-b6b3-b6162684d288,2026-10-10T06:06:29.838769+00:00,81,forecast,C,NS,0,0,1,0,4,2,0.0,0.0,0.8252,0.0,84,21.284,106,22,18.6818,19.6818,22,12,57
8ebdb0b3-2c32-494c-b6b3-b6162684d288,2026-10-10T06:06:29.838769+00:00,81,forecast,D,CLEAR,0,1,0,6,14,5,0.0,0.2063,0.0,0.0,84,21.284,106,22,18.6818,19.6818,22,12,57
8ebdb0b3-2c32-494c-b6b3-b6162684d288,2026-10-10T06:06:30.835442+00:00,82,forecast,A,EW,1,0,2,4,12,16,0.0,0.0,0.0,1.2024,85,22.061,109,24,18.7917,19.7917,24,14,58
8ebdb0b3-2c32-494c-b6b3-b6162684d288,2026-10-10T06:06:30.835442+00:00,82,forecast,B,EW,0,0,7,1,0,12,0.4008,0.2004,0.0,0.0,85,22.061,109,24,18.7917,19.7917,24,14,58
8ebdb0b3-2c32-494c-b6b3-b6162684d288,2026-10-10T06:06:30.835442+00:00,82,forecast,C,NS,2,0,0,1,4,3,0.0,0.0,0.8016,0.2004,85,22.061,109,24,18.7917,19.7917,24,14,58
8ebdb0b3-2c32-494c-b6b3-b6162684d288,2026-10-10T06:06:30.835442+00:00,82,forecast,D,EW,2,0,0,5,14,4,0.0,0.2004,0.0,0.0,85,22.061,109,24,18.7917,19.7917,24,14,58
8ebdb0b3-2c32-494c-b6b3-b6162684d288,2026-10-10T06:06:31.821203+00:00,83,forecast,A,EW,0,0,2,4,12,17,0.0,0.0,0.0,1.3778,87,22.8434,112,25,19.12,20.12,25,16,58
8ebdb0b3-2c32-494c-b6b3-b6162684d288,2026-10-10T06:06:31.821203+00:00,83,forecast,B,CLEAR,0,1,9,1,0,12,0.5905,0.1968,0.0,0.0,87,22.8434,112,25,19.12,20.12,25,16,58
8ebdb0b3-2c32-494c-b6b3-b6162684d288,2026-10-10T06:06:31.821203+00:00,83,forecast,C,NS,1,0,0,2,4,3,0.0,0.0,0.3936,0.1968,87,22.8434,112,25,19.12,20.12,25,16,58
8ebdb0b3-2c32-494c-b6b3-b6162684d288,2026-10-10T06:06:31.821203+00:00,83,forecast,D,EW,1,0,0,4,14,3,0.0,0.1968,0.0,0.0,87,22.8434,112,25,19.12,20.12,25,16,58
8ebdb0b3-2c32-494c-b6b3-b6162684d288,2026-10-10T06:06:32.824970+00:00,84,forecast,A,EW,4,0,2,3,12,18,0.0,0.0,0.0,1.1898,88,23.619,115,27,19.0741,20.0741,27,18,59
8ebdb0b3-2c32-494c-b6b3-b6162684d288,2026-10-10T06:06:32.824970+00:00,84,forecast,B,NS,2,0,10,1,0,12,0.7932,0.1983,0.0,0.0,88,23.619,115,27,19.0741,20.0741,27,18,59
8ebdb0b3-2c32-494c-b6b3-b6162684d288,2026-10-10T06:06:32.824970+00:00,84,forecast,C,NS,0,0,0,3,4,4,0.0,0.0,0.1983,0.3966,88,23.619,115,27,19.0741,20.0741,27,18,59
8ebdb0b3-2c32-494c-b6b3-b6162684d288,2026-10-10T06:06:32.824970+00:00,84,forecast,D,EW,0,0,0,3,14,2,0.0,0.1983,0.0,0.0,88,23.619,115,27,19.0741,20.0741,27,18,59
8ebdb0b3-2c32-494c-b6b3-b6162684d288,2026-10-10T06:06:33.823014+00:00,85,forecast,A,EW,3,0,4,3,12,18,0.4137,0.0,0.0,1.0342,90,24.4,118,28,19.25,20.25,28,19,60
8ebdb0b3-2c32-494c-b6b3-b6162684d288,2026-10-10T06:06:33.823014+00:00,85,forecast,B,NS,1,0,11,1,0,12,1.0342,0.0,0.0,0.0,90,24.4,118,28,19.25,20.25,28,19,60
8ebdb0b3-2c32-494c-b6b3-b6162684d288,2026-10-10T06:06:33.823014+00:00,85,forecast,C,CLEAR,0,1,0,4,4,4,0.0,0.0,0.2068,0.4137,90,24.4,118,28,19.25,20.25,28,19,60
8ebdb0b3-2c32-494c-b6b3-b6162684d288,2026-10-10T06:06:33.823014+00:00,85,forecast,D,EW,2,0,0,2,14,1,0.0,0.0,0.0,0.0,90,24.4,118,28,19.25,20.25,28,19,60
8ebdb0b3-2c32-494c-b6b3-b6162684d288,2026-10-10T06:06:34.825865+00:00,86,forecast,A,EW,2,0,4,2,12,18,0.418,0.0,0.0,0.627,91,25.1744,121,30,19.1,20.1,30,20,61
8ebdb0b3-2c32-494c-b6b3-b6162684d288,2026-10-10T06:06:34.825865+00:00,86,forecast,B,NS,0,0,11,3,0,12,1.0449,0.418,0.0,0.0,91,25.1744,121,30,19.1,20.1,30,20,61
8ebdb0b3-2c32-494c-b6b3-b6162684d288,2026-10-10T06:06:34.825865+00:00,86,forecast,C,EW,2,0,0,5,4,3,0.0,0.0,0.0,0.418,91,25.1744,121,30,19.1,20.1,30,20,61
8ebdb0b3-2c32-494c-b6b3-b6162684d288,2026-10-10T06:06:34.825865+00:00,86,forecast,D,EW,1,0,0,2,14,1,0.0,0.209,0.0,0.0,91,25.1744,121,30,19.1,20.1,30,20,61
8ebdb0b3-2c32-494c-b6b3-b6162684d288,2026-10-10T06:06:35.851324+00:00,87,forecast,A,EW,1,0,5,1,12,18,0.6268,0.0,0.0,0.4178,93,25.954,124,31,18.8387,19.8387,31,21,61
8ebdb0b3-2c32-494c-b6b3-b6162684d288,2026-10-10T06:06:35.851324+00:00,87,forecast,B,CLEAR,0,1,11,4,0,12,0.8357,0.6268,0.0,0.0,93,25.954,124,31,18.8387,19.8387,31,21,61
8ebdb0b3-2c32-494c-b6b3-b6162684d288,2026-10-10T06:06:35.851324+00:00,87,forecast,C,EW,1,0,0,6,5,2,0.0,0.0,0.2089,0.2089,93,25.954,124,31,18.8387,19.8387,31,21,61
8ebdb0b3-2c32-494c-b6b3-b6162684d288,2026-10-10T06:06:35.851324+00:00,87,forecast,D,EW,0,0,0,1,14,2,0.0,0.2089,0.0,0.0,93,25.954,124,31,18.8387,19.8387,31,21,61
8ebdb0b3-2c32-494c-b6b3-b6162684d288,2026-10-10T06:06:36.824032+00:00,88,forecast,A,EW,0,0,5,1,12,18,0.6185,0.0,0.0,0.2062,96,26.75,127,31,18.8387,19.8387,31,22,62
8ebdb0b3-2c32-494c-b6b3-b6162684d288,2026-10-10T06:06:36.824032+00:00,88,forecast,B,EW,3,0,11,5,0,12,0.4123,1.0308,0.0,0.0,96,26.75,127,31,18.8387,19.8387,31,22,62
8ebdb0b3-2c32-494c-b6b3-b6162684d288,2026-10-10T06:06:36.824032+00:00,88,forecast,C,EW,0,0,1,6,5,1,0.0,0.0,0.2062,0.2062,96,26.75,127,31,18.8387,19.8387,31,22,62
8ebdb0b3-2c32-494c-b6b3-b6162684d288,2026-10-10T06:06:36.824032+00:00,88,forecast,D,CLEAR,0,1,0,1,15,3,0.0,0.2062,0.2062,0.0,96,26.75,127,31,18.8387,19.8387,31,22,62
8ebdb0b3-2c32-494c-b6b3-b6162684d288,2026-10-10T06:06:37.827444+00:00,89,forecast,A,CLEAR,0,1,5,2,12,18,0.6117,0.0,0.0,0.0,99,27.5618,130,31,18.8387,19.8387,31,22,64
8ebdb0b3-2c32-494c-b6b3-b6162684d288,2026-10-10T06:06:37.827444+00:00,89,forecast,B,EW,2,0,11,4,0,12,0.2039,1.0194,0.0,0.0,99,27.5618,130,31,18.8387,19.8387,31,22,64
8ebdb0b3-2c32-494c-b6b3-b6162684d288,2026-10-10T06:06:37.827444+00:00,89,forecast,C,CLEAR,0,1,1,6,7,1,0.0,0.0,0.6117,0.0,99,27.5618,130,31,18.8387,19.8387,31,22,64
8ebdb0b3-2c32-494c-b6b3-b6162684d288,2026-10-10T06:06:37.827444+00:00,89,forecast,D,NS,2,0,0,2,15,3,0.0,0.4078,0.2039,0.0,99,27.5618,130,31,18.8387,19.8387,31,22,64
8ebdb0b3-2c32-494c-b6b3-b6162684d288,2026-10-10T06:06:41.812591+00:00,90,forecast,A,NS,3,0,4,3,12,19,0.2052,0.0,0.0,0.2052,102,28.3889,133,31,18.8387,19.8387,31,24,66
8ebdb0b3-2c32-494c-b6b3-b6162684d288,2026-10-10T06:06:41.812591+00:00,90,forecast,B,EW,1,0,11,3,0,12,0.0,1.0261,0.0,0.0,102,28.3889,133,31,18.8387,19.8387,31,24,66
8ebdb0b3-2c32-494c-b6b3-b6162684d288,2026-10-10T06:06:41.812591+00:00,90,forecast,C,NS,3,0,2,6,9,1,0.0,0.0,1.0261,0.0,102,28.3889,133,31,18.8387,19.8387,31,24,66
8ebdb0b3-2c32-494c-b6b3-b6162684d288,2026-10-10T06:06:41.812591+00:00,90,forecast,D,NS,1,0,0,2,15,3,0.0,0.4104,0.2052,0.0,102,28.3889,133,31,18.8387,19.8387,31,24,66
8ebdb0b3-2c32-494c-b6b3-b6162684d288,2026-10-10T06:06:41.843424+00:00,91,forecast,A,NS,2,0,4,4,12,19,0.414,0.0,0.0,0.207,105,29.2308,136,31,18.8387,19.8387,31,26,68
8ebdb0b3-2c32-494c-b6b3-b6162684d288,2026-10-10T06:06:41.843424+00:00,91,forecast,B,EW,0,0,11,3,0,12,0.0,0.828,0.0,0.0,105,29.2308,136,31,18.8387,19.8387,31,26,68
8ebdb0b3-2c32-494c-b6b3-b6162684d288,2026-10-10T06:06:41.843424+00:00,91,forecast,C,NS,2,0,3,6,10,1,0.0,0.0,1.2419,0.0,105,29.2308,136,31,18.8387,19.8387,31,26,68
8ebdb0b3-2c32-494c-b6b3-b6162684d288,2026-10-10T06:06:41.843424+00:00,91,forecast,D,NS,0,0,0,2,15,3,0.0,0.207,0.207,0.0,105,29.2308,136,31,18.8387,19.8387,31,26,68
8ebdb0b3-2c32-494c-b6b3-b6162684d288,2026-10-10T06:06:42.828980+00:00,92,forecast,A,NS,1,0,3,5,12,20,0.2067,0.0,0.0,0.4134,108,30.087,139,31,18.8387,19.8387,31,28,70
8ebdb0b3-2c32-494c-b6b3-b6162684d288,2026-10-10T06:06:42.828980+00:00,92,forecast,B,EW,3,0,11,3,0,12,0.0,0.8267,0.0,0.0,108,30.087,139,31,18.8387,19.8387,31,28,70
8ebdb0b3-2c32-494c-b6b3-b6162684d288,2026-10-10T06:06:42.828980+00:00,92,forecast,C,NS,1,0,4,6,10,2,0.0,0.0,1.0334,0.2067,108,30.087,139,31,18.8387,19.8387,31,28,70
8ebdb0b3-2c32-494c-b6b3-b6162684d288,2026-10-10T06:06:42.828980+00:00,92,forecast,D,NS,2,0,0,2,15,3,0.0,0.2067,0.2067,0.0,108,30.087,139,31,18.8387,19.8387,31,28,70
8ebdb0b3-2c32-494c-b6b3-b6162684d288,2026-10-10T06:06:43.870754+00:00,93,forecast,A,NS,0,0,2,6,12,20,0.2034,0.0,0.0,0.4068,111,30.957,142,31,18.8387,19.8387,31,30,72
8ebdb0b3-2c32-494c-b6b3-b6162684d288,2026-10-10T06:06:43.870754+00:00,93,forecast,B,EW,2,0,11,2,0,12,0.0,0.4068,0.0,0.0,111,30.957,142,31,18.8387,19.8387,31,30,72
8ebdb0b3-2c32-494c-b6b3-b6162684d288,2026-10-10T06:06:43.870754+00:00,93,forecast,C,NS,0,0,5,6,10,3,0.0,0.0,1.0169,0.4068,111,30.957,142,31,18.8387,19.8387,31,30,72
8ebdb0b3-2c32-494c-b6b3-b6162684d288,2026-10-10T06:06:43.870754+00:00,93,forecast,D,NS,1,0,0,3,16,3,0.0,0.4068,0.2034,0.0,111,30.957,142,31,18.8387,19.8387,31,30,72
8ebdb0b3-2c32-494c-b6b3-b6162684d288,2026-10-10T06:06:44.828406+00:00,94,forecast,A,CLEAR,0,1,2,7,12,20,0.2013,0.0,0.0,0.4026,114,31.8404,145,31,18.8387,19.8387,31,31,74
8ebdb0b3-2c32-494c-b6b3-b6162684d288,2026-10-10T06:06:44.828406+00:00,94,forecast,B,EW,1,0,12,1,0,12,0.2013,0.4026,0.0,0.0,114,31.8404,145,31,18.8387,19.8387,31,31,74
8ebdb0b3-2c32-494c-b6b3-b6162684d288,2026-10-10T06:06:44.828406+00:00,94,forecast,C,NS,3,0,5,6,11,3,0.0,0.0,0.8052,0.4026,114,31.8404,145,31,18.8387,19.8387,31,31,74
8ebdb0b3-2c32-494c-b6b3-b6162684d288,2026-10-10T06:06:44.828406+00:00,94,forecast,D,NS,0,0,0,4,16,3,0.0,0.4026,0.2013,0.0,114,31.8404,145,31,18.8387,19.8387,31,31,74
8ebdb0b3-2c32-494c-b6b3-b6162684d288,2026-10-10T06:06:45.837231+00:00,95,forecast,A,EW,3,0,2,8,12,20,0.1983,0.0,0.0,0.1983,117,32.7368,148,31,18.8387,19.8387,31,33,75
8ebdb0b3-2c32-494c-b6b3-b6162684d288,2026-10-10T06:06:45.837231+00:00,95,forecast,B,EW,0,0,14,0,0,12,0.595,0.3967,0.0,0.0,117,32.7368,148,31,18.8387,19.8387,31,33,75
8ebdb0b3-2c32-494c-b6b3-b6162684d288,2026-10-10T06:06:45.837231+00:00,95,forecast,C,NS,2,0,5,6,12,3,0.0,0.0,0.595,0.3967,117,32.7368,148,31,18.8387,19.8387,31,33,75
8ebdb0b3-2c32-494c-b6b3-b6162684d288,2026-10-10T06:06:45.837231+00:00,95,forecast,D,CLEAR,0,1,0,4,16,3,0.0,0.3967,0.1983,0.0,117,32.7368,148,31,18.8387,19.8387,31,33,75
8ebdb0b3-2c32-494c-b6b3-b6162684d288,2026-10-10T06:06:46.835740+00:00,96,forecast,A,EW,2,0,2,7,12,20,0.0,0.0,0.0,0.1992,118,33.625,151,33,19.2424,20.2424,33,35,75
8ebdb0b3-2c32-494c-b6b3-b6162684d288,2026-10-10T06:06:46.835740+00:00,96,forecast,B,CLEAR,0,1,15,1,0,12,0.797,0.3985,0.0,0.0,118,33.625,151,33,19.2424,20.2424,33,35,75
8ebdb0b3-2c32-494c-b6b3-b6162684d288,2026-10-10T06:06:46.835740+00:00,96,forecast,C,NS,1,0,5,7,13,3,0.0,0.0,0.5977,0.3985,118,33.625,151,33,19.2424,20.2424,33,35,75
8ebdb0b3-2c32-494c-b6b3-b6162684d288,2026-10-10T06:06:46.835740+00:00,96,forecast,D,EW,2,0,0,3,16,2,0.0,0.3985,0.1992,0.0,118,33.625,151,33,19.2424,20.2424,33,35,75
8ebdb0b3-2c32-494c-b6b3-b6162684d288,2026-10-10T06:06:47.836850+00:00,97,forecast,A,EW,1,0,3,6,12,20,0.2036,0.0,0.0,0.0,119,34.5052,154,35,19.3143,20.3143,35,37,76
8ebdb0b3-2c32-494c-b6b3-b6162684d288,2026-10-10T06:06:47.836850+00:00,97,forecast,B,NS,3,0,16,1,0,12,1.0182,0.2036,0.0,0.0,119,34.5052,154,35,19.3143,20.3143,35,37,76
8ebdb0b3-2c32-494c-b6b3-b6162684d288,2026-10-10T06:06:47.836850+00:00,97,forecast,C,NS,0,0,5,8,13,3,0.0,0.0,0.6109,0.2036,119,34.5052,154,35,19.3143,20.3143,35,37,76
8ebdb0b3-2c32-494c-b6b3-b6162684d288,2026-10-10T06:06:47.836850+00:00,97,forecast,D,EW,1,0,0,3,16,1,0.0,0.6109,0.2036,0.0,119,34.5052,154,35,19.3143,20.3143,35,37,76
8ebdb0b3-2c32-494c-b6b3-b6162684d288,2026-10-10T06:06:48.831645+00:00,98,forecast,A,EW,0,0,3,5,12,21,0.2058,0.0,0.0,0.2058,120,35.3776,157,37,19.3514,20.3514,37,39,77
8ebdb0b3-2c32-494c-b6b3-b6162684d288,2026-10-10T06:06:48.831645+00:00,98,forecast,B,NS,2,0,16,3,0,12,1.0288,0.6173,0.0,0.0,120,35.3776,157,37,19.3514,20.3514,37,39,77
8ebdb0b3-2c32-494c-b6b3-b6162684d288,2026-10-10T06:06:48.831645+00:00,98,forecast,C,NS,3,0,5,9,13,3,0.0,0.0,0.6173,0.0,120,35.3776,157,37,19.3514,20.3514,37,39,77
8ebdb0b3-2c32-494c-b6b3-b6162684d288,2026-10-10T06:06:48.831645+00:00,98,forecast,D,EW,0,0,0,2,16,0,0.0,0.4115,0.0,0.0,120,35.3776,157,37,19.3514,20.3514,37,39,77
8ebdb0b3-2c32-494c-b6b3-b6162684d288,2026-10-10T06:06:49.829861+00:00,99,forecast,A,EW,3,0,4,4,12,21,0.4102,0.0,0.0,0.2051,122,36.2525,160,38,19.4211,20.4211,38,41,78
8ebdb0b3-2c32-494c-b6b3-b6162684d288,2026-10-10T06:06:49.829861+00:00,99,forecast,B,NS,1,0,16,3,0,12,0.8204,0.6153,0.0,0.0,122,36.2525,160,38,19.4211,20.4211,38,41,78
8ebdb0b3-2c32-494c-b6b3-b6162684d288,2026-10-10T06:06:49.829861+00:00,99,forecast,C,NS,2,0,5,9,13,3,0.0,0.0,0.4102,0.0,122,36.2525,160,38,19.4211,20.4211,38,41,78
8ebdb0b3-2c32-494c-b6b3-b6162684d288,2026-10-10T06:06:49.829861+00:00,99,forecast,D,CLEAR,0,1,0,3,17,0,0.0,0.4102,0.2051,0.0,122,36.2525,160,38,19.4211,20.4211,38,41,78
8ebdb0b3-2c32-494c-b6b3-b6162684d288,2026-10-10T06:06:50.834731+00:00,100,forecast,A,EW,2,0,4,3,12,21,0.403,0.0,0.0,0.2015,123,37.12,163,40,19.125,20.125,40,43,80
8ebdb0b3-2c32-494c-b6b3-b6162684d288,2026-10-10T06:06:50.834731+00:00,100,forecast,B,NS,0,0,17,3,0,12,0.6044,0.6044,0.0,0.0,123,37.12,163,40,19.125,20.125,40,43,80
8ebdb0b3-2c32-494c-b6b3-b6162684d288,2026-10-10T06:06:50.834731+00:00,100,forecast,C,NS,1,0,4,9,14,3,0.0,0.0,0.403,0.0,123,37.12,163,40,19.125,20.125,40,43,80
8ebdb0b3-2c32-494c-b6b3-b6162684d288,2026-10-10T06:06:50.834731+00:00,100,forecast,D,NS,2,0,0,4,17,0,0.0,0.6044,0.2015,0.0,123,37.12,163,40,19.125,20.125,40,43,80
8ebdb0b3-2c32-494c-b6b3-b6162684d288,2026-10-10T06:06:51.832260+00:00,101,forecast,A,EW,1,0,4,2,12,21,0.4009,0.0,0.0,0.2004,124,37.9802,166,42,18.9048,19.9048,42,45,82
8ebdb0b3-2c32-494c-b6b3-b6162684d288,2026-10-10T06:06:51.832260+00:00,101,forecast,B,NS,3,0,18,3,0,12,0.6013,0.4009,0.0,0.0,124,37.9802,166,42,18.9048,19.9048,42,45,82
8ebdb0b3-2c32-494c-b6b3-b6162684d288,2026-10-10T06:06:51.832260+00:00,101,forecast,C,NS,0,0,3,9,14,3,0.0,0.0,0.2004,0.0,124,37.9802,166,42,18.9048,19.9048,42,45,82
8ebdb0b3-2c32-494c-b6b3-b6162684d288,2026-10-10T06:06:51.832260+00:00,101,forecast,D,NS,1,0,0,5,18,0,0.0,0.8017,0.4009,0.0,124,37.9802,166,42,18.9048,19.9048,42,45,82
8ebdb0b3-2c32-494c-b6b3-b6162684d288,2026-10-10T06:06:52.839187+00:00,102,forecast,A,EW,0,0,4,1,12,22,0.2016,0.0,0.0,0.4033,127,38.8529,169,42,18.9048,19.9048,42,47,84
8ebdb0b3-2c32-494c-b6b3-b6162684d288,2026-10-10T06:06:52.839187+00:00,102,forecast,B,NS,2,0,18,3,0,12,0.4033,0.4033,0.0,0.0,127,38.8529,169,42,18.9048,19.9048,42,47,84
8ebdb0b3-2c32-494c-b6b3-b6162684d288,2026-10-10T06:06:52.839187+00:00,102,forecast,C,NS,3,0,4,9,15,3,0.0,0.0,0.4033,0.0,127,38.8529,169,42,18.9048,19.9048,42,47,84
8ebdb0b3-2c32-494c-b6b3-b6162684d288,2026-10-10T06:06:52.839187+00:00,102,forecast,D,NS,0,0,0,6,18,0,0.0,0.8065,0.4033,0.0,127,38.8529,169,42,18.9048,19.9048,42,47,84
8ebdb0b3-2c32-494c-b6b3-b6162684d288,2026-10-10T06:06:53.833119+00:00,103,forecast,A,EW,3,0,4,0,12,22,0.2036,0.0,0.0,0.2036,130,39.7379,172,42,18.9048,19.9048,42,49,86
8ebdb0b3-2c32-494c-b6b3-b6162684d288,2026-10-10T06:06:53.833119+00:00,103,forecast,B,NS,1,0,18,3,0,12,0.4071,0.0,0.0,0.0,130,39.7379,172,42,18.9048,19.9048,42,49,86
8ebdb0b3-2c32-494c-b6b3-b6162684d288,2026-10-10T06:06:53.833119+00:00,103,forecast,C,NS,2,0,5,9,15,3,0.0,0.0,0.4071,0.0,130,39.7379,172,42,18.9048,19.9048,42,49,86
8ebdb0b3-2c32-494c-b6b3-b6162684d288,2026-10-10T06:06:53.833119+00:00,103,forecast,D,NS,3,0,0,6,21,0,0.0,0.8143,1.0178,0.0,130,39.7379,172,42,18.9048,19.9048,42,49,86
8ebdb0b3-2c32-494c-b6b3-b6162684d288,2026-10-10T06:06:54.845134+00:00,104,forecast,A,EW,2,0,5,0,12,23,0.2036,0.0,0.0,0.4073,132,40.625,175,43,19.0233,20.0233,43,51,88
8ebdb0b3-2c32-494c-b6b3-b6162684d288,2026-10-10T06:06:54.845134+00:00,104,forecast,B,NS,0,0,18,3,0,12,0.4073,0.0,0.0,0.0,132,40.625,175,43,19.0233,20.0233,43,51,88
8ebdb0b3-2c32-494c-b6b3-b6162684d288,2026-10-10T06:06:54.845134+00:00,104,forecast,C,NS,1,0,4,9,15,3,0.0,0.0,0.4073,0.0,132,40.625,175,43,19.0233,20.0233,43,51,88
8ebdb0b3-2c32-494c-b6b3-b6162684d288,2026-10-10T06:06:54.845134+00:00,104,forecast,D,NS,2,0,0,6,22,0,0.0,0.6109,1.0181,0.0,132,40.625,175,43,19.0233,20.0233,43,51,88
8ebdb0b3-2c32-494c-b6b3-b6162684d288,2026-10-10T06:06:55.845075+00:00,105,forecast,A,EW,1,0,5,0,12,23,0.2005,0.0,0.0,0.401,135,41.5238,178,43,19.0233,20.0233,43,53,89
8ebdb0b3-2c32-494c-b6b3-b6162684d288,2026-10-10T06:06:55.845075+00:00,105,forecast,B,CLEAR,0,1,18,4,0,12,0.2005,0.2005,0.0,0.0,135,41.5238,178,43,19.0233,20.0233,43,53,89
8ebdb0b3-2c32-494c-b6b3-b6162684d288,2026-10-10T06:06:55.845075+00:00,105,forecast,C,NS,0,0,4,9,15,4,0.0,0.0,0.2005,0.2005,135,41.5238,178,43,19.0233,20.0233,43,53,89
8ebdb0b3-2c32-494c-b6b3-b6162684d288,2026-10-10T06:06:55.845075+00:00,105,forecast,D,NS,1,0,0,6,23,0,0.0,0.401,1.2031,0.0,135,41.5238,178,43,19.0233,20.0233,43,53,89
8ebdb0b3-2c32-494c-b6b3-b6162684d288,2026-10-10T06:06:56.834150+00:00,106,forecast,A,EW,0,0,6,1,12,24,0.3944,0.0,0.0,0.5916,137,42.4245,181,44,19.0455,20.0455,44,55,91
8ebdb0b3-2c32-494c-b6b3-b6162684d288,2026-10-10T06:06:56.834150+00:00,106,forecast,B,EW,2,0,18,4,0,12,0.0,0.3944,0.0,0.0,137,42.4245,181,44,19.0455,20.0455,44,55,91
8ebdb0b3-2c32-494c-b6b3-b6162684d288,2026-10-10T06:06:56.834150+00:00,106,forecast,C,NS,3,0,3,9,15,4,0.0,0.0,0.1972,0.1972,137,42.4245,181,44,19.0455,20.0455,44,55,91
8ebdb0b3-2c32-494c-b6b3-b6162684d288,2026-10-10T06:06:56.834150+00:00,106,forecast,D,NS,0,0,0,6,23,0,0.0,0.1972,0.9861,0.0,137,42.4245,181,44,19.0455,20.0455,44,55,91
8ebdb0b3-2c32-494c-b6b3-b6162684d288,2026-10-10T06:06:57.822198+00:00,107,forecast,A,EW,3,0,6,2,12,24,0.3914,0.0,0.0,0.3914,139,43.3271,184,45,19.0667,20.0667,45,57,93
8ebdb0b3-2c32-494c-b6b3-b6162684d288,2026-10-10T06:06:57.822198+00:00,107,forecast,B,EW,1,0,18,3,0,12,0.0,0.3914,0.0,0.0,139,43.3271,184,45,19.0667,20.0667,45,57,93
8ebdb0b3-2c32-494c-b6b3-b6162684d288,2026-10-10T06:06:57.822198+00:00,107,forecast,C,NS,2,0,2,9,16,4,0.0,0.0,0.1957,0.1957,139,43.3271,184,45,19.0667,20.0667,45,57,93
8ebdb0b3-2c32-494c-b6b3-b6162684d288,2026-10-10T06:06:57.822198+00:00,107,forecast,D,NS,4,0,0,6,25,0,0.0,0.0,1.3697,0.0,139,43.3271,184,45,19.0667,20.0667,45,57,93
8ebdb0b3-2c32-494c-b6b3-b6162684d288,2026-10-10T06:06:58.821567+00:00,108,forecast,A,EW,2,0,7,3,12,24,0.5954,0.0,0.0,0.3969,142,44.2407,187,45,19.0667,20.0667,45,59,95
8ebdb0b3-2c32-494c-b6b3-b6162684d288,2026-10-10T06:06:58.821567+00:00,108,forecast,B,EW,0,0,18,2,0,12,0.0,0.3969,0.0,0.0,142,44.2407,187,45,19.0667,20.0667,45,59,95
8ebdb0b3-2c32-494c-b6b3-b6162684d288,2026-10-10T06:06:58.821567+00:00,108,forecast,C,NS,1,0,2,9,16,4,0.0,0.0,0.1985,0.1985,142,44.2407,187,45,19.0667,20.0667,45,59,95
8ebdb0b3-2c32-494c-b6b3-b6162684d288,2026-10-10T06:06:58.821567+00:00,108,forecast,D,NS,3,0,0,6,27,0,0.0,0.0,1.1907,0.0,142,44.2407,187,45,19.0667,20.0667,45,59,95
8ebdb0b3-2c32-494c-b6b3-b6162684d288,2026-10-10T06:06:59.844894+00:00,109,forecast,A,EW,1,0,7,4,12,25,0.4016,0.0,0.0,0.4016,145,45.1651,190,45,19.0667,20.0667,45,61,97
8ebdb0b3-2c32-494c-b6b3-b6162684d288,2026-10-10T06:06:59.844894+00:00,109,forecast,B,EW,3,0,18,3,0,12,0.0,0.8033,0.0,0.0,145,45.1651,190,45,19.0667,20.0667,45,61,97
8ebdb0b3-2c32-494c-b6b3-b6162684d288,2026-10-10T06:06:59.844894+00:00,109,forecast,C,NS,0,0,2,9,16,4,0.0,0.0,0.2008,0.2008,145,45.1651,190,45,19.0667,20.0667,45,61,97
8ebdb0b3-2c32-494c-b6b3-b6162684d288,2026-10-10T06:06:59.844894+00:00,109,forecast,D,NS,2,0,0,6,27,0,0.0,0.0,1.0041,0.0,145,45.1651,190,45,19.0667,20.0667,45,61,97
8ebdb0b3-2c32-494c-b6b3-b6162684d288,2026-10-10T06:07:00.838909+00:00,110,forecast,A,EW,0,0,7,5,12,26,0.4074,0.0,0.0,0.6111,147,46.0909,193,46,19.0652,20.0652,46,63,99
8ebdb0b3-2c32-494c-b6b3-b6162684d288,2026-10-10T06:07:00.838909+00:00,110,forecast,B,EW,2,0,18,3,0,12,0.0,0.8147,0.0,0.0,147,46.0909,193,46,19.0652,20.0652,46,63,99
8ebdb0b3-2c32-494c-b6b3-b6162684d288,2026-10-10T06:07:00.838909+00:00,110,forecast,C,NS,3,0,1,9,17,4,0.0,0.0,0.4074,0.0,147,46.0909,193,46,19.0652,20.0652,46,63,99
8ebdb0b3-2c32-494c-b6b3-b6162684d288,2026-10-10T06:07:00.838909+00:00,110,forecast,D,NS,1,0,0,6,27,0,0.0,0.0,0.8147,0.0,147,46.0909,193,46,19.0652,20.0652,46,63,99
8ebdb0b3-2c32-494c-b6b3-b6162684d288,2026-10-10T06:07:01.824591+00:00,111,forecast,A,EW,4,0,8,5,12,26,0.4024,0.0,0.0,0.4024,149,47.018,196,47,19.0638,20.0638,47,65,101
8ebdb0b3-2c32-494c-b6b3-b6162684d288,2026-10-10T06:07:01.824591+00:00,111,forecast,B,EW,1,0,18,4,0,12,0.0,0.8048,0.0,0.0,149,47.018,196,47,19.0638,20.0638,47,65,101
8ebdb0b3-2c32-494c-b6b3-b6162684d288,2026-10-10T06:07:01.824591+00:00,111,forecast,C,NS,2,0,0,9,17,4,0.0,0.0,0.4024,0.0,149,47.018,196,47,19.0638,20.0638,47,65,101
8ebdb0b3-2c32-494c-b6b3-b6162684d288,2026-10-10T06:07:01.824591+00:00,111,forecast,D,NS,0,0,0,6,28,0,0.0,0.0,1.006,0.0,149,47.018,196,47,19.0638,20.0638,47,65,101
8ebdb0b3-2c32-494c-b6b3-b6162684d288,2026-10-10T06:07:02.853454+00:00,112,forecast,A,EW,3,0,8,6,12,27,0.3992,0.0,0.0,0.5988,152,47.9554,199,47,19.0638,20.0638,47,67,103
8ebdb0b3-2c32-494c-b6b3-b6162684d288,2026-10-10T06:07:02.853454+00:00,112,forecast,B,EW,0,0,18,4,0,12,0.0,0.998,0.0,0.0,152,47.9554,199,47,19.0638,20.0638,47,67,103
8ebdb0b3-2c32-494c-b6b3-b6162684d288,2026-10-10T06:07:02.853454+00:00,112,forecast,C,NS,1,0,0,9,17,5,0.0,0.0,0.1996,0.1996,152,47.9554,199,47,19.0638,20.0638,47,67,103
8ebdb0b3-2c32-494c-b6b3-b6162684d288,2026-10-10T06:07:02.853454+00:00,112,forecast,D,NS,3,0,0,6,28,0,0.0,0.0,0.5988,0.0,152,47.9554,199,47,19.0638,20.0638,47,67,103
8ebdb0b3-2c32-494c-b6b3-b6162684d288,2026-10-10T06:07:03.834601+00:00,113,forecast,A,EW,2,0,8,7,12,27,0.1984,0.0,0.0,0.5952,155,48.9027,202,47,19.0638,20.0638,47,69,105
8ebdb0b3-2c32-494c-b6b3-b6162684d288,2026-10-10T06:07:03.834601+00:00,113,forecast,B,EW,3,0,18,3,0,12,0.0,0.9921,0.0,0.0,155,48.9027,202,47,19.0638,20.0638,47,69,105
8ebdb0b3-2c32-494c-b6b3-b6162684d288,2026-10-10T06:07:03.834601+00:00,113,forecast,C,NS,0,0,0,9,18,5,0.0,0.0,0.3968,0.1984,155,48.9027,202,47,19.0638,20.0638,47,69,105
8ebdb0b3-2c32-494c-b6b3-b6162684d288,2026-10-10T06:07:03.834601+00:00,113,forecast,D,NS,2,0,0,7,29,0,0.0,0.1984,0.3968,0.0,155,48.9027,202,47,19.0638,20.0638,47,69,105
8ebdb0b3-2c32-494c-b6b3-b6162684d288,2026-10-10T06:07:04.837227+00:00,114,forecast,A,EW,1,0,8,7,12,27,0.199,0.0,0.0,0.3979,157,49.8509,205,48,19.0417,20.0417,48,70,107
8ebdb0b3-2c32-494c-b6b3-b6162684d288,2026-10-10T06:07:04.837227+00:00,114,forecast,B,EW,2,0,19,2,0,12,0.199,0.5969,0.0,0.0,157,49.8509,205,48,19.0417,20.0417,48,70,107
8ebdb0b3-2c32-494c-b6b3-b6162684d288,2026-10-10T06:07:04.837227+00:00,114,forecast,C,CLEAR,0,1,0,9,18,6,0.0,0.0,0.3979,0.3979,157,49.8509,205,48,19.0417,20.0417,48,70,107
8ebdb0b3-2c32-494c-b6b3-b6162684d288,2026-10-10T06:07:04.837227+00:00,114,forecast,D,NS,1,0,0,8,29,0,0.0,0.3979,0.3979,0.0,157,49.8509,205,48,19.0417,20.0417,48,70,107
8ebdb0b3-2c32-494c-b6b3-b6162684d288,2026-10-10T06:07:05.822889+00:00,115,forecast,A,EW,0,0,9,7,12,27,0.4045,0.0,0.0,0.2023,158,50.7913,208,50,19.72,20.72,50,71,109
8ebdb0b3-2c32-494c-b6b3-b6162684d288,2026-10-10T06:07:05.822889+00:00,115,forecast,B,EW,1,0,19,1,0,12,0.2023,0.4045,0.0,0.0,158,50.7913,208,50,19.72,20.72,50,71,109
8ebdb0b3-2c32-494c-b6b3-b6162684d288,2026-10-10T06:07:05.822889+00:00,115,forecast,C,EW,3,0,0,8,19,5,0.0,0.0,0.4045,0.4045,158,50.7913,208,50,19.72,20.72,50,71,109
8ebdb0b3-2c32-494c-b6b3-b6162684d288,2026-10-10T06:07:05.822889+00:00,115,forecast,D,NS,0,0,0,8,30,1,0.0,0.4045,0.6068,0.0,158,50.7913,208,50,19.72,20.72,50,71,109
8ebdb0b3-2c32-494c-b6b3-b6162684d288,2026-10-10T06:07:06.829685+00:00,116,forecast,A,EW,4,0,9,7,12,27,0.2022,0.0,0.0,0.2022,159,51.7241,211,52,20.3462,21.3462,52,72,111
8ebdb0b3-2c32-494c-b6b3-b6162684d288,2026-10-10T06:07:06.829685+00:00,116,forecast,B,EW,0,0,19,0,0,12,0.2022,0.2022,0.0,0.0,159,51.7241,211,52,20.3462,21.3462,52,72,111
8ebdb0b3-2c32-494c-b6b3-b6162684d288,2026-10-10T06:07:06.829685+00:00,116,forecast,C,EW,2,0,0,7,20,4,0.0,0.0,0.6066,0.4044,159,51.7241,211,52,20.3462,21.3462,52,72,111
8ebdb0b3-2c32-494c-b6b3-b6162684d288,2026-10-10T06:07:06.829685+00:00,116,forecast,D,NS,3,0,0,9,31,2,0.0,0.6066,0.6066,0.0,159,51.7241,211,52,20.3462,21.3462,52,72,111
8ebdb0b3-2c32-494c-b6b3-b6162684d288,2026-10-10T06:07:08.819833+00:00,117,forecast,A,EW,3,0,9,6,12,27,0.2019,0.0,0.0,0.0,161,52.6581,214,53,21.0,22.0,53,73,112
8ebdb0b3-2c32-494c-b6b3-b6162684d288,2026-10-10T06:07:08.819833+00:00,117,forecast,B,CLEAR,0,1,19,1,0,12,0.2019,0.2019,0.0,0.0,161,52.6581,214,53,21.0,22.0,53,73,112
8ebdb0b3-2c32-494c-b6b3-b6162684d288,2026-10-10T06:07:08.819833+00:00,117,forecast,C,EW,1,0,1,6,21,4,0.0,0.0,0.8076,0.4038,161,52.6581,214,53,21.0,22.0,53,73,112
8ebdb0b3-2c32-494c-b6b3-b6162684d288,2026-10-10T06:07:08.819833+00:00,117,forecast,D,NS,2,0,0,9,31,3,0.0,0.6057,0.6057,0.0,161,52.6581,214,53,21.0,22.0,53,73,112
8ebdb0b3-2c32-494c-b6b3-b6162684d288,2026-10-10T06:07:08.851934+00:00,118,forecast,A,EW,2,0,10,5,12,27,0.3973,0.0,0.0,0.0,163,53.5932,217,54,21.4444,22.4444,54,74,114
8ebdb0b3-2c32-494c-b6b3-b6162684d288,2026-10-10T06:07:08.851934+00:00,118,forecast,B,NS,2,0,20,1,0,12,0.3973,0.1987,0.0,0.0,163,53.5932,217,54,21.4444,22.4444,54,74,114
8ebdb0b3-2c32-494c-b6b3-b6162684d288,2026-10-10T06:07:08.851934+00:00,118,forecast,C,EW,0,0,2,5,21,3,0.0,0.0,0.596,0.3973,163,53.5932,217,54,21.4444,22.4444,54,74,114
8ebdb0b3-2c32-494c-b6b3-b6162684d288,2026-10-10T06:07:08.851934+00:00,118,forecast,D,NS,1,0,0,9,32,4,0.0,0.3973,0.596,0.0,163,53.5932,217,54,21.4444,22.4444,54,74,114
8ebdb0b3-2c32-494c-b6b3-b6162684d288,2026-10-10T06:07:09.829599+00:00,119,forecast,A,EW,1,0,10,5,12,27,0.3965,0.0,0.0,0.0,166,54.5378,220,54,21.4444,22.4444,54,75,116
8ebdb0b3-2c32-494c-b6b3-b6162684d288,2026-10-10T06:07:09.829599+00:00,119,forecast,B,NS,1,0,20,1,0,12,0.1983,0.1983,0.0,0.0,166,54.5378,220,54,21.4444,22.4444,54,75,116
8ebdb0b3-2c32-494c-b6b3-b6162684d288,2026-10-10T06:07:09.829599+00:00,119,forecast,C,CLEAR,0,1,2,5,21,4,0.0,0.0,0.5948,0.3965,166,54.5378,220,54,21.4444,22.4444,54,75,116
8ebdb0b3-2c32-494c-b6b3-b6162684d288,2026-10-10T06:07:09.829599+00:00,119,forecast,D,NS,0,0,0,11,32,4,0.0,0.5948,0.5948,0.0,166,54.5378,220,54,21.4444,22.4444,54,75,116
8ebdb0b3-2c32-494c-b6b3-b6162684d288,2026-10-10T06:07:10.843563+00:00,120,forecast,A,EW,0,0,10,4,12,27,0.1988,0.0,0.0,0.0,168,55.4833,223,55,21.2545,22.2545,55,77,118
8ebdb0b3-2c32-494c-b6b3-b6162684d288,2026-10-10T06:07:10.843563+00:00,120,forecast,B,NS,0,0,20,2,0,12,0.1988,0.3976,0.0,0.0,168,55.4833,223,55,21.2545,22.2545,55,77,118
8ebdb0b3-2c32-494c-b6b3-b6162684d288,2026-10-10T06:07:10.843563+00:00,120,forecast,C,NS,3,0,2,5,22,4,0.0,0.0,0.5963,0.3976,168,55.4833,223,55,21.2545,22.2545,55,77,118
8ebdb0b3-2c32-494c-b6b3-b6162684d288,2026-10-10T06:07:10.843563+00:00,120,forecast,D,NS,3,0,0,11,33,4,0.0,0.5963,0.5963,0.0,168,55.4833,223,55,21.2545,22.2545,55,77,118
8ebdb0b3-2c32-494c-b6b3-b6162684d288,2026-10-10T06:07:11.826069+00:00,121,forecast,A,EW,3,0,10,3,12,27,0.1989,0.0,0.0,0.0,170,56.4298,226,56,21.0893,22.0893,56,79,119
8ebdb0b3-2c32-494c-b6b3-b6162684d288,2026-10-10T06:07:11.826069+00:00,121,forecast,B,CLEAR,0,1,20,3,0,12,0.1989,0.5966,0.0,0.0,170,56.4298,226,56,21.0893,22.0893,56,79,119
8ebdb0b3-2c32-494c-b6b3-b6162684d288,2026-10-10T06:07:11.826069+00:00,121,forecast,C,NS,2,0,2,5,23,4,0.0,0.0,0.5966,0.3978,170,56.4298,226,56,21.0893,22.0893,56,79,119
8ebdb0b3-2c32-494c-b6b3-b6162684d288,2026-10-10T06:07:11.826069+00:00,121,forecast,D,NS,2,0,0,11,34,4,0.0,0.3978,0.5966,0.0,170,56.4298,226,56,21.0893,22.0893,56,79,119
8ebdb0b3-2c32-494c-b6b3-b6162684d288,2026-10-10T06:07:12.846503+00:00,122,forecast,A,EW,2,0,10,3,12,28,0.2016,0.0,0.0,0.2016,173,57.3852,229,56,21.0893,22.0893,56,81,121
8ebdb0b3-2c32-494c-b6b3-b6162684d288,2026-10-10T06:07:12.846503+00:00,122,forecast,B,EW,2,0,20,3,0,12,0.2016,0.6047,0.0,0.0,173,57.3852,229,56,21.0893,22.0893,56,81,121
8ebdb0b3-2c32-494c-b6b3-b6162684d288,2026-10-10T06:07:12.846503+00:00,122,forecast,C,NS,1,0,3,5,24,4,0.0,0.0,0.6047,0.2016,173,57.3852,229,56,21.0893,22.0893,56,81,121
8ebdb0b3-2c32-494c-b6b3-b6162684d288,2026-10-10T06:07:12.846503+00:00,122,forecast,D,NS,1,0,0,11,34,4,0.0,0.4031,0.6047,0.0,173,57.3852,229,56,21.0893,22.0893,56,81,121
8ebdb0b3-2c32-494c-b6b3-b6162684d288,2026-10-10T06:07:13.837430+00:00,123,forecast,A,EW,1,0,10,3,12,28,0.0,0.0,0.0,0.2008,175,58.3415,232,57,20.9298,21.9298,57,83,123
8ebdb0b3-2c32-494c-b6b3-b6162684d288,2026-10-10T06:07:13.837430+00:00,123,forecast,B,EW,1,0,20,2,0,12,0.0,0.6025,0.0,0.0,175,58.3415,232,57,20.9298,21.9298,57,83,123
8ebdb0b3-2c32-494c-b6b3-b6162684d288,2026-10-10T06:07:13.837430+00:00,123,forecast,C,NS,0,0,3,5,26,4,0.0,0.0,1.0042,0.2008,175,58.3415,232,57,20.9298,21.9298,57,83,123
8ebdb0b3-2c32-494c-b6b3-b6162684d288,2026-10-10T06:07:13.837430+00:00,123,forecast,D,NS,0,0,0,11,35,4,0.0,0.4017,0.6025,0.0,175,58.3415,232,57,20.9298,21.9298,57,83,123
8ebdb0b3-2c32-494c-b6b3-b6162684d288,2026-10-10T06:07:14.837096+00:00,124,forecast,A,EW,0,0,10,3,12,29,0.0,0.0,0.0,0.4002,177,59.2984,235,58,20.7759,21.7759,58,85,125
8ebdb0b3-2c32-494c-b6b3-b6162684d288,2026-10-10T06:07:14.837096+00:00,124,forecast,B,EW,0,0,20,1,0,12,0.0,0.6003,0.0,0.0,177,59.2984,235,58,20.7759,21.7759,58,85,125
8ebdb0b3-2c32-494c-b6b3-b6162684d288,2026-10-10T06:07:14.837096+00:00,124,forecast,C,NS,4,0,3,5,26,4,0.0,0.0,1.0005,0.0,177,59.2984,235,58,20.7759,21.7759,58,85,125
8ebdb0b3-2c32-494c-b6b3-b6162684d288,2026-10-10T06:07:14.837096+00:00,124,forecast,D,NS,4,0,0,11,37,4,0.0,0.0,1.0005,0.0,177,59.2984,235,58,20.7759,21.7759,58,85,125
8ebdb0b3-2c32-494c-b6b3-b6162684d288,2026-10-10T06:07:15.836253+00:00,125,forecast,A,EW,4,0,10,3,12,30,0.0,0.0,0.0,0.5973,179,60.256,238,59,20.7627,21.7627,59,87,126
8ebdb0b3-2c32-494c-b6b3-b6162684d288,2026-10-10T06:07:15.836253+00:00,125,forecast,B,CLEAR,0,1,21,1,0,12,0.1991,0.3982,0.0,0.0,179,60.256,238,59,20.7627,21.7627,59,87,126
8ebdb0b3-2c32-494c-b6b3-b6162684d288,2026-10-10T06:07:15.836253+00:00,125,forecast,C,NS,3,0,2,5,27,4,0.0,0.0,0.9955,0.0,179,60.256,238,59,20.7627,21.7627,59,87,126
8ebdb0b3-2c32-494c-b6b3-b6162684d288,2026-10-10T06:07:15.836253+00:00,125,forecast,D,NS,3,0,0,11,37,4,0.0,0.0,0.7964,0.0,179,60.256,238,59,20.7627,21.7627,59,87,126
8ebdb0b3-2c32-494c-b6b3-b6162684d288,2026-10-10T06:07:16.824973+00:00,126,forecast,A,EW,3,0,10,3,12,31,0.0,0.0,0.0,0.7945,181,61.2143,241,60,20.75,21.75,60,89,128
8ebdb0b3-2c32-494c-b6b3-b6162684d288,2026-10-10T06:07:16.824973+00:00,126,forecast,B,NS,2,0,21,1,0,12,0.1986,0.1986,0.0,0.0,181,61.2143,241,60,20.75,21.75,60,89,128
8ebdb0b3-2c32-494c-b6b3-b6162684d288,2026-10-10T06:07:16.824973+00:00,126,forecast,C,NS,2,0,1,5,27,6,0.0,0.0,0.7945,0.3973,181,61.2143,241,60,20.75,21.75,60,89,128
8ebdb0b3-2c32-494c-b6b3-b6162684d288,2026-10-10T06:07:16.824973+00:00,126,forecast,D,NS,2,0,0,11,37,4,0.0,0.0,0.5959,0.0,181,61.2143,241,60,20.75,21.75,60,89,128
8ebdb0b3-2c32-494c-b6b3-b6162684d288,2026-10-10T06:07:17.827268+00:00,127,forecast,A,EW,2,0,10,3,12,33,0.0,0.0,0.0,1.0047,184,62.1811,244,60,20.75,21.75,60,91,130
8ebdb0b3-2c32-494c-b6b3-b6162684d288,2026-10-10T06:07:17.827268+00:00,127,forecast,B,NS,1,0,21,1,0,12,0.2009,0.0,0.0,0.0,184,62.1811,244,60,20.75,21.75,60,91,130
8ebdb0b3-2c32-494c-b6b3-b6162684d288,2026-10-10T06:07:17.827268+00:00,127,forecast,C,NS,1,0,1,5,27,6,0.0,0.0,0.6028,0.4019,184,62.1811,244,60,20.75,21.75,60,91,130
8ebdb0b3-2c32-494c-b6b3-b6162684d288,2026-10-10T06:07:17.827268+00:00,127,forecast,D,NS,1,0,0,12,37,4,0.0,0.2009,0.6028,0.0,184,62.1811,244,60,20.75,21.75,60,91,130
8ebdb0b3-2c32-494c-b6b3-b6162684d288,2026-10-10T06:07:18.831289+00:00,128,fixed,A,EW,1,0,10,3,12,33,0.0,0.0,0.0,1.0054,187,63.1562,247,60,20.75,21.75,60,93,132
8ebdb0b3-2c32-494c-b6b3-b6162684d288,2026-10-10T06:07:18.831289+00:00,128,fixed,B,NS,0,0,21,2,0,12,0.2011,0.2011,0.0,0.0,187,63.1562,247,60,20.75,21.75,60,93,132
8ebdb0b3-2c32-494c-b6b3-b6162684d288,2026-10-10T06:07:18.831289+00:00,128,fixed,C,NS,0,0,1,5,27,7,0.0,0.0,0.2011,0.6032,187,63.1562,247,60,20.75,21.75,60,93,132
8ebdb0b3-2c32-494c-b6b3-b6162684d288,2026-10-10T06:07:18.831289+00:00,128,fixed,D,NS,0,0,0,12,38,4,0.0,0.2011,0.6032,0.0,187,63.1562,247,60,20.75,21.75,60,93,132
8ebdb0b3-2c32-494c-b6b3-b6162684d288,2026-10-10T06:07:19.827212+00:00,129,fixed,A,EW,0,0,10,3,12,33,0.0,0.0,0.0,0.8094,190,64.1395,250,60,20.75,21.75,60,94,132
8ebdb0b3-2c32-494c-b6b3-b6162684d288,2026-10-10T06:07:19.827212+00:00,129,fixed,B,CLEAR,0,1,22,3,0,12,0.4047,0.4047,0.0,0.0,190,64.1395,250,60,20.75,21.75,60,94,132
8ebdb0b3-2c32-494c-b6b3-b6162684d288,2026-10-10T06:07:19.827212+00:00,129,fixed,C,CLEAR,0,1,1,5,28,7,0.0,0.0,0.4047,0.607,190,64.1395,250,60,20.75,21.75,60,94,132
8ebdb0b3-2c32-494c-b6b3-b6162684d288,2026-10-10T06:07:19.827212+00:00,129,fixed,D,CLEAR,0,1,0,12,38,4,0.0,0.2023,0.2023,0.0,190,64.1395,250,60,20.75,21.75,60,94,132
8ebdb0b3-2c32-494c-b6b3-b6162684d288,2026-10-10T06:07:20.851685+00:00,130,forecast,A,EW,4,0,10,3,12,33,0.0,0.0,0.0,0.6016,190,65.1077,253,63,21.5556,22.5556,63,95,133
8ebdb0b3-2c32-494c-b6b3-b6162684d288,2026-10-10T06:07:20.851685+00:00,130,forecast,B,EW,1,0,22,2,0,12,0.2005,0.401,0.0,0.0,190,65.1077,253,63,21.5556,22.5556,63,95,133
8ebdb0b3-2c32-494c-b6b3-b6162684d288,2026-10-10T06:07:20.851685+00:00,130,forecast,C,EW,1,0,1,5,29,8,0.0,0.0,0.401,1.0026,190,65.1077,253,63,21.5556,22.5556,63,95,133
8ebdb0b3-2c32-494c-b6b3-b6162684d288,2026-10-10T06:07:20.851685+00:00,130,forecast,D,EW,1,0,0,11,38,4,0.0,0.2005,0.2005,0.0,190,65.1077,253,63,21.5556,22.5556,63,95,133
8ebdb0b3-2c32-494c-b6b3-b6162684d288,2026-10-10T06:07:21.829412+00:00,131,forecast,A,EW,3,0,11,3,12,33,0.1991,0.0,0.0,0.3982,190,66.0611,256,66,22.1061,23.1061,66,96,134
8ebdb0b3-2c32-494c-b6b3-b6162684d288,2026-10-10T06:07:21.829412+00:00,131,forecast,B,EW,0,0,22,1,0,12,0.1991,0.3982,0.0,0.0,190,66.0611,256,66,22.1061,23.1061,66,96,134
8ebdb0b3-2c32-494c-b6b3-b6162684d288,2026-10-10T06:07:21.829412+00:00,131,forecast,C,EW,0,0,1,5,30,7,0.0,0.0,0.5972,0.5972,190,66.0611,256,66,22.1061,23.1061,66,96,134
8ebdb0b3-2c32-494c-b6b3-b6162684d288,2026-10-10T06:07:21.829412+00:00,131,forecast,D,EW,0,0,0,10,39,4,0.0,0.1991,0.3982,0.0,190,66.0611,256,66,22.1061,23.1061,66,96,134
8ebdb0b3-2c32-494c-b6b3-b6162684d288,2026-10-10T06:07:22.830564+00:00,132,forecast,A,EW,2,0,11,2,12,35,0.1989,0.0,0.0,0.3979,192,67.0152,259,67,21.9403,22.9403,67,97,134
8ebdb0b3-2c32-494c-b6b3-b6162684d288,2026-10-10T06:07:22.830564+00:00,132,forecast,B,CLEAR,0,1,22,1,0,12,0.1989,0.3979,0.0,0.0,192,67.0152,259,67,21.9403,22.9403,67,97,134
8ebdb0b3-2c32-494c-b6b3-b6162684d288,2026-10-10T06:07:22.830564+00:00,132,forecast,C,CLEAR,0,1,1,5,30,7,0.0,0.0,0.5968,0.5968,192,67.0152,259,67,21.9403,22.9403,67,97,134
8ebdb0b3-2c32-494c-b6b3-b6162684d288,2026-10-10T06:07:22.830564+00:00,132,forecast,D,CLEAR,0,1,0,10,40,4,0.0,0.0,0.5968,0.0,192,67.0152,259,67,21.9403,22.9403,67,97,134
8ebdb0b3-2c32-494c-b6b3-b6162684d288,2026-10-10T06:07:23.842448+00:00,133,forecast,A,EW,1,0,11,2,12,36,0.1991,0.0,0.0,0.5972,194,67.9699,262,68,21.9559,22.9559,68,99,136
8ebdb0b3-2c32-494c-b6b3-b6162684d288,2026-10-10T06:07:23.842448+00:00,133,forecast,B,NS,2,0,22,1,0,12,0.1991,0.1991,0.0,0.0,194,67.9699,262,68,21.9559,22.9559,68,99,136
8ebdb0b3-2c32-494c-b6b3-b6162684d288,2026-10-10T06:07:23.842448+00:00,133,forecast,C,NS,4,0,0,5,30,7,0.0,0.0,0.5972,0.3981,194,67.9699,262,68,21.9559,22.9559,68,99,136
8ebdb0b3-2c32-494c-b6b3-b6162684d288,2026-10-10T06:07:23.842448+00:00,133,forecast,D,NS,4,0,0,10,42,4,0.0,0.0,0.7963,0.0,194,67.9699,262,68,21.9559,22.9559,68,99,136
8ebdb0b3-2c32-494c-b6b3-b6162684d288,2026-10-10T06:07:24.829399+00:00,134,forecast,A,EW,0,0,12,2,12,36,0.4019,0.0,0.0,0.6028,197,68.9328,265,68,21.9559,22.9559,68,101,138
8ebdb0b3-2c32-494c-b6b3-b6162684d288,2026-10-10T06:07:24.829399+00:00,134,forecast,B,NS,1,0,22,1,0,12,0.0,0.0,0.0,0.0,197,68.9328,265,68,21.9559,22.9559,68,101,138
8ebdb0b3-2c32-494c-b6b3-b6162684d288,2026-10-10T06:07:24.829399+00:00,134,forecast,C,NS,3,0,0,5,31,8,0.0,0.0,0.6028,0.6028,197,68.9328,265,68,21.9559,22.9559,68,101,138
8ebdb0b3-2c32-494c-b6b3-b6162684d288,2026-10-10T06:07:24.829399+00:00,134,forecast,D,NS,3,0,0,10,42,4,0.0,0.0,0.8037,0.0,197,68.9328,265,68,21.9559,22.9559,68,101,138
8ebdb0b3-2c32-494c-b6b3-b6162684d288,2026-10-10T06:07:25.833337+00:00,135,forecast,A,EW,4,0,12,2,12,37,0.4035,0.0,0.0,0.8071,200,69.9037,268,68,21.9559,22.9559,68,103,140
8ebdb0b3-2c32-494c-b6b3-b6162684d288,2026-10-10T06:07:25.833337+00:00,135,forecast,B,NS,0,0,22,1,0,12,0.0,0.0,0.0,0.0,200,69.9037,268,68,21.9559,22.9559,68,103,140
8ebdb0b3-2c32-494c-b6b3-b6162684d288,2026-10-10T06:07:25.833337+00:00,135,forecast,C,NS,2,0,0,5,31,9,0.0,0.0,0.4035,0.4035,200,69.9037,268,68,21.9559,22.9559,68,103,140
8ebdb0b3-2c32-494c-b6b3-b6162684d288,2026-10-10T06:07:25.833337+00:00,135,forecast,D,NS,2,0,0,10,43,4,0.0,0.0,1.0088,0.0,200,69.9037,268,68,21.9559,22.9559,68,103,140
8ebdb0b3-2c32-494c-b6b3-b6162684d288,2026-10-10T06:07:26.832311+00:00,136,forecast,A,EW,3,0,12,2,12,38,0.2004,0.0,0.0,1.002,203,70.8824,271,68,21.9559,22.9559,68,105,142
8ebdb0b3-2c32-494c-b6b3-b6162684d288,2026-10-10T06:07:26.832311+00:00,136,forecast,B,NS,2,0,22,2,0,12,0.0,0.2004,0.0,0.0,203,70.8824,271,68,21.9559,22.9559,68,105,142
8ebdb0b3-2c32-494c-b6b3-b6162684d288,2026-10-10T06:07:26.832311+00:00,136,forecast,C,NS,1,0,0,5,31,9,0.0,0.0,0.2004,0.4008,203,70.8824,271,68,21.9559,22.9559,68,105,142
8ebdb0b3-2c32-494c-b6b3-b6162684d288,2026-10-10T06:07:26.832311+00:00,136,forecast,D,NS,1,0,0,10,44,4,0.0,0.0,1.002,0.0,203,70.8824,271,68,21.9559,22.9559,68,105,142
8ebdb0b3-2c32-494c-b6b3-b6162684d288,2026-10-10T06:07:27.833163+00:00,137,forecast,A,EW,2,0,12,2,12,39,0.1986,0.0,0.0,0.7944,206,71.8686,274,68,21.9559,22.9559,68,107,144
8ebdb0b3-2c32-494c-b6b3-b6162684d288,2026-10-10T06:07:27.833163+00:00,137,forecast,B,NS,1,0,23,3,0,12,0.1986,0.3972,0.0,0.0,206,71.8686,274,68,21.9559,22.9559,68,107,144
8ebdb0b3-2c32-494c-b6b3-b6162684d288,2026-10-10T06:07:27.833163+00:00,137,forecast,C,NS,0,0,0,5,31,9,0.0,0.0,0.1986,0.3972,206,71.8686,274,68,21.9559,22.9559,68,107,144
8ebdb0b3-2c32-494c-b6b3-b6162684d288,2026-10-10T06:07:27.833163+00:00,137,forecast,D,NS,0,0,0,10,44,4,0.0,0.0,0.7944,0.0,206,71.8686,274,68,21.9559,22.9559,68,107,144
8ebdb0b3-2c32-494c-b6b3-b6162684d288,2026-10-10T06:07:28.832207+00:00,138,forecast,A,EW,1,0,12,1,12,39,0.1981,0.0,0.0,0.5944,209,72.8623,277,68,21.9559,22.9559,68,108,144
8ebdb0b3-2c32-494c-b6b3-b6162684d288,2026-10-10T06:07:28.832207+00:00,138,forecast,B,NS,0,0,22,4,1,12,0.1981,0.5944,0.0,0.0,209,72.8623,277,68,21.9559,22.9559,68,108,144
8ebdb0b3-2c32-494c-b6b3-b6162684d288,2026-10-10T06:07:28.832207+00:00,138,forecast,C,CLEAR,0,1,1,5,31,10,0.0,0.0,0.1981,0.5944,209,72.8623,277,68,21.9559,22.9559,68,108,144
8ebdb0b3-2c32-494c-b6b3-b6162684d288,2026-10-10T06:07:28.832207+00:00,138,forecast,D,NS,4,0,1,10,44,4,0.0,0.0,0.5944,0.0,209,72.8623,277,68,21.9559,22.9559,68,108,144
8ebdb0b3-2c32-494c-b6b3-b6162684d288,2026-10-10T06:07:29.833236+00:00,139,forecast,A,EW,0,0,12,0,12,39,0.0,0.0,0.0,0.5983,211,73.8561,280,69,22.4058,23.4058,69,109,144
8ebdb0b3-2c32-494c-b6b3-b6162684d288,2026-10-10T06:07:29.833236+00:00,139,forecast,B,CLEAR,0,1,22,6,2,12,0.1994,0.9971,0.0,0.0,211,73.8561,280,69,22.4058,23.4058,69,109,144
8ebdb0b3-2c32-494c-b6b3-b6162684d288,2026-10-10T06:07:29.833236+00:00,139,forecast,C,EW,3,0,2,4,31,9,0.0,0.0,0.0,0.3989,211,73.8561,280,69,22.4058,23.4058,69,109,144
8ebdb0b3-2c32-494c-b6b3-b6162684d288,2026-10-10T06:07:29.833236+00:00,139,forecast,D,NS,3,0,1,10,44,5,0.0,0.0,0.7977,0.0,211,73.8561,280,69,22.4058,23.4058,69,109,144
8ebdb0b3-2c32-494c-b6b3-b6162684d288,2026-10-10T06:07:30.854884+00:00,140,forecast,A,EW,3,0,13,1,12,39,0.2008,0.0,0.0,0.4017,213,74.85,283,70,22.8143,23.8143,70,110,144
8ebdb0b3-2c32-494c-b6b3-b6162684d288,2026-10-10T06:07:30.854884+00:00,140,forecast,B,EW,3,0,22,5,3,11,0.2008,1.0042,0.0,0.0,213,74.85,283,70,22.8143,23.8143,70,110,144
8ebdb0b3-2c32-494c-b6b3-b6162684d288,2026-10-10T06:07:30.854884+00:00,140,forecast,C,EW,2,0,2,3,31,8,0.0,0.0,0.0,0.2008,213,74.85,283,70,22.8143,23.8143,70,110,144
8ebdb0b3-2c32-494c-b6b3-b6162684d288,2026-10-10T06:07:30.854884+00:00,140,forecast,D,NS,2,0,2,10,45,6,0.0,0.0,1.0042,0.0,213,74.85,283,70,22.8143,23.8143,70,110,144
8ebdb0b3-2c32-494c-b6b3-b6162684d288,2026-10-10T06:07:31.843565+00:00,141,forecast,A,EW,2,0,13,2,12,38,0.2021,0.0,0.0,0.2021,215,75.844,286,71,23.169,24.169,71,110,144
8ebdb0b3-2c32-494c-b6b3-b6162684d288,2026-10-10T06:07:31.843565+00:00,141,forecast,B,EW,2,0,23,4,4,11,0.4043,0.8085,0.0,0.0,215,75.844,286,71,23.169,24.169,71,110,144
8ebdb0b3-2c32-494c-b6b3-b6162684d288,2026-10-10T06:07:31.843565+00:00,141,forecast,C,EW,1,0,2,2,31,7,0.0,0.0,0.0,0.2021,215,75.844,286,71,23.169,24.169,71,110,144
8ebdb0b3-2c32-494c-b6b3-b6162684d288,2026-10-10T06:07:31.843565+00:00,141,forecast,D,NS,1,0,3,10,46,7,0.0,0.0,1.2128,0.0,215,75.844,286,71,23.169,24.169,71,110,144
8ebdb0b3-2c32-494c-b6b3-b6162684d288,2026-10-10T06:07:32.833959+00:00,142,forecast,A,EW,1,0,13,3,12,37,0.2013,0.0,0.0,0.0,217,76.838,289,72,23.5139,24.5139,72,110,144
8ebdb0b3-2c32-494c-b6b3-b6162684d288,2026-10-10T06:07:32.833959+00:00,142,forecast,B,EW,1,0,23,4,5,11,0.2013,0.8053,0.0,0.0,217,76.838,289,72,23.5139,24.5139,72,110,144
8ebdb0b3-2c32-494c-b6b3-b6162684d288,2026-10-10T06:07:32.833959+00:00,142,forecast,C,EW,0,0,2,1,31,7,0.0,0.0,0.0,0.4026,217,76.838,289,72,23.5139,24.5139,72,110,144
8ebdb0b3-2c32-494c-b6b3-b6162684d288,2026-10-10T06:07:32.833959+00:00,142,forecast,D,NS,0,0,4,10,46,8,0.0,0.0,1.4093,0.0,217,76.838,289,72,23.5139,24.5139,72,110,144
8ebdb0b3-2c32-494c-b6b3-b6162684d288,2026-10-10T06:07:33.863522+00:00,143,forecast,A,EW,0,0,13,4,12,36,0.2002,0.0,0.0,0.0,219,77.8322,292,73,24.411,25.411,73,110,144
8ebdb0b3-2c32-494c-b6b3-b6162684d288,2026-10-10T06:07:33.863522+00:00,143,forecast,B,EW,0,0,23,3,6,11,0.2002,0.6005,0.0,0.0,219,77.8322,292,73,24.411,25.411,73,110,144
8ebdb0b3-2c32-494c-b6b3-b6162684d288,2026-10-10T06:07:33.863522+00:00,143,forecast,C,CLEAR,0,1,2,1,32,7,0.0,0.0,0.2002,0.2002,219,77.8322,292,73,24.411,25.411,73,110,144
8ebdb0b3-2c32-494c-b6b3-b6162684d288,2026-10-10T06:07:33.863522+00:00,143,forecast,D,NS,6,0,4,10,47,8,0.0,0.0,1.6012,0.0,219,77.8322,292,73,24.411,25.411,73,110,144
8ebdb0b3-2c32-494c-b6b3-b6162684d288,2026-10-10T06:07:34.836152+00:00,144,forecast,A,EW,4,0,13,4,12,35,0.1987,0.0,0.0,0.0,222,78.8333,295,73,24.411,25.411,73,111,144
8ebdb0b3-2c32-494c-b6b3-b6162684d288,2026-10-10T06:07:34.836152+00:00,144,forecast,B,CLEAR,0,1,23,4,7,12,0.1987,0.3973,0.0,0.0,222,78.8333,295,73,24.411,25.411,73,111,144
8ebdb0b3-2c32-494c-b6b3-b6162684d288,2026-10-10T06:07:34.836152+00:00,144,forecast,C,NS,4,0,2,1,33,7,0.0,0.0,0.3973,0.1987,222,78.8333,295,73,24.411,25.411,73,111,144
8ebdb0b3-2c32-494c-b6b3-b6162684d288,2026-10-10T06:07:34.836152+00:00,144,forecast,D,NS,5,0,4,11,46,8,0.0,0.1987,1.3907,0.0,222,78.8333,295,73,24.411,25.411,73,111,144
8ebdb0b3-2c32-494c-b6b3-b6162684d288,2026-10-10T06:07:35.841262+00:00,145,forecast,A,EW,3,0,13,4,12,36,0.0,0.0,0.0,0.1985,225,79.8414,298,73,24.411,25.411,73,113,144
8ebdb0b3-2c32-494c-b6b3-b6162684d288,2026-10-10T06:07:35.841262+00:00,145,forecast,B,NS,3,0,22,4,8,12,0.1985,0.397,0.0,0.0,225,79.8414,298,73,24.411,25.411,73,113,144
8ebdb0b3-2c32-494c-b6b3-b6162684d288,2026-10-10T06:07:35.841262+00:00,145,forecast,C,NS,3,0,2,1,33,7,0.0,0.0,0.397,0.1985,225,79.8414,298,73,24.411,25.411,73,113,144
8ebdb0b3-2c32-494c-b6b3-b6162684d288,2026-10-10T06:07:35.841262+00:00,145,forecast,D,NS,4,0,5,12,46,8,0.0,0.397,1.191,0.0,225,79.8414,298,73,24.411,25.411,73,113,144
8ebdb0b3-2c32-494c-b6b3-b6162684d288,2026-10-10T06:07:36.826038+00:00,146,forecast,A,EW,2,0,14,5,12,37,0.2002,0.0,0.0,0.4004,226,80.8425,301,75,25.2667,26.2667,75,115,144
8ebdb0b3-2c32-494c-b6b3-b6162684d288,2026-10-10T06:07:36.826038+00:00,146,forecast,B,NS,2,0,22,4,8,12,0.2002,0.4004,0.0,0.0,226,80.8425,301,75,25.2667,26.2667,75,115,144
8ebdb0b3-2c32-494c-b6b3-b6162684d288,2026-10-10T06:07:36.826038+00:00,146,forecast,C,NS,2,0,1,1,33,7,0.0,0.0,0.4004,0.2002,226,80.8425,301,75,25.2667,26.2667,75,115,144
8ebdb0b3-2c32-494c-b6b3-b6162684d288,2026-10-10T06:07:36.826038+00:00,146,forecast,D,NS,3,0,5,12,45,8,0.0,0.4004,0.8009,0.0,226,80.8425,301,75,25.2667,26.2667,75,115,144
8ebdb0b3-2c32-494c-b6b3-b6162684d288,2026-10-10T06:07:37.829711+00:00,147,forecast,A,EW,1,0,15,6,12,38,0.4044,0.0,0.0,0.6067,228,81.8435,304,76,25.1842,26.1842,76,117,144
8ebdb0b3-2c32-494c-b6b3-b6162684d288,2026-10-10T06:07:37.829711+00:00,147,forecast,B,NS,1,0,21,4,8,12,0.2022,0.2022,0.0,0.0,228,81.8435,304,76,25.1842,26.1842,76,117,144
8ebdb0b3-2c32-494c-b6b3-b6162684d288,2026-10-10T06:07:37.829711+00:00,147,forecast,C,NS,1,0,0,1,33,7,0.0,0.0,0.4044,0.0,228,81.8435,304,76,25.1842,26.1842,76,117,144
8ebdb0b3-2c32-494c-b6b3-b6162684d288,2026-10-10T06:07:37.829711+00:00,147,forecast,D,NS,2,0,6,12,45,8,0.0,0.4044,0.8089,0.0,228,81.8435,304,76,25.1842,26.1842,76,117,144
8ebdb0b3-2c32-494c-b6b3-b6162684d288,2026-10-10T06:07:38.850691+00:00,148,forecast,A,EW,0,0,15,6,12,38,0.4023,0.0,0.0,0.6035,230,82.8446,307,77,26.1039,27.1039,77,119,144
8ebdb0b3-2c32-494c-b6b3-b6162684d288,2026-10-10T06:07:38.850691+00:00,148,forecast,B,NS,0,0,20,5,8,12,0.2012,0.4023,0.0,0.0,230,82.8446,307,77,26.1039,27.1039,77,119,144
8ebdb0b3-2c32-494c-b6b3-b6162684d288,2026-10-10T06:07:38.850691+00:00,148,forecast,C,NS,0,0,1,1,33,7,0.0,0.0,0.2012,0.0,230,82.8446,307,77,26.1039,27.1039,77,119,144
8ebdb0b3-2c32-494c-b6b3-b6162684d288,2026-10-10T06:07:38.850691+00:00,148,forecast,D,NS,1,0,6,14,44,8,0.0,0.8047,0.4023,0.0,230,82.8446,307,77,26.1039,27.1039,77,119,144
8ebdb0b3-2c32-494c-b6b3-b6162684d288,2026-10-10T06:07:39.821187+00:00,149,forecast,A,EW,4,0,16,5,12,38,0.5979,0.0,0.0,0.5979,231,83.8389,310,79,27.8354,28.8354,79,121,144
8ebdb0b3-2c32-494c-b6b3-b6162684d288,2026-10-10T06:07:39.821187+00:00,149,forecast,B,NS,3,0,19,6,8,12,0.1993,0.3986,0.0,0.0,231,83.8389,310,79,27.8354,28.8354,79,121,144
8ebdb0b3-2c32-494c-b6b3-b6162684d288,2026-10-10T06:07:39.821187+00:00,149,forecast,C,NS,4,0,2,1,34,7,0.0,0.0,0.1993,0.0,231,83.8389,310,79,27.8354,28.8354,79,121,144
8ebdb0b3-2c32-494c-b6b3-b6162684d288,2026-10-10T06:07:39.821187+00:00,149,forecast,D,NS,0,0,6,14,43,8,0.0,0.5979,0.3986,0.0,231,83.8389,310,79,27.8354,28.8354,79,121,144
8ebdb0b3-2c32-494c-b6b3-b6162684d288,2026-10-10T06:07:40.847370+00:00,150,forecast,A,EW,3,0,16,4,12,38,0.595,0.0,0.0,0.3966,231,84.82,313,82,29.2439,30.2439,82,123,144
8ebdb0b3-2c32-494c-b6b3-b6162684d288,2026-10-10T06:07:40.847370+00:00,150,forecast,B,NS,2,0,18,7,8,12,0.1983,0.595,0.0,0.0,231,84.82,313,82,29.2439,30.2439,82,123,144
8ebdb0b3-2c32-494c-b6b3-b6162684d288,2026-10-10T06:07:40.847370+00:00,150,forecast,C,NS,3,0,2,1,35,8,0.0,0.0,0.3966,0.1983,231,84.82,313,82,29.2439,30.2439,82,123,144
8ebdb0b3-2c32-494c-b6b3-b6162684d288,2026-10-10T06:07:40.847370+00:00,150,forecast,D,NS,4,0,6,14,42,8,0.0,0.3966,0.1983,0.0,231,84.82,313,82,29.2439,30.2439,82,123,144
8ebdb0b3-2c32-494c-b6b3-b6162684d288,2026-10-10T06:07:41.835859+00:00,151,forecast,A,EW,2,0,16,4,12,38,0.3972,0.0,0.0,0.1986,234,85.8079,316,82,29.2439,30.2439,82,125,144
8ebdb0b3-2c32-494c-b6b3-b6162684d288,2026-10-10T06:07:41.835859+00:00,151,forecast,B,NS,1,0,17,7,8,12,0.0,0.5958,0.0,0.0,234,85.8079,316,82,29.2439,30.2439,82,125,144
8ebdb0b3-2c32-494c-b6b3-b6162684d288,2026-10-10T06:07:41.835859+00:00,151,forecast,C,NS,2,0,3,1,35,9,0.0,0.0,0.3972,0.3972,234,85.8079,316,82,29.2439,30.2439,82,125,144
8ebdb0b3-2c32-494c-b6b3-b6162684d288,2026-10-10T06:07:41.835859+00:00,151,forecast,D,NS,3,0,7,15,42,8,0.0,0.5958,0.3972,0.0,234,85.8079,316,82,29.2439,30.2439,82,125,144
8ebdb0b3-2c32-494c-b6b3-b6162684d288,2026-10-10T06:07:42.822779+00:00,152,forecast,A,EW,1,0,16,5,12,39,0.1998,0.0,0.0,0.1998,237,86.8026,319,82,29.2439,30.2439,82,127,144
8ebdb0b3-2c32-494c-b6b3-b6162684d288,2026-10-10T06:07:42.822779+00:00,152,forecast,B,NS,0,0,16,7,8,12,0.0,0.5993,0.0,0.0,237,86.8026,319,82,29.2439,30.2439,82,127,144
8ebdb0b3-2c32-494c-b6b3-b6162684d288,2026-10-10T06:07:42.822779+00:00,152,forecast,C,NS,1,0,3,1,37,9,0.0,0.0,0.7991,0.3995,237,86.8026,319,82,29.2439,30.2439,82,127,144
8ebdb0b3-2c32-494c-b6b3-b6162684d288,2026-10-10T06:07:42.822779+00:00,152,forecast,D,NS,2,0,8,15,41,8,0.0,0.5993,0.1998,0.0,237,86.8026,319,82,29.2439,30.2439,82,127,144
8ebdb0b3-2c32-494c-b6b3-b6162684d288,2026-10-10T06:07:43.821622+00:00,153,forecast,A,EW,0,0,17,6,12,40,0.4039,0.0,0.0,0.4039,239,87.7974,322,83,30.0,31.0,83,129,144
8ebdb0b3-2c32-494c-b6b3-b6162684d288,2026-10-10T06:07:43.821622+00:00,153,forecast,B,NS,3,0,16,7,8,12,0.2019,0.4039,0.0,0.0,239,87.7974,322,83,30.0,31.0,83,129,144
8ebdb0b3-2c32-494c-b6b3-b6162684d288,2026-10-10T06:07:43.821622+00:00,153,forecast,C,NS,0,0,3,1,37,9,0.0,0.0,0.8077,0.4039,239,87.7974,322,83,30.0,31.0,83,129,144
8ebdb0b3-2c32-494c-b6b3-b6162684d288,2026-10-10T06:07:43.821622+00:00,153,forecast,D,NS,1,0,8,15,40,8,0.0,0.2019,0.2019,0.0,239,87.7974,322,83,30.0,31.0,83,129,144
8ebdb0b3-2c32-494c-b6b3-b6162684d288,2026-10-10T06:07:44.836308+00:00,154,forecast,A,EW,4,0,17,6,12,40,0.2026,0.0,0.0,0.4051,240,88.7857,325,85,31.7412,32.7412,85,131,144
8ebdb0b3-2c32-494c-b6b3-b6162684d288,2026-10-10T06:07:44.836308+00:00,154,forecast,B,NS,2,0,15,8,8,12,0.2026,0.4051,0.0,0.0,240,88.7857,325,85,31.7412,32.7412,85,131,144
8ebdb0b3-2c32-494c-b6b3-b6162684d288,2026-10-10T06:07:44.836308+00:00,154,forecast,C,NS,5,0,3,1,38,10,0.0,0.0,0.8102,0.6077,240,88.7857,325,85,31.7412,32.7412,85,131,144
8ebdb0b3-2c32-494c-b6b3-b6162684d288,2026-10-10T06:07:44.836308+00:00,154,forecast,D,NS,0,0,8,15,39,8,0.0,0.2026,0.2026,0.0,240,88.7857,325,85,31.7412,32.7412,85,131,144
8ebdb0b3-2c32-494c-b6b3-b6162684d288,2026-10-10T06:07:45.821969+00:00,155,forecast,A,EW,3,0,17,6,12,40,0.1999,0.0,0.0,0.3999,241,89.7677,328,87,33.4138,34.4138,87,133,144
8ebdb0b3-2c32-494c-b6b3-b6162684d288,2026-10-10T06:07:45.821969+00:00,155,forecast,B,NS,1,0,14,9,8,12,0.1999,0.3999,0.0,0.0,241,89.7677,328,87,33.4138,34.4138,87,133,144
8ebdb0b3-2c32-494c-b6b3-b6162684d288,2026-10-10T06:07:45.821969+00:00,155,forecast,C,NS,4,0,3,1,39,10,0.0,0.0,0.7997,0.3999,241,89.7677,328,87,33.4138,34.4138,87,133,144
8ebdb0b3-2c32-494c-b6b3-b6162684d288,2026-10-10T06:07:45.821969+00:00,155,forecast,D,NS,4,0,8,15,39,8,0.0,0.1999,0.3999,0.0,241,89.7677,328,87,33.4138,34.4138,87,133,144
8ebdb0b3-2c32-494c-b6b3-b6162684d288,2026-10-10T06:07:46.821396+00:00,156,forecast,A,EW,2,0,17,6,12,40,0.1983,0.0,0.0,0.3967,241,90.7372,331,90,34.6222,35.6222,90,135,144
8ebdb0b3-2c32-494c-b6b3-b6162684d288,2026-10-10T06:07:46.821396+00:00,156,forecast,B,NS,0,0,14,9,8,12,0.3967,0.3967,0.0,0.0,241,90.7372,331,90,34.6222,35.6222,90,135,144
8ebdb0b3-2c32-494c-b6b3-b6162684d288,2026-10-10T06:07:46.821396+00:00,156,forecast,C,NS,3,0,2,1,39,10,0.0,0.0,0.7934,0.1983,241,90.7372,331,90,34.6222,35.6222,90,135,144
8ebdb0b3-2c32-494c-b6b3-b6162684d288,2026-10-10T06:07:46.821396+00:00,156,forecast,D,NS,3,0,8,16,39,8,0.0,0.1983,0.3967,0.0,241,90.7372,331,90,34.6222,35.6222,90,135,144
8ebdb0b3-2c32-494c-b6b3-b6162684d288,2026-10-10T06:07:47.850219+00:00,157,forecast,A,EW,1,0,17,7,12,40,0.1976,0.0,0.0,0.1976,242,91.7006,334,92,34.9565,35.9565,92,137,144
8ebdb0b3-2c32-494c-b6b3-b6162684d288,2026-10-10T06:07:47.850219+00:00,157,forecast,B,NS,3,0,13,9,8,12,0.3952,0.3952,0.0,0.0,242,91.7006,334,92,34.9565,35.9565,92,137,144
8ebdb0b3-2c32-494c-b6b3-b6162684d288,2026-10-10T06:07:47.850219+00:00,157,forecast,C,NS,2,0,1,1,40,12,0.0,0.0,0.5929,0.5929,242,91.7006,334,92,34.9565,35.9565,92,137,144
8ebdb0b3-2c32-494c-b6b3-b6162684d288,2026-10-10T06:07:47.850219+00:00,157,forecast,D,NS,2,0,8,16,38,8,0.0,0.1976,0.3952,0.0,242,91.7006,334,92,34.9565,35.9565,92,137,144
8ebdb0b3-2c32-494c-b6b3-b6162684d288,2026-10-10T06:07:48.825048+00:00,158,forecast,A,EW,0,0,17,7,12,41,0.0,0.0,0.0,0.1999,243,92.6582,337,94,35.9149,36.9149,94,139,144
8ebdb0b3-2c32-494c-b6b3-b6162684d288,2026-10-10T06:07:48.825048+00:00,158,forecast,B,NS,2,0,12,9,8,12,0.1999,0.3998,0.0,0.0,243,92.6582,337,94,35.9149,36.9149,94,139,144
8ebdb0b3-2c32-494c-b6b3-b6162684d288,2026-10-10T06:07:48.825048+00:00,158,forecast,C,NS,1,0,1,1,40,14,0.0,0.0,0.5996,0.9994,243,92.6582,337,94,35.9149,36.9149,94,139,144
8ebdb0b3-2c32-494c-b6b3-b6162684d288,2026-10-10T06:07:48.825048+00:00,158,forecast,D,NS,1,0,8,16,37,8,0.0,0.1999,0.3998,0.0,243,92.6582,337,94,35.9149,36.9149,94,139,144
8ebdb0b3-2c32-494c-b6b3-b6162684d288,2026-10-10T06:07:49.844861+00:00,159,forecast,A,EW,5,0,18,7,12,42,0.2019,0.0,0.0,0.4038,243,93.6038,340,97,36.7526,37.7526,97,141,144
8ebdb0b3-2c32-494c-b6b3-b6162684d288,2026-10-10T06:07:49.844861+00:00,159,forecast,B,NS,1,0,11,10,8,12,0.2019,0.4038,0.0,0.0,243,93.6038,340,97,36.7526,37.7526,97,141,144
8ebdb0b3-2c32-494c-b6b3-b6162684d288,2026-10-10T06:07:49.844861+00:00,159,forecast,C,NS,0,0,0,1,40,14,0.0,0.0,0.4038,0.8075,243,93.6038,340,97,36.7526,37.7526,97,141,144
8ebdb0b3-2c32-494c-b6b3-b6162684d288,2026-10-10T06:07:49.844861+00:00,159,forecast,D,NS,0,0,8,16,36,8,0.0,0.2019,0.4038,0.0,243,93.6038,340,97,36.7526,37.7526,97,141,144
8ebdb0b3-2c32-494c-b6b3-b6162684d288,2026-10-10T06:07:50.832980+00:00,160,forecast,A,EW,4,0,18,6,12,42,0.2028,0.0,0.0,0.4056,243,94.5375,343,100,38.06,39.06,100,143,144
8ebdb0b3-2c32-494c-b6b3-b6162684d288,2026-10-10T06:07:50.832980+00:00,160,forecast,B,NS,0,0,10,11,8,12,0.2028,0.4056,0.0,0.0,243,94.5375,343,100,38.06,39.06,100,143,144
8ebdb0b3-2c32-494c-b6b3-b6162684d288,2026-10-10T06:07:50.832980+00:00,160,forecast,C,NS,3,0,0,1,40,14,0.0,0.0,0.2028,0.8112,243,94.5375,343,100,38.06,39.06,100,143,144
8ebdb0b3-2c32-494c-b6b3-b6162684d288,2026-10-10T06:07:50.832980+00:00,160,forecast,D,NS,4,0,8,18,35,8,0.0,0.6084,0.2028,0.0,243,94.5375,343,100,38.06,39.06,100,143,144
8ebdb0b3-2c32-494c-b6b3-b6162684d288,2026-10-10T06:07:51.825931+00:00,161,forecast,A,EW,3,0,18,5,12,43,0.2003,0.0,0.0,0.601,244,95.4658,346,102,38.9608,39.9608,102,145,144
8ebdb0b3-2c32-494c-b6b3-b6162684d288,2026-10-10T06:07:51.825931+00:00,161,forecast,B,CLEAR,0,1,10,11,9,12,0.0,0.4007,0.0,0.0,244,95.4658,346,102,38.9608,39.9608,102,145,144
8ebdb0b3-2c32-494c-b6b3-b6162684d288,2026-10-10T06:07:51.825931+00:00,161,forecast,C,NS,2,0,0,1,41,14,0.0,0.0,0.4007,0.8014,244,95.4658,346,102,38.9608,39.9608,102,145,144
8ebdb0b3-2c32-494c-b6b3-b6162684d288,2026-10-10T06:07:51.825931+00:00,161,forecast,D,NS,3,0,7,18,35,8,0.0,0.4007,0.2003,0.0,244,95.4658,346,102,38.9608,39.9608,102,145,144
8ebdb0b3-2c32-494c-b6b3-b6162684d288,2026-10-10T06:07:52.823410+00:00,162,forecast,A,EW,2,0,18,5,12,43,0.1985,0.0,0.0,0.5954,245,96.3889,349,104,39.8365,40.8365,104,147,144
8ebdb0b3-2c32-494c-b6b3-b6162684d288,2026-10-10T06:07:52.823410+00:00,162,forecast,B,EW,3,0,10,11,10,11,0.0,0.5954,0.0,0.0,245,96.3889,349,104,39.8365,40.8365,104,147,144
8ebdb0b3-2c32-494c-b6b3-b6162684d288,2026-10-10T06:07:52.823410+00:00,162,forecast,C,NS,1,0,0,1,42,14,0.0,0.0,0.3969,0.3969,245,96.3889,349,104,39.8365,40.8365,104,147,144
8ebdb0b3-2c32-494c-b6b3-b6162684d288,2026-10-10T06:07:52.823410+00:00,162,forecast,D,NS,2,0,7,18,35,8,0.0,0.3969,0.3969,0.0,245,96.3889,349,104,39.8365,40.8365,104,147,144
8ebdb0b3-2c32-494c-b6b3-b6162684d288,2026-10-10T06:07:53.832357+00:00,163,forecast,A,EW,1,0,18,5,12,43,0.1979,0.0,0.0,0.5936,245,97.3006,352,107,41.2336,42.2336,107,148,144
8ebdb0b3-2c32-494c-b6b3-b6162684d288,2026-10-10T06:07:53.832357+00:00,163,forecast,B,EW,2,0,10,12,11,11,0.0,0.9893,0.0,0.0,245,97.3006,352,107,41.2336,42.2336,107,148,144
8ebdb0b3-2c32-494c-b6b3-b6162684d288,2026-10-10T06:07:53.832357+00:00,163,forecast,C,NS,0,0,0,1,42,14,0.0,0.0,0.3957,0.0,245,97.3006,352,107,41.2336,42.2336,107,148,144
8ebdb0b3-2c32-494c-b6b3-b6162684d288,2026-10-10T06:07:53.832357+00:00,163,forecast,D,NS,1,0,6,18,34,8,0.0,0.3957,0.3957,0.0,245,97.3006,352,107,41.2336,42.2336,107,148,144
8ebdb0b3-2c32-494c-b6b3-b6162684d288,2026-10-10T06:07:54.882034+00:00,164,forecast,A,EW,0,0,18,5,12,42,0.0,0.0,0.0,0.3974,246,98.2073,355,109,41.9541,42.9541,109,149,144
8ebdb0b3-2c32-494c-b6b3-b6162684d288,2026-10-10T06:07:54.882034+00:00,164,forecast,B,EW,1,0,11,13,12,11,0.1987,1.1922,0.0,0.0,246,98.2073,355,109,41.9541,42.9541,109,149,144
8ebdb0b3-2c32-494c-b6b3-b6162684d288,2026-10-10T06:07:54.882034+00:00,164,forecast,C,NS,4,0,0,1,42,14,0.0,0.0,0.3974,0.0,246,98.2073,355,109,41.9541,42.9541,109,149,144
8ebdb0b3-2c32-494c-b6b3-b6162684d288,2026-10-10T06:07:54.882034+00:00,164,forecast,D,NS,0,0,6,18,33,8,0.0,0.3974,0.3974,0.0,246,98.2073,355,109,41.9541,42.9541,109,149,144
8ebdb0b3-2c32-494c-b6b3-b6162684d288,2026-10-10T06:07:55.834334+00:00,165,forecast,A,EW,5,0,18,5,12,42,0.0,0.0,0.0,0.6025,246,99.103,358,112,43.2143,44.2143,112,151,144
8ebdb0b3-2c32-494c-b6b3-b6162684d288,2026-10-10T06:07:55.834334+00:00,165,forecast,B,EW,0,0,12,13,12,11,0.4017,1.205,0.0,0.0,246,99.103,358,112,43.2143,44.2143,112,151,144
8ebdb0b3-2c32-494c-b6b3-b6162684d288,2026-10-10T06:07:55.834334+00:00,165,forecast,C,NS,3,0,0,1,42,14,0.0,0.0,0.4017,0.0,246,99.103,358,112,43.2143,44.2143,112,151,144
8ebdb0b3-2c32-494c-b6b3-b6162684d288,2026-10-10T06:07:55.834334+00:00,165,forecast,D,NS,4,0,5,18,33,8,0.0,0.0,0.4017,0.0,246,99.103,358,112,43.2143,44.2143,112,151,144
8ebdb0b3-2c32-494c-b6b3-b6162684d288,2026-10-10T06:07:56.826997+00:00,166,forecast,A,EW,4,0,18,6,12,43,0.0,0.0,0.0,0.8094,247,99.994,361,114,43.9825,44.9825,114,153,144
8ebdb0b3-2c32-494c-b6b3-b6162684d288,2026-10-10T06:07:56.826997+00:00,166,forecast,B,EW,4,0,12,12,12,11,0.4047,1.214,0.0,0.0,247,99.994,361,114,43.9825,44.9825,114,153,144
8ebdb0b3-2c32-494c-b6b3-b6162684d288,2026-10-10T06:07:56.826997+00:00,166,forecast,C,NS,2,0,0,1,42,14,0.0,0.0,0.2023,0.0,247,99.994,361,114,43.9825,44.9825,114,153,144
8ebdb0b3-2c32-494c-b6b3-b6162684d288,2026-10-10T06:07:56.826997+00:00,166,forecast,D,NS,3,0,4,18,34,8,0.0,0.0,0.4047,0.0,247,99.994,361,114,43.9825,44.9825,114,153,144
8ebdb0b3-2c32-494c-b6b3-b6162684d288,2026-10-10T06:07:57.828737+00:00,167,forecast,A,EW,3,0,18,6,12,43,0.0,0.0,0.0,1.0074,248,100.8802,364,116,44.6207,45.6207,116,155,144
8ebdb0b3-2c32-494c-b6b3-b6162684d288,2026-10-10T06:07:57.828737+00:00,167,forecast,B,EW,3,0,13,11,12,11,0.6045,1.0074,0.0,0.0,248,100.8802,364,116,44.6207,45.6207,116,155,144
8ebdb0b3-2c32-494c-b6b3-b6162684d288,2026-10-10T06:07:57.828737+00:00,167,forecast,C,NS,1,0,0,1,43,14,0.0,0.0,0.2015,0.0,248,100.8802,364,116,44.6207,45.6207,116,155,144
8ebdb0b3-2c32-494c-b6b3-b6162684d288,2026-10-10T06:07:57.828737+00:00,167,forecast,D,NS,2,0,4,18,34,8,0.0,0.0,0.2015,0.0,248,100.8802,364,116,44.6207,45.6207,116,155,144
8ebdb0b3-2c32-494c-b6b3-b6162684d288,2026-10-10T06:07:58.827291+00:00,168,forecast,A,EW,2,0,18,7,12,42,0.0,0.0,0.0,0.798,250,101.7679,367,117,44.8205,45.8205,117,157,144
8ebdb0b3-2c32-494c-b6b3-b6162684d288,2026-10-10T06:07:58.827291+00:00,168,forecast,B,EW,2,0,13,10,12,11,0.5985,0.5985,0.0,0.0,250,101.7679,367,117,44.8205,45.8205,117,157,144
8ebdb0b3-2c32-494c-b6b3-b6162684d288,2026-10-10T06:07:58.827291+00:00,168,forecast,C,NS,0,0,0,1,43,15,0.0,0.0,0.1995,0.1995,250,101.7679,367,117,44.8205,45.8205,117,157,144
8ebdb0b3-2c32-494c-b6b3-b6162684d288,2026-10-10T06:07:58.827291+00:00,168,forecast,D,NS,1,0,4,19,35,8,0.0,0.1995,0.399,0.0,250,101.7679,367,117,44.8205,45.8205,117,157,144
8ebdb0b3-2c32-494c-b6b3-b6162684d288,2026-10-10T06:07:59.846978+00:00,169,forecast,A,EW,1,0,18,8,12,41,0.0,0.0,0.0,0.7913,253,102.6627,370,117,44.8205,45.8205,117,159,144
8ebdb0b3-2c32-494c-b6b3-b6162684d288,2026-10-10T06:07:59.846978+00:00,169,forecast,B,EW,1,0,13,9,12,11,0.3956,0.1978,0.0,0.0,253,102.6627,370,117,44.8205,45.8205,117,159,144
8ebdb0b3-2c32-494c-b6b3-b6162684d288,2026-10-10T06:07:59.846978+00:00,169,forecast,C,NS,4,0,0,1,45,15,0.0,0.0,0.5935,0.1978,253,102.6627,370,117,44.8205,45.8205,117,159,144
8ebdb0b3-2c32-494c-b6b3-b6162684d288,2026-10-10T06:07:59.846978+00:00,169,forecast,D,NS,0,0,5,19,36,8,0.0,0.1978,0.5935,0.0,253,102.6627,370,117,44.8205,45.8205,117,159,144
8ebdb0b3-2c32-494c-b6b3-b6162684d288,2026-10-10T06:08:00.844746+00:00,170,forecast,A,EW,0,0,18,8,12,40,0.0,0.0,0.0,0.5952,254,103.5529,373,119,45.916,46.916,119,161,144
8ebdb0b3-2c32-494c-b6b3-b6162684d288,2026-10-10T06:08:00.844746+00:00,170,forecast,B,EW,0,0,13,10,12,11,0.1984,0.3968,0.0,0.0,254,103.5529,373,119,45.916,46.916,119,161,144
8ebdb0b3-2c32-494c-b6b3-b6162684d288,2026-10-10T06:08:00.844746+00:00,170,forecast,C,NS,3,0,1,1,45,15,0.0,0.0,0.5952,0.1984,254,103.5529,373,119,45.916,46.916,119,161,144
8ebdb0b3-2c32-494c-b6b3-b6162684d288,2026-10-10T06:08:00.844746+00:00,170,forecast,D,NS,5,0,4,19,37,8,0.0,0.1984,0.7936,0.0,254,103.5529,373,119,45.916,46.916,119,161,144
8ebdb0b3-2c32-494c-b6b3-b6162684d288,2026-10-10T06:08:01.827848+00:00,171,forecast,A,EW,4,0,18,7,12,39,0.0,0.0,0.0,0.1997,256,104.4444,376,120,45.8,46.8,120,163,144
8ebdb0b3-2c32-494c-b6b3-b6162684d288,2026-10-10T06:08:01.827848+00:00,171,forecast,B,CLEAR,0,1,13,10,12,12,0.1997,0.3993,0.0,0.0,256,104.4444,376,120,45.8,46.8,120,163,144
8ebdb0b3-2c32-494c-b6b3-b6162684d288,2026-10-10T06:08:01.827848+00:00,171,forecast,C,NS,2,0,1,1,46,15,0.0,0.0,0.7986,0.1997,256,104.4444,376,120,45.8,46.8,120,163,144
8ebdb0b3-2c32-494c-b6b3-b6162684d288,2026-10-10T06:08:01.827848+00:00,171,forecast,D,NS,4,0,4,19,39,8,0.0,0.1997,0.9983,0.0,256,104.4444,376,120,45.8,46.8,120,163,144
8ebdb0b3-2c32-494c-b6b3-b6162684d288,2026-10-10T06:08:02.850066+00:00,172,forecast,A,EW,3,0,18,6,12,39,0.0,0.0,0.0,0.0,257,105.3314,379,122,46.6311,47.6311,122,165,144
8ebdb0b3-2c32-494c-b6b3-b6162684d288,2026-10-10T06:08:02.850066+00:00,172,forecast,B,NS,3,0,12,10,12,12,0.0,0.4042,0.0,0.0,257,105.3314,379,122,46.6311,47.6311,122,165,144
8ebdb0b3-2c32-494c-b6b3-b6162684d288,2026-10-10T06:08:02.850066+00:00,172,forecast,C,NS,1,0,2,1,47,16,0.0,0.0,0.8085,0.4042,257,105.3314,379,122,46.6311,47.6311,122,165,144
8ebdb0b3-2c32-494c-b6b3-b6162684d288,2026-10-10T06:08:02.850066+00:00,172,forecast,D,NS,3,0,4,19,39,8,0.0,0.2021,1.2127,0.0,257,105.3314,379,122,46.6311,47.6311,122,165,144
8ebdb0b3-2c32-494c-b6b3-b6162684d288,2026-10-10T06:08:03.859182+00:00,173,forecast,A,EW,2,0,18,6,12,40,0.0,0.0,0.0,0.2013,259,106.2197,382,123,46.4878,47.4878,123,167,144
8ebdb0b3-2c32-494c-b6b3-b6162684d288,2026-10-10T06:08:03.859182+00:00,173,forecast,B,NS,2,0,11,10,12,12,0.0,0.4026,0.0,0.0,259,106.2197,382,123,46.4878,47.4878,123,167,144
8ebdb0b3-2c32-494c-b6b3-b6162684d288,2026-10-10T06:08:03.859182+00:00,173,forecast,C,NS,0,0,2,1,47,17,0.0,0.0,0.8051,0.4026,259,106.2197,382,123,46.4878,47.4878,123,167,144
8ebdb0b3-2c32-494c-b6b3-b6162684d288,2026-10-10T06:08:03.859182+00:00,173,forecast,D,NS,2,0,5,20,38,8,0.0,0.2013,1.0064,0.0,259,106.2197,382,123,46.4878,47.4878,123,167,144
8ebdb0b3-2c32-494c-b6b3-b6162684d288,2026-10-10T06:08:04.829329+00:00,174,forecast,A,EW,1,0,18,6,12,40,0.0,0.0,0.0,0.2009,261,107.1092,385,124,46.3226,47.3226,124,169,144
8ebdb0b3-2c32-494c-b6b3-b6162684d288,2026-10-10T06:08:04.829329+00:00,174,forecast,B,NS,1,0,10,10,12,12,0.0,0.4017,0.0,0.0,261,107.1092,385,124,46.3226,47.3226,124,169,144
8ebdb0b3-2c32-494c-b6b3-b6162684d288,2026-10-10T06:08:04.829329+00:00,174,forecast,C,NS,5,0,2,1,47,19,0.0,0.0,0.4017,0.8035,261,107.1092,385,124,46.3226,47.3226,124,169,144
8ebdb0b3-2c32-494c-b6b3-b6162684d288,2026-10-10T06:08:04.829329+00:00,174,forecast,D,NS,1,0,6,20,38,8,0.0,0.2009,1.0044,0.0,261,107.1092,385,124,46.3226,47.3226,124,169,144
8ebdb0b3-2c32-494c-b6b3-b6162684d288,2026-10-10T06:08:05.833683+00:00,175,forecast,A,EW,0,0,18,5,12,41,0.0,0.0,0.0,0.397,261,107.9886,388,127,46.8819,47.8819,127,171,144
8ebdb0b3-2c32-494c-b6b3-b6162684d288,2026-10-10T06:08:05.833683+00:00,175,forecast,B,NS,0,0,9,10,12,12,0.0,0.0,0.0,0.0,261,107.9886,388,127,46.8819,47.8819,127,171,144
8ebdb0b3-2c32-494c-b6b3-b6162684d288,2026-10-10T06:08:05.833683+00:00,175,forecast,C,NS,4,0,2,1,49,19,0.0,0.0,0.7939,0.7939,261,107.9886,388,127,46.8819,47.8819,127,171,144
8ebdb0b3-2c32-494c-b6b3-b6162684d288,2026-10-10T06:08:05.833683+00:00,175,forecast,D,NS,0,0,6,20,37,8,0.0,0.1985,0.7939,0.0,261,107.9886,388,127,46.8819,47.8819,127,171,144
8ebdb0b3-2c32-494c-b6b3-b6162684d288,2026-10-10T06:08:06.830796+00:00,176,forecast,A,EW,5,0,18,4,12,43,0.0,0.0,0.0,0.791,262,108.8636,391,129,47.5891,48.5891,129,173,144
8ebdb0b3-2c32-494c-b6b3-b6162684d288,2026-10-10T06:08:06.830796+00:00,176,forecast,B,NS,3,0,9,10,12,12,0.1977,0.0,0.0,0.0,262,108.8636,391,129,47.5891,48.5891,129,173,144
8ebdb0b3-2c32-494c-b6b3-b6162684d288,2026-10-10T06:08:06.830796+00:00,176,forecast,C,NS,3,0,3,1,49,19,0.0,0.0,0.5932,0.791,262,108.8636,391,129,47.5891,48.5891,129,173,144
8ebdb0b3-2c32-494c-b6b3-b6162684d288,2026-10-10T06:08:06.830796+00:00,176,forecast,D,NS,4,0,6,20,36,8,0.0,0.1977,0.3955,0.0,262,108.8636,391,129,47.5891,48.5891,129,173,144
8ebdb0b3-2c32-494c-b6b3-b6162684d288,2026-10-10T06:08:07.835837+00:00,177,forecast,A,EW,4,0,18,3,12,44,0.0,0.0,0.0,0.9974,262,109.7288,394,132,48.0909,49.0909,132,175,144
8ebdb0b3-2c32-494c-b6b3-b6162684d288,2026-10-10T06:08:07.835837+00:00,177,forecast,B,NS,2,0,8,10,12,12,0.1995,0.0,0.0,0.0,262,109.7288,394,132,48.0909,49.0909,132,175,144
8ebdb0b3-2c32-494c-b6b3-b6162684d288,2026-10-10T06:08:07.835837+00:00,177,forecast,C,NS,2,0,3,1,50,19,0.0,0.0,0.5984,0.5984,262,109.7288,394,132,48.0909,49.0909,132,175,144
8ebdb0b3-2c32-494c-b6b3-b6162684d288,2026-10-10T06:08:07.835837+00:00,177,forecast,D,NS,3,0,6,20,36,8,0.0,0.1995,0.399,0.0,262,109.7288,394,132,48.0909,49.0909,132,175,144
8ebdb0b3-2c32-494c-b6b3-b6162684d288,2026-10-10T06:08:08.831034+00:00,178,forecast,A,EW,3,0,18,2,12,45,0.0,0.0,0.0,1.006,263,110.5899,397,134,48.2164,49.2164,134,177,144
8ebdb0b3-2c32-494c-b6b3-b6162684d288,2026-10-10T06:08:08.831034+00:00,178,forecast,B,NS,1,0,7,10,12,12,0.2012,0.0,0.0,0.0,263,110.5899,397,134,48.2164,49.2164,134,177,144
8ebdb0b3-2c32-494c-b6b3-b6162684d288,2026-10-10T06:08:08.831034+00:00,178,forecast,C,NS,1,0,3,1,50,19,0.0,0.0,0.6036,0.4024,263,110.5899,397,134,48.2164,49.2164,134,177,144
8ebdb0b3-2c32-494c-b6b3-b6162684d288,2026-10-10T06:08:08.831034+00:00,178,forecast,D,NS,2,0,7,21,36,8,0.0,0.2012,0.6036,0.0,263,110.5899,397,134,48.2164,49.2164,134,177,144
8ebdb0b3-2c32-494c-b6b3-b6162684d288,2026-10-10T06:08:09.835789+00:00,179,forecast,A,EW,2,0,19,2,12,45,0.2016,0.0,0.0,1.0082,265,111.4525,400,135,48.4074,49.4074,135,179,144
8ebdb0b3-2c32-494c-b6b3-b6162684d288,2026-10-10T06:08:09.835789+00:00,179,forecast,B,NS,0,0,6,10,12,12,0.2016,0.0,0.0,0.0,265,111.4525,400,135,48.4074,49.4074,135,179,144
8ebdb0b3-2c32-494c-b6b3-b6162684d288,2026-10-10T06:08:09.835789+00:00,179,forecast,C,NS,0,0,3,1,50,20,0.0,0.0,0.6049,0.2016,265,111.4525,400,135,48.4074,49.4074,135,179,144
8ebdb0b3-2c32-494c-b6b3-b6162684d288,2026-10-10T06:08:09.835789+00:00,179,forecast,D,NS,1,0,8,22,35,8,0.0,0.4033,0.4033,0.0,265,111.4525,400,135,48.4074,49.4074,135,179,144
8ebdb0b3-2c32-494c-b6b3-b6162684d288,2026-10-10T06:08:10.855615+00:00,180,forecast,A,EW,1,0,19,2,12,45,0.2003,0.0,0.0,0.8011,266,112.3111,403,137,48.5547,49.5547,137,182,144
8ebdb0b3-2c32-494c-b6b3-b6162684d288,2026-10-10T06:08:10.855615+00:00,180,forecast,B,CLEAR,0,1,6,12,12,12,0.2003,0.4006,0.0,0.0,266,112.3111,403,137,48.5547,49.5547,137,182,144
8ebdb0b3-2c32-494c-b6b3-b6162684d288,2026-10-10T06:08:10.855615+00:00,180,forecast,C,NS,5,0,2,1,50,20,0.0,0.0,0.2003,0.2003,266,112.3111,403,137,48.5547,49.5547,137,182,144
8ebdb0b3-2c32-494c-b6b3-b6162684d288,2026-10-10T06:08:10.855615+00:00,180,forecast,D,NS,0,0,7,23,35,8,0.0,0.6009,0.4006,0.0,266,112.3111,403,137,48.5547,49.5547,137,182,144
8ebdb0b3-2c32-494c-b6b3-b6162684d288,2026-10-10T06:08:11.822940+00:00,181,forecast,A,EW,0,0,19,2,12,45,0.2001,0.0,0.0,0.4001,266,113.1602,406,140,49.4,50.4,140,185,144
8ebdb0b3-2c32-494c-b6b3-b6162684d288,2026-10-10T06:08:11.822940+00:00,181,forecast,B,EW,3,0,7,12,12,11,0.2001,0.6002,0.0,0.0,266,113.1602,406,140,49.4,50.4,140,185,144
8ebdb0b3-2c32-494c-b6b3-b6162684d288,2026-10-10T06:08:11.822940+00:00,181,forecast,C,NS,4,0,2,1,50,20,0.0,0.0,0.2001,0.2001,266,113.1602,406,140,49.4,50.4,140,185,144
8ebdb0b3-2c32-494c-b6b3-b6162684d288,2026-10-10T06:08:11.822940+00:00,181,forecast,D,NS,4,0,6,24,35,8,0.0,0.8003,0.4001,0.0,266,113.1602,406,140,49.4,50.4,140,185,144
8ebdb0b3-2c32-494c-b6b3-b6162684d288,2026-10-10T06:08:12.834963+00:00,182,forecast,A,EW,4,0,21,2,12,44,0.5953,0.0,0.0,0.1984,267,114.0055,409,142,49.7254,50.7254,142,187,144
8ebdb0b3-2c32-494c-b6b3-b6162684d288,2026-10-10T06:08:12.834963+00:00,182,forecast,B,EW,2,0,7,11,12,11,0.1984,0.5953,0.0,0.0,267,114.0055,409,142,49.7254,50.7254,142,187,144
8ebdb0b3-2c32-494c-b6b3-b6162684d288,2026-10-10T06:08:12.834963+00:00,182,forecast,C,NS,3,0,2,1,51,20,0.0,0.0,0.1984,0.1984,267,114.0055,409,142,49.7254,50.7254,142,187,144
8ebdb0b3-2c32-494c-b6b3-b6162684d288,2026-10-10T06:08:12.834963+00:00,182,forecast,D,NS,3,0,6,24,35,8,0.0,0.7938,0.1984,0.0,267,114.0055,409,142,49.7254,50.7254,142,187,144
8ebdb0b3-2c32-494c-b6b3-b6162684d288,2026-10-10T06:08:13.844062+00:00,183,forecast,A,EW,3,0,22,3,12,43,0.794,0.0,0.0,0.0,268,114.847,412,144,50.2292,51.2292,144,189,144
8ebdb0b3-2c32-494c-b6b3-b6162684d288,2026-10-10T06:08:13.844062+00:00,183,forecast,B,EW,1,0,7,10,12,11,0.1985,0.5955,0.0,0.0,268,114.847,412,144,50.2292,51.2292,144,189,144
8ebdb0b3-2c32-494c-b6b3-b6162684d288,2026-10-10T06:08:13.844062+00:00,183,forecast,C,NS,2,0,2,1,51,20,0.0,0.0,0.1985,0.1985,268,114.847,412,144,50.2292,51.2292,144,189,144
8ebdb0b3-2c32-494c-b6b3-b6162684d288,2026-10-10T06:08:13.844062+00:00,183,forecast,D,NS,2,0,5,25,36,8,0.0,0.794,0.1985,0.0,268,114.847,412,144,50.2292,51.2292,144,189,144
8ebdb0b3-2c32-494c-b6b3-b6162684d288,2026-10-10T06:08:14.856800+00:00,184,forecast,A,EW,2,0,22,4,12,43,0.6014,0.0,0.0,0.2005,269,115.6848,415,146,50.1507,51.1507,146,191,144
8ebdb0b3-2c32-494c-b6b3-b6162684d288,2026-10-10T06:08:14.856800+00:00,184,forecast,B,EW,0,0,7,9,12,11,0.2005,0.6014,0.0,0.0,269,115.6848,415,146,50.1507,51.1507,146,191,144
8ebdb0b3-2c32-494c-b6b3-b6162684d288,2026-10-10T06:08:14.856800+00:00,184,forecast,C,NS,1,0,1,1,51,21,0.0,0.0,0.2005,0.2005,269,115.6848,415,146,50.1507,51.1507,146,191,144
8ebdb0b3-2c32-494c-b6b3-b6162684d288,2026-10-10T06:08:14.856800+00:00,184,forecast,D,NS,1,0,5,26,36,8,0.0,0.8019,0.2005,0.0,269,115.6848,415,146,50.1507,51.1507,146,191,144
8ebdb0b3-2c32-494c-b6b3-b6162684d288,2026-10-10T06:08:15.832577+00:00,185,forecast,A,EW,1,0,22,5,12,43,0.6055,0.0,0.0,0.4037,270,116.5189,418,148,50.5676,51.5676,148,193,144
8ebdb0b3-2c32-494c-b6b3-b6162684d288,2026-10-10T06:08:15.832577+00:00,185,forecast,B,EW,3,0,7,9,12,11,0.2018,0.4037,0.0,0.0,270,116.5189,418,148,50.5676,51.5676,148,193,144
8ebdb0b3-2c32-494c-b6b3-b6162684d288,2026-10-10T06:08:15.832577+00:00,185,forecast,C,NS,0,0,1,1,52,21,0.0,0.0,0.4037,0.2018,270,116.5189,418,148,50.5676,51.5676,148,193,144
8ebdb0b3-2c32-494c-b6b3-b6162684d288,2026-10-10T06:08:15.832577+00:00,185,forecast,D,NS,0,0,4,26,36,8,0.0,0.6055,0.2018,0.0,270,116.5189,418,148,50.5676,51.5676,148,193,144
8ebdb0b3-2c32-494c-b6b3-b6162684d288,2026-10-10T06:08:16.825784+00:00,186,forecast,A,EW,0,0,22,6,12,42,0.6019,0.0,0.0,0.4012,270,117.3441,421,151,50.8212,51.8212,151,195,144
8ebdb0b3-2c32-494c-b6b3-b6162684d288,2026-10-10T06:08:16.825784+00:00,186,forecast,B,EW,2,0,8,9,12,11,0.2006,0.4012,0.0,0.0,270,117.3441,421,151,50.8212,51.8212,151,195,144
8ebdb0b3-2c32-494c-b6b3-b6162684d288,2026-10-10T06:08:16.825784+00:00,186,forecast,C,NS,5,0,0,1,53,21,0.0,0.0,0.6019,0.2006,270,117.3441,421,151,50.8212,51.8212,151,195,144
8ebdb0b3-2c32-494c-b6b3-b6162684d288,2026-10-10T06:08:16.825784+00:00,186,forecast,D,NS,4,0,3,26,36,8,0.0,0.4012,0.2006,0.0,270,117.3441,421,151,50.8212,51.8212,151,195,144
8ebdb0b3-2c32-494c-b6b3-b6162684d288,2026-10-10T06:08:17.839227+00:00,187,forecast,A,EW,4,0,22,7,12,41,0.2006,0.0,0.0,0.4011,271,118.1658,424,153,51.1699,52.1699,153,197,144
8ebdb0b3-2c32-494c-b6b3-b6162684d288,2026-10-10T06:08:17.839227+00:00,187,forecast,B,EW,1,0,8,8,12,11,0.2006,0.4011,0.0,0.0,271,118.1658,424,153,51.1699,52.1699,153,197,144
8ebdb0b3-2c32-494c-b6b3-b6162684d288,2026-10-10T06:08:17.839227+00:00,187,forecast,C,NS,4,0,0,1,53,22,0.0,0.0,0.4011,0.4011,271,118.1658,424,153,51.1699,52.1699,153,197,144
8ebdb0b3-2c32-494c-b6b3-b6162684d288,2026-10-10T06:08:17.839227+00:00,187,forecast,D,NS,3,0,2,27,37,8,0.0,0.6017,0.4011,0.0,271,118.1658,424,153,51.1699,52.1699,153,197,144
8ebdb0b3-2c32-494c-b6b3-b6162684d288,2026-10-10T06:08:18.848474+00:00,188,forecast,A,EW,3,0,23,8,12,40,0.1985,0.0,0.0,0.3969,274,118.9947,427,153,51.1699,52.1699,153,199,144
8ebdb0b3-2c32-494c-b6b3-b6162684d288,2026-10-10T06:08:18.848474+00:00,188,forecast,B,EW,0,0,8,7,12,11,0.1985,0.3969,0.0,0.0,274,118.9947,427,153,51.1699,52.1699,153,199,144
8ebdb0b3-2c32-494c-b6b3-b6162684d288,2026-10-10T06:08:18.848474+00:00,188,forecast,C,NS,3,0,0,1,53,23,0.0,0.0,0.3969,0.5954,274,118.9947,427,153,51.1699,52.1699,153,199,144
8ebdb0b3-2c32-494c-b6b3-b6162684d288,2026-10-10T06:08:18.848474+00:00,188,forecast,D,NS,2,0,3,27,38,8,0.0,0.3969,0.3969,0.0,274,118.9947,427,153,51.1699,52.1699,153,199,144
8ebdb0b3-2c32-494c-b6b3-b6162684d288,2026-10-10T06:08:19.919044+00:00,189,forecast,A,EW,2,0,23,8,12,40,0.1984,0.0,0.0,0.3968,276,119.8254,430,154,51.5714,52.5714,154,201,144
8ebdb0b3-2c32-494c-b6b3-b6162684d288,2026-10-10T06:08:19.919044+00:00,189,forecast,B,EW,3,0,8,6,12,11,0.1984,0.3968,0.0,0.0,276,119.8254,430,154,51.5714,52.5714,154,201,144
8ebdb0b3-2c32-494c-b6b3-b6162684d288,2026-10-10T06:08:19.919044+00:00,189,forecast,C,NS,2,0,1,1,54,23,0.0,0.0,0.5951,0.3968,276,119.8254,430,154,51.5714,52.5714,154,201,144
8ebdb0b3-2c32-494c-b6b3-b6162684d288,2026-10-10T06:08:19.919044+00:00,189,forecast,D,NS,1,0,3,27,39,8,0.0,0.1984,0.5951,0.0,276,119.8254,430,154,51.5714,52.5714,154,201,144
8ebdb0b3-2c32-494c-b6b3-b6162684d288,2026-10-10T06:08:20.901840+00:00,190,forecast,A,EW,1,0,24,8,12,39,0.3989,0.0,0.0,0.1994,277,120.6526,433,156,52.4167,53.4167,156,203,144
8ebdb0b3-2c32-494c-b6b3-b6162684d288,2026-10-10T06:08:20.901840+00:00,190,forecast,B,EW,2,0,8,7,12,11,0.1994,0.5983,0.0,0.0,277,120.6526,433,156,52.4167,53.4167,156,203,144
8ebdb0b3-2c32-494c-b6b3-b6162684d288,2026-10-10T06:08:20.901840+00:00,190,forecast,C,NS,1,0,2,1,54,23,0.0,0.0,0.3989,0.3989,277,120.6526,433,156,52.4167,53.4167,156,203,144
8ebdb0b3-2c32-494c-b6b3-b6162684d288,2026-10-10T06:08:20.901840+00:00,190,forecast,D,NS,0,0,2,27,39,8,0.0,0.1994,0.5983,0.0,277,120.6526,433,156,52.4167,53.4167,156,203,144
8ebdb0b3-2c32-494c-b6b3-b6162684d288,2026-10-10T06:08:21.826257+00:00,191,forecast,A,EW,0,0,24,8,12,38,0.4032,0.0,0.0,0.2016,278,121.4764,436,158,52.6456,53.6456,158,205,144
8ebdb0b3-2c32-494c-b6b3-b6162684d288,2026-10-10T06:08:21.826257+00:00,191,forecast,B,EW,1,0,8,7,12,11,0.0,0.6048,0.0,0.0,278,121.4764,436,158,52.6456,53.6456,158,205,144
8ebdb0b3-2c32-494c-b6b3-b6162684d288,2026-10-10T06:08:21.826257+00:00,191,forecast,C,NS,0,0,2,1,54,24,0.0,0.0,0.2016,0.6048,278,121.4764,436,158,52.6456,53.6456,158,205,144
8ebdb0b3-2c32-494c-b6b3-b6162684d288,2026-10-10T06:08:21.826257+00:00,191,forecast,D,NS,5,0,2,27,40,8,0.0,0.2016,0.8064,0.0,278,121.4764,436,158,52.6456,53.6456,158,205,144
8ebdb0b3-2c32-494c-b6b3-b6162684d288,2026-10-10T06:08:22.829990+00:00,192,forecast,A,EW,4,0,24,8,12,38,0.4032,0.0,0.0,0.4032,279,122.2969,439,160,52.925,53.925,160,207,144
8ebdb0b3-2c32-494c-b6b3-b6162684d288,2026-10-10T06:08:22.829990+00:00,192,forecast,B,EW,0,0,8,6,12,11,0.0,0.6048,0.0,0.0,279,122.2969,439,160,52.925,53.925,160,207,144
8ebdb0b3-2c32-494c-b6b3-b6162684d288,2026-10-10T06:08:22.829990+00:00,192,forecast,C,NS,5,0,2,1,55,24,0.0,0.0,0.4032,0.4032,279,122.2969,439,160,52.925,53.925,160,207,144
8ebdb0b3-2c32-494c-b6b3-b6162684d288,2026-10-10T06:08:22.829990+00:00,192,forecast,D,NS,4,0,2,27,41,8,0.0,0.0,0.8064,0.0,279,122.2969,439,160,52.925,53.925,160,207,144
8ebdb0b3-2c32-494c-b6b3-b6162684d288,2026-10-10T06:08:23.847739+00:00,193,forecast,A,EW,3,0,24,8,12,38,0.2012,0.0,0.0,0.6037,280,123.114,442,162,53.1481,54.1481,162,209,144
8ebdb0b3-2c32-494c-b6b3-b6162684d288,2026-10-10T06:08:23.847739+00:00,193,forecast,B,EW,3,0,8,6,12,11,0.0,0.805,0.0,0.0,280,123.114,442,162,53.1481,54.1481,162,209,144
8ebdb0b3-2c32-494c-b6b3-b6162684d288,2026-10-10T06:08:23.847739+00:00,193,forecast,C,NS,4,0,2,1,56,24,0.0,0.0,0.6037,0.2012,280,123.114,442,162,53.1481,54.1481,162,209,144
8ebdb0b3-2c32-494c-b6b3-b6162684d288,2026-10-10T06:08:23.847739+00:00,193,forecast,D,NS,3,0,2,27,41,8,0.0,0.0,0.6037,0.0,280,123.114,442,162,53.1481,54.1481,162,209,144
8ebdb0b3-2c32-494c-b6b3-b6162684d288,2026-10-10T06:08:24.832258+00:00,194,forecast,A,EW,2,0,25,8,12,37,0.3973,0.0,0.0,0.3973,282,123.933,445,163,53.0061,54.0061,163,211,144
8ebdb0b3-2c32-494c-b6b3-b6162684d288,2026-10-10T06:08:24.832258+00:00,194,forecast,B,EW,2,0,8,5,12,11,0.0,0.7946,0.0,0.0,282,123.933,445,163,53.0061,54.0061,163,211,144
8ebdb0b3-2c32-494c-b6b3-b6162684d288,2026-10-10T06:08:24.832258+00:00,194,forecast,C,NS,3,0,2,1,57,24,0.0,0.0,0.596,0.1987,282,123.933,445,163,53.0061,54.0061,163,211,144
8ebdb0b3-2c32-494c-b6b3-b6162684d288,2026-10-10T06:08:24.832258+00:00,194,forecast,D,NS,2,0,3,27,42,8,0.0,0.0,0.596,0.0,282,123.933,445,163,53.0061,54.0061,163,211,144
8ebdb0b3-2c32-494c-b6b3-b6162684d288,2026-10-10T06:08:25.839045+00:00,195,forecast,A,EW,1,0,25,8,12,37,0.1982,0.0,0.0,0.5947,283,124.7487,448,165,53.2364,54.2364,165,213,144
8ebdb0b3-2c32-494c-b6b3-b6162684d288,2026-10-10T06:08:25.839045+00:00,195,forecast,B,EW,1,0,8,4,12,11,0.0,0.3964,0.0,0.0,283,124.7487,448,165,53.2364,54.2364,165,213,144
8ebdb0b3-2c32-494c-b6b3-b6162684d288,2026-10-10T06:08:25.839045+00:00,195,forecast,C,NS,2,0,2,1,59,24,0.0,0.0,0.9911,0.1982,283,124.7487,448,165,53.2364,54.2364,165,213,144
8ebdb0b3-2c32-494c-b6b3-b6162684d288,2026-10-10T06:08:25.839045+00:00,195,forecast,D,NS,1,0,3,27,42,8,0.0,0.0,0.5947,0.0,283,124.7487,448,165,53.2364,54.2364,165,213,144
8ebdb0b3-2c32-494c-b6b3-b6162684d288,2026-10-10T06:08:26.898418+00:00,196,forecast,A,EW,0,0,25,8,12,36,0.199,0.0,0.0,0.5969,283,125.5561,451,168,53.8631,54.8631,168,215,144
8ebdb0b3-2c32-494c-b6b3-b6162684d288,2026-10-10T06:08:26.898418+00:00,196,forecast,B,EW,0,0,8,5,12,11,0.0,0.5969,0.0,0.0,283,125.5561,451,168,53.8631,54.8631,168,215,144
8ebdb0b3-2c32-494c-b6b3-b6162684d288,2026-10-10T06:08:26.898418+00:00,196,forecast,C,NS,1,0,2,1,59,24,0.0,0.0,0.9949,0.0,283,125.5561,451,168,53.8631,54.8631,168,215,144
8ebdb0b3-2c32-494c-b6b3-b6162684d288,2026-10-10T06:08:26.898418+00:00,196,forecast,D,NS,0,0,2,27,43,8,0.0,0.0,0.5969,0.0,283,125.5561,451,168,53.8631,54.8631,168,215,144
8ebdb0b3-2c32-494c-b6b3-b6162684d288,2026-10-10T06:08:27.995692+00:00,197,forecast,A,EW,5,0,25,7,12,37,0.201,0.0,0.0,0.8039,285,126.3655,454,169,53.7692,54.7692,169,217,144
8ebdb0b3-2c32-494c-b6b3-b6162684d288,2026-10-10T06:08:27.995692+00:00,197,forecast,B,CLEAR,0,1,9,5,12,12,0.201,0.6029,0.0,0.0,285,126.3655,454,169,53.7692,54.7692,169,217,144
8ebdb0b3-2c32-494c-b6b3-b6162684d288,2026-10-10T06:08:27.995692+00:00,197,forecast,C,NS,0,0,2,1,59,24,0.0,0.0,0.8039,0.0,285,126.3655,454,169,53.7692,54.7692,169,217,144
8ebdb0b3-2c32-494c-b6b3-b6162684d288,2026-10-10T06:08:27.995692+00:00,197,forecast,D,NS,4,0,2,27,43,8,0.0,0.0,0.402,0.0,285,126.3655,454,169,53.7692,54.7692,169,217,144
8ebdb0b3-2c32-494c-b6b3-b6162684d288,2026-10-10T06:08:28.861305+00:00,198,forecast,A,EW,4,0,25,7,12,37,0.2018,0.0,0.0,0.6055,287,127.1768,457,170,53.6765,54.6765,170,219,144
8ebdb0b3-2c32-494c-b6b3-b6162684d288,2026-10-10T06:08:28.861305+00:00,198,forecast,B,NS,3,0,9,6,12,12,0.4036,0.6055,0.0,0.0,287,127.1768,457,170,53.6765,54.6765,170,219,144
8ebdb0b3-2c32-494c-b6b3-b6162684d288,2026-10-10T06:08:28.861305+00:00,198,forecast,C,NS,5,0,2,1,59,24,0.0,0.0,0.6055,0.0,287,127.1768,457,170,53.6765,54.6765,170,219,144
8ebdb0b3-2c32-494c-b6b3-b6162684d288,2026-10-10T06:08:28.861305+00:00,198,forecast,D,NS,3,0,3,27,43,8,0.0,0.0,0.6055,0.0,287,127.1768,457,170,53.6765,54.6765,170,219,144
8ebdb0b3-2c32-494c-b6b3-b6162684d288,2026-10-10T06:08:29.901188+00:00,199,forecast,A,EW,3,0,25,6,12,37,0.0,0.0,0.0,0.6043,289,127.9899,460,171,53.9006,54.9006,171,221,144
8ebdb0b3-2c32-494c-b6b3-b6162684d288,2026-10-10T06:08:29.901188+00:00,199,forecast,B,NS,2,0,8,7,12,12,0.4029,0.8057,0.0,0.0,289,127.9899,460,171,53.9006,54.9006,171,221,144
8ebdb0b3-2c32-494c-b6b3-b6162684d288,2026-10-10T06:08:29.901188+00:00,199,forecast,C,NS,4,0,3,1,60,24,0.0,0.0,0.6043,0.0,289,127.9899,460,171,53.9006,54.9006,171,221,144
8ebdb0b3-2c32-494c-b6b3-b6162684d288,2026-10-10T06:08:29.901188+00:00,199,forecast,D,NS,2,0,4,27,43,8,0.0,0.0,0.6043,0.0,289,127.9899,460,171,53.9006,54.9006,171,221,144
8ebdb0b3-2c32-494c-b6b3-b6162684d288,2026-10-10T06:08:30.891877+00:00,200,forecast,A,EW,2,0,25,5,12,37,0.0,0.0,0.0,0.3989,290,128.8,463,173,54.5029,55.5029,173,223,144
8ebdb0b3-2c32-494c-b6b3-b6162684d288,2026-10-10T06:08:30.891877+00:00,200,forecast,B,NS,1,0,7,8,12,12,0.3989,0.9973,0.0,0.0,290,128.8,463,173,54.5029,55.5029,173,223,144
8ebdb0b3-2c32-494c-b6b3-b6162684d288,2026-10-10T06:08:30.891877+00:00,200,forecast,C,NS,3,0,4,1,60,24,0.0,0.0,0.1995,0.0,290,128.8,463,173,54.5029,55.5029,173,223,144
8ebdb0b3-2c32-494c-b6b3-b6162684d288,2026-10-10T06:08:30.891877+00:00,200,forecast,D,NS,1,0,4,28,43,8,0.0,0.1995,0.7978,0.0,290,128.8,463,173,54.5029,55.5029,173,223,144
8ebdb0b3-2c32-494c-b6b3-b6162684d288,2026-10-10T06:08:31.878592+00:00,201,forecast,A,EW,1,0,26,5,12,37,0.1979,0.0,0.0,0.3959,293,129.6169,466,173,54.5029,55.5029,173,225,144
8ebdb0b3-2c32-494c-b6b3-b6162684d288,2026-10-10T06:08:31.878592+00:00,201,forecast,B,NS,0,0,6,8,12,12,0.3959,0.5938,0.0,0.0,293,129.6169,466,173,54.5029,55.5029,173,225,144
8ebdb0b3-2c32-494c-b6b3-b6162684d288,2026-10-10T06:08:31.878592+00:00,201,forecast,C,NS,2,0,5,1,61,25,0.0,0.0,0.3959,0.1979,293,129.6169,466,173,54.5029,55.5029,173,225,144
8ebdb0b3-2c32-494c-b6b3-b6162684d288,2026-10-10T06:08:31.878592+00:00,201,forecast,D,NS,0,0,5,28,42,8,0.0,0.1979,0.5938,0.0,293,129.6169,466,173,54.5029,55.5029,173,225,144
8ebdb0b3-2c32-494c-b6b3-b6162684d288,2026-10-10T06:08:32.880822+00:00,202,forecast,A,EW,0,0,26,4,12,37,0.1985,0.0,0.0,0.0,294,130.4307,469,175,54.6686,55.6686,175,228,144
8ebdb0b3-2c32-494c-b6b3-b6162684d288,2026-10-10T06:08:32.880822+00:00,202,forecast,B,CLEAR,0,1,6,9,12,12,0.1985,0.7941,0.0,0.0,294,130.4307,469,175,54.6686,55.6686,175,228,144
8ebdb0b3-2c32-494c-b6b3-b6162684d288,2026-10-10T06:08:32.880822+00:00,202,forecast,C,NS,1,0,5,1,61,25,0.0,0.0,0.397,0.1985,294,130.4307,469,175,54.6686,55.6686,175,228,144
8ebdb0b3-2c32-494c-b6b3-b6162684d288,2026-10-10T06:08:32.880822+00:00,202,forecast,D,NS,5,0,4,29,43,8,0.0,0.397,0.7941,0.0,294,130.4307,469,175,54.6686,55.6686,175,228,144
8ebdb0b3-2c32-494c-b6b3-b6162684d288,2026-10-10T06:08:34.125050+00:00,203,forecast,A,CLEAR,0,1,27,5,12,37,0.3999,0.0,0.0,0.0,296,131.2463,472,176,55.0341,56.0341,176,230,144
8ebdb0b3-2c32-494c-b6b3-b6162684d288,2026-10-10T06:08:34.125050+00:00,203,forecast,B,EW,3,0,6,8,12,11,0.0,0.5999,0.0,0.0,296,131.2463,472,176,55.0341,56.0341,176,230,144
8ebdb0b3-2c32-494c-b6b3-b6162684d288,2026-10-10T06:08:34.125050+00:00,203,forecast,C,NS,0,0,5,1,62,25,0.0,0.0,0.5999,0.2,296,131.2463,472,176,55.0341,56.0341,176,230,144
8ebdb0b3-2c32-494c-b6b3-b6162684d288,2026-10-10T06:08:34.125050+00:00,203,forecast,D,NS,4,0,4,29,44,8,0.0,0.3999,0.7999,0.0,296,131.2463,472,176,55.0341,56.0341,176,230,144
8ebdb0b3-2c32-494c-b6b3-b6162684d288,2026-10-10T06:08:34.908261+00:00,204,forecast,A,NS,4,0,26,6,12,38,0.4042,0.0,0.0,0.2021,298,132.0637,475,177,55.3672,56.3672,177,231,144
8ebdb0b3-2c32-494c-b6b3-b6162684d288,2026-10-10T06:08:34.908261+00:00,204,forecast,B,EW,2,0,6,8,12,11,0.0,0.6063,0.0,0.0,298,132.0637,475,177,55.3672,56.3672,177,231,144
8ebdb0b3-2c32-494c-b6b3-b6162684d288,2026-10-10T06:08:34.908261+00:00,204,forecast,C,NS,5,0,6,1,61,25,0.0,0.0,0.4042,0.2021,298,132.0637,475,177,55.3672,56.3672,177,231,144
8ebdb0b3-2c32-494c-b6b3-b6162684d288,2026-10-10T06:08:34.908261+00:00,204,forecast,D,NS,3,0,4,30,44,8,0.0,0.6063,0.6063,0.0,298,132.0637,475,177,55.3672,56.3672,177,231,144
8ebdb0b3-2c32-494c-b6b3-b6162684d288,2026-10-10T06:08:35.853249+00:00,205,forecast,A,NS,3,0,25,7,12,39,0.4024,0.0,0.0,0.4024,299,132.878,478,179,55.7877,56.7877,179,232,144
8ebdb0b3-2c32-494c-b6b3-b6162684d288,2026-10-10T06:08:35.853249+00:00,205,forecast,B,EW,1,0,7,7,12,10,0.2012,0.4024,0.0,0.0,299,132.878,478,179,55.7877,56.7877,179,232,144
8ebdb0b3-2c32-494c-b6b3-b6162684d288,2026-10-10T06:08:35.853249+00:00,205,forecast,C,NS,4,0,6,1,60,25,0.0,0.0,0.4024,0.2012,299,132.878,478,179,55.7877,56.7877,179,232,144
8ebdb0b3-2c32-494c-b6b3-b6162684d288,2026-10-10T06:08:35.853249+00:00,205,forecast,D,NS,2,0,5,30,45,8,0.0,0.4024,0.6035,0.0,299,132.878,478,179,55.7877,56.7877,179,232,144
8ebdb0b3-2c32-494c-b6b3-b6162684d288,2026-10-10T06:08:36.834543+00:00,206,forecast,A,NS,2,0,24,8,12,39,0.2006,0.0,0.0,0.4012,298,133.6796,481,183,56.4645,57.4645,183,233,144
8ebdb0b3-2c32-494c-b6b3-b6162684d288,2026-10-10T06:08:36.834543+00:00,206,forecast,B,EW,0,0,7,8,12,9,0.2006,0.8025,0.0,0.0,298,133.6796,481,183,56.4645,57.4645,183,233,144
8ebdb0b3-2c32-494c-b6b3-b6162684d288,2026-10-10T06:08:36.834543+00:00,206,forecast,C,NS,3,0,6,1,59,25,0.0,0.0,0.2006,0.0,298,133.6796,481,183,56.4645,57.4645,183,233,144
8ebdb0b3-2c32-494c-b6b3-b6162684d288,2026-10-10T06:08:36.834543+00:00,206,forecast,D,NS,1,0,4,30,46,8,0.0,0.4012,0.8025,0.0,298,133.6796,481,183,56.4645,57.4645,183,233,144
8ebdb0b3-2c32-494c-b6b3-b6162684d288,2026-10-10T06:08:37.836279+00:00,207,forecast,A,NS,1,0,23,8,12,40,0.1984,0.0,0.0,0.5951,298,134.4734,484,186,56.7796,57.7796,186,234,144
8ebdb0b3-2c32-494c-b6b3-b6162684d288,2026-10-10T06:08:37.836279+00:00,207,forecast,B,CLEAR,0,1,8,8,12,9,0.3968,0.5951,0.0,0.0,298,134.4734,484,186,56.7796,57.7796,186,234,144
8ebdb0b3-2c32-494c-b6b3-b6162684d288,2026-10-10T06:08:37.836279+00:00,207,forecast,C,NS,2,0,6,1,58,25,0.0,0.0,0.1984,0.0,298,134.4734,484,186,56.7796,57.7796,186,234,144
8ebdb0b3-2c32-494c-b6b3-b6162684d288,2026-10-10T06:08:37.836279+00:00,207,forecast,D,NS,0,0,3,31,46,8,0.0,0.3968,0.5951,0.0,298,134.4734,484,186,56.7796,57.7796,186,234,144
8ebdb0b3-2c32-494c-b6b3-b6162684d288,2026-10-10T06:08:38.836879+00:00,208,forecast,A,NS,0,0,22,8,12,40,0.0,0.0,0.0,0.5939,297,135.2548,487,190,57.2579,58.2579,190,234,144
8ebdb0b3-2c32-494c-b6b3-b6162684d288,2026-10-10T06:08:38.836879+00:00,208,forecast,B,NS,3,0,8,8,12,9,0.5939,0.5939,0.0,0.0,297,135.2548,487,190,57.2579,58.2579,190,234,144
8ebdb0b3-2c32-494c-b6b3-b6162684d288,2026-10-10T06:08:38.836879+00:00,208,forecast,C,NS,1,0,6,1,59,25,0.0,0.0,0.3959,0.0,297,135.2548,487,190,57.2579,58.2579,190,234,144
8ebdb0b3-2c32-494c-b6b3-b6162684d288,2026-10-10T06:08:38.836879+00:00,208,forecast,D,NS,5,0,3,31,45,8,0.0,0.3959,0.3959,0.0,297,135.2548,487,190,57.2579,58.2579,190,234,144
8ebdb0b3-2c32-494c-b6b3-b6162684d288,2026-10-10T06:08:39.837216+00:00,209,forecast,A,CLEAR,0,1,23,9,12,41,0.1995,0.0,0.0,0.5986,298,136.0335,490,192,57.0365,58.0365,192,235,144
8ebdb0b3-2c32-494c-b6b3-b6162684d288,2026-10-10T06:08:39.837216+00:00,209,forecast,B,NS,2,0,7,8,12,9,0.5986,0.3991,0.0,0.0,298,136.0335,490,192,57.0365,58.0365,192,235,144
8ebdb0b3-2c32-494c-b6b3-b6162684d288,2026-10-10T06:08:39.837216+00:00,209,forecast,C,NS,0,0,5,1,60,25,0.0,0.0,0.5986,0.0,298,136.0335,490,192,57.0365,58.0365,192,235,144
8ebdb0b3-2c32-494c-b6b3-b6162684d288,2026-10-10T06:08:39.837216+00:00,209,forecast,D,NS,4,0,3,31,44,8,0.0,0.1995,0.3991,0.0,298,136.0335,490,192,57.0365,58.0365,192,235,144
8ebdb0b3-2c32-494c-b6b3-b6162684d288,2026-10-10T06:08:40.837587+00:00,210,forecast,A,EW,5,0,24,8,12,41,0.4027,0.0,0.0,0.604,299,136.8095,493,194,57.0619,58.0619,194,236,144
8ebdb0b3-2c32-494c-b6b3-b6162684d288,2026-10-10T06:08:40.837587+00:00,210,forecast,B,NS,1,0,6,8,12,10,0.4027,0.4027,0.0,0.0,299,136.8095,493,194,57.0619,58.0619,194,236,144
8ebdb0b3-2c32-494c-b6b3-b6162684d288,2026-10-10T06:08:40.837587+00:00,210,forecast,C,NS,6,0,5,1,61,25,0.0,0.0,0.8053,0.0,299,136.8095,493,194,57.0619,58.0619,194,236,144
8ebdb0b3-2c32-494c-b6b3-b6162684d288,2026-10-10T06:08:40.837587+00:00,210,forecast,D,NS,3,0,4,31,43,8,0.0,0.2013,0.2013,0.0,299,136.8095,493,194,57.0619,58.0619,194,236,144
8ebdb0b3-2c32-494c-b6b3-b6162684d288,2026-10-10T06:08:41.849739+00:00,211,forecast,A,EW,4,0,24,7,12,40,0.403,0.0,0.0,0.6045,301,137.5877,496,195,57.2564,58.2564,195,237,144
8ebdb0b3-2c32-494c-b6b3-b6162684d288,2026-10-10T06:08:41.849739+00:00,211,forecast,B,NS,0,0,6,9,12,11,0.6045,0.2015,0.0,0.0,301,137.5877,496,195,57.2564,58.2564,195,237,144
8ebdb0b3-2c32-494c-b6b3-b6162684d288,2026-10-10T06:08:41.849739+00:00,211,forecast,C,NS,5,0,6,1,61,25,0.0,0.0,0.806,0.0,301,137.5877,496,195,57.2564,58.2564,195,237,144
8ebdb0b3-2c32-494c-b6b3-b6162684d288,2026-10-10T06:08:41.849739+00:00,211,forecast,D,NS,2,0,5,32,42,8,0.0,0.403,0.0,0.0,301,137.5877,496,195,57.2564,58.2564,195,237,144
8ebdb0b3-2c32-494c-b6b3-b6162684d288,2026-10-10T06:08:42.845020+00:00,212,forecast,A,EW,3,0,25,6,12,39,0.6003,0.0,0.0,0.4002,302,138.3632,499,197,57.8426,58.8426,197,239,144
8ebdb0b3-2c32-494c-b6b3-b6162684d288,2026-10-10T06:08:42.845020+00:00,212,forecast,B,CLEAR,0,1,6,10,12,12,0.4002,0.4002,0.0,0.0,302,138.3632,499,197,57.8426,58.8426,197,239,144
8ebdb0b3-2c32-494c-b6b3-b6162684d288,2026-10-10T06:08:42.845020+00:00,212,forecast,C,NS,4,0,5,1,61,26,0.0,0.0,0.8004,0.2001,302,138.3632,499,197,57.8426,58.8426,197,239,144
8ebdb0b3-2c32-494c-b6b3-b6162684d288,2026-10-10T06:08:42.845020+00:00,212,forecast,D,NS,1,0,5,32,42,8,0.0,0.2001,0.0,0.0,302,138.3632,499,197,57.8426,58.8426,197,239,144
8ebdb0b3-2c32-494c-b6b3-b6162684d288,2026-10-10T06:08:43.850233+00:00,213,forecast,A,EW,2,0,25,6,12,40,0.5987,0.0,0.0,0.5987,301,139.1268,502,201,58.9751,59.9751,201,242,144
8ebdb0b3-2c32-494c-b6b3-b6162684d288,2026-10-10T06:08:43.850233+00:00,213,forecast,B,EW,3,0,6,10,12,11,0.1996,0.5987,0.0,0.0,301,139.1268,502,201,58.9751,59.9751,201,242,144
8ebdb0b3-2c32-494c-b6b3-b6162684d288,2026-10-10T06:08:43.850233+00:00,213,forecast,C,NS,3,0,4,1,61,26,0.0,0.0,0.3992,0.1996,301,139.1268,502,201,58.9751,59.9751,201,242,144
8ebdb0b3-2c32-494c-b6b3-b6162684d288,2026-10-10T06:08:43.850233+00:00,213,forecast,D,NS,0,0,4,32,43,8,0.0,0.1996,0.1996,0.0,301,139.1268,502,201,58.9751,59.9751,201,242,144
8ebdb0b3-2c32-494c-b6b3-b6162684d288,2026-10-10T06:08:44.867638+00:00,214,forecast,A,EW,1,0,25,6,12,39,0.3962,0.0,0.0,0.3962,302,139.8879,505,203,59.0887,60.0887,203,244,144
8ebdb0b3-2c32-494c-b6b3-b6162684d288,2026-10-10T06:08:44.867638+00:00,214,forecast,B,EW,2,0,6,10,12,11,0.1981,0.7925,0.0,0.0,302,139.8879,505,203,59.0887,60.0887,203,244,144
8ebdb0b3-2c32-494c-b6b3-b6162684d288,2026-10-10T06:08:44.867638+00:00,214,forecast,C,NS,2,0,3,1,62,26,0.0,0.0,0.3962,0.1981,302,139.8879,505,203,59.0887,60.0887,203,244,144
8ebdb0b3-2c32-494c-b6b3-b6162684d288,2026-10-10T06:08:44.867638+00:00,214,forecast,D,NS,4,0,5,32,44,8,0.0,0.1981,0.3962,0.0,302,139.8879,505,203,59.0887,60.0887,203,244,144
8ebdb0b3-2c32-494c-b6b3-b6162684d288,2026-10-10T06:08:45.833981+00:00,215,forecast,A,EW,0,0,26,6,12,38,0.3992,0.0,0.0,0.1996,302,140.6419,508,206,59.4369,60.4369,206,246,144
8ebdb0b3-2c32-494c-b6b3-b6162684d288,2026-10-10T06:08:45.833981+00:00,215,forecast,B,EW,1,0,7,9,12,11,0.3992,0.7983,0.0,0.0,302,140.6419,508,206,59.4369,60.4369,206,246,144
8ebdb0b3-2c32-494c-b6b3-b6162684d288,2026-10-10T06:08:45.833981+00:00,215,forecast,C,NS,1,0,2,1,63,26,0.0,0.0,0.3992,0.1996,302,140.6419,508,206,59.4369,60.4369,206,246,144
8ebdb0b3-2c32-494c-b6b3-b6162684d288,2026-10-10T06:08:45.833981+00:00,215,forecast,D,NS,3,0,5,32,44,8,0.0,0.1996,0.3992,0.0,302,140.6419,508,206,59.4369,60.4369,206,246,144
8ebdb0b3-2c32-494c-b6b3-b6162684d288,2026-10-10T06:08:46.832700+00:00,216,forecast,A,EW,4,0,26,6,12,37,0.4021,0.0,0.0,0.2011,302,141.3889,511,209,59.866,60.866,209,248,144
8ebdb0b3-2c32-494c-b6b3-b6162684d288,2026-10-10T06:08:46.832700+00:00,216,forecast,B,EW,0,0,8,8,12,11,0.4021,0.6032,0.0,0.0,302,141.3889,511,209,59.866,60.866,209,248,144
8ebdb0b3-2c32-494c-b6b3-b6162684d288,2026-10-10T06:08:46.832700+00:00,216,forecast,C,NS,0,0,2,1,63,27,0.0,0.0,0.4021,0.4021,302,141.3889,511,209,59.866,60.866,209,248,144
8ebdb0b3-2c32-494c-b6b3-b6162684d288,2026-10-10T06:08:46.832700+00:00,216,forecast,D,NS,2,0,4,33,44,8,0.0,0.2011,0.4021,0.0,302,141.3889,511,209,59.866,60.866,209,248,144
8ebdb0b3-2c32-494c-b6b3-b6162684d288,2026-10-10T06:08:47.867544+00:00,217,forecast,A,EW,3,0,26,5,12,37,0.2015,0.0,0.0,0.4029,304,142.1382,514,210,59.7762,60.7762,210,250,144
8ebdb0b3-2c32-494c-b6b3-b6162684d288,2026-10-10T06:08:47.867544+00:00,217,forecast,B,CLEAR,0,1,8,8,12,12,0.4029,0.4029,0.0,0.0,304,142.1382,514,210,59.7762,60.7762,210,250,144
8ebdb0b3-2c32-494c-b6b3-b6162684d288,2026-10-10T06:08:47.867544+00:00,217,forecast,C,NS,5,0,3,1,63,29,0.0,0.0,0.4029,0.6044,304,142.1382,514,210,59.7762,60.7762,210,250,144
8ebdb0b3-2c32-494c-b6b3-b6162684d288,2026-10-10T06:08:47.867544+00:00,217,forecast,D,NS,1,0,3,33,44,8,0.0,0.2015,0.4029,0.0,304,142.1382,514,210,59.7762,60.7762,210,250,144
8ebdb0b3-2c32-494c-b6b3-b6162684d288,2026-10-10T06:08:48.821120+00:00,218,forecast,A,EW,2,0,26,4,12,37,0.2002,0.0,0.0,0.2002,304,142.8807,517,213,60.0704,61.0704,213,252,144
8ebdb0b3-2c32-494c-b6b3-b6162684d288,2026-10-10T06:08:48.821120+00:00,218,forecast,B,NS,3,0,8,9,12,12,0.6005,0.4003,0.0,0.0,304,142.8807,517,213,60.0704,61.0704,213,252,144
8ebdb0b3-2c32-494c-b6b3-b6162684d288,2026-10-10T06:08:48.821120+00:00,218,forecast,C,NS,4,0,3,1,63,29,0.0,0.0,0.4003,0.6005,304,142.8807,517,213,60.0704,61.0704,213,252,144
8ebdb0b3-2c32-494c-b6b3-b6162684d288,2026-10-10T06:08:48.821120+00:00,218,forecast,D,NS,0,0,3,33,44,8,0.0,0.2002,0.4003,0.0,304,142.8807,517,213,60.0704,61.0704,213,252,144
8ebdb0b3-2c32-494c-b6b3-b6162684d288,2026-10-10T06:08:49.857878+00:00,219,forecast,A,EW,1,0,26,4,12,39,0.1991,0.0,0.0,0.5972,304,143.6164,520,216,59.9815,60.9815,216,254,144
8ebdb0b3-2c32-494c-b6b3-b6162684d288,2026-10-10T06:08:49.857878+00:00,219,forecast,B,NS,2,0,7,9,12,12,0.5972,0.1991,0.0,0.0,304,143.6164,520,216,59.9815,60.9815,216,254,144
8ebdb0b3-2c32-494c-b6b3-b6162684d288,2026-10-10T06:08:49.857878+00:00,219,forecast,C,NS,3,0,2,1,63,29,0.0,0.0,0.1991,0.5972,304,143.6164,520,216,59.9815,60.9815,216,254,144
8ebdb0b3-2c32-494c-b6b3-b6162684d288,2026-10-10T06:08:49.857878+00:00,219,forecast,D,NS,4,0,3,33,44,8,0.0,0.1991,0.3981,0.0,304,143.6164,520,216,59.9815,60.9815,216,254,144
8ebdb0b3-2c32-494c-b6b3-b6162684d288,2026-10-10T06:08:50.841335+00:00,220,forecast,A,EW,0,0,26,4,12,40,0.0,0.0,0.0,0.7954,306,144.3545,523,217,60.1613,61.1613,217,256,144
8ebdb0b3-2c32-494c-b6b3-b6162684d288,2026-10-10T06:08:50.841335+00:00,220,forecast,B,NS,1,0,6,9,12,12,0.3977,0.1989,0.0,0.0,306,144.3545,523,217,60.1613,61.1613,217,256,144
8ebdb0b3-2c32-494c-b6b3-b6162684d288,2026-10-10T06:08:50.841335+00:00,220,forecast,C,NS,2,0,2,1,63,30,0.0,0.0,0.0,0.7954,306,144.3545,523,217,60.1613,61.1613,217,256,144
8ebdb0b3-2c32-494c-b6b3-b6162684d288,2026-10-10T06:08:50.841335+00:00,220,forecast,D,NS,3,0,4,34,43,8,0.0,0.3977,0.3977,0.0,306,144.3545,523,217,60.1613,61.1613,217,256,144
8ebdb0b3-2c32-494c-b6b3-b6162684d288,2026-10-10T06:08:51.856329+00:00,221,forecast,A,EW,5,0,26,4,12,40,0.0,0.0,0.0,0.7971,308,145.095,526,218,60.0,61.0,218,258,144
8ebdb0b3-2c32-494c-b6b3-b6162684d288,2026-10-10T06:08:51.856329+00:00,221,forecast,B,NS,0,0,6,9,12,12,0.3986,0.1993,0.0,0.0,308,145.095,526,218,60.0,61.0,218,258,144
8ebdb0b3-2c32-494c-b6b3-b6162684d288,2026-10-10T06:08:51.856329+00:00,221,forecast,C,NS,1,0,2,1,64,30,0.0,0.0,0.1993,0.5978,308,145.095,526,218,60.0,61.0,218,258,144
8ebdb0b3-2c32-494c-b6b3-b6162684d288,2026-10-10T06:08:51.856329+00:00,221,forecast,D,NS,2,0,5,34,43,8,0.0,0.1993,0.5978,0.0,308,145.095,526,218,60.0,61.0,218,258,144
8ebdb0b3-2c32-494c-b6b3-b6162684d288,2026-10-10T06:08:52.838630+00:00,222,forecast,A,EW,4,0,26,3,12,40,0.0,0.0,0.0,0.6031,310,145.8378,529,219,60.2648,61.2648,219,261,144
8ebdb0b3-2c32-494c-b6b3-b6162684d288,2026-10-10T06:08:52.838630+00:00,222,forecast,B,CLEAR,0,1,6,9,12,12,0.4021,0.201,0.0,0.0,310,145.8378,529,219,60.2648,61.2648,219,261,144
8ebdb0b3-2c32-494c-b6b3-b6162684d288,2026-10-10T06:08:52.838630+00:00,222,forecast,C,NS,0,0,3,1,64,31,0.0,0.0,0.201,0.4021,310,145.8378,529,219,60.2648,61.2648,219,261,144
8ebdb0b3-2c32-494c-b6b3-b6162684d288,2026-10-10T06:08:52.838630+00:00,222,forecast,D,NS,1,0,4,34,45,8,0.0,0.201,1.0052,0.0,310,145.8378,529,219,60.2648,61.2648,219,261,144
8ebdb0b3-2c32-494c-b6b3-b6162684d288,2026-10-10T06:08:53.822019+00:00,223,forecast,A,EW,3,0,26,3,12,41,0.0,0.0,0.0,0.8061,312,146.583,532,220,60.5045,61.5045,220,264,144
8ebdb0b3-2c32-494c-b6b3-b6162684d288,2026-10-10T06:08:53.822019+00:00,223,forecast,B,EW,3,0,6,9,12,11,0.2015,0.2015,0.0,0.0,312,146.583,532,220,60.5045,61.5045,220,264,144
8ebdb0b3-2c32-494c-b6b3-b6162684d288,2026-10-10T06:08:53.822019+00:00,223,forecast,C,NS,5,0,4,1,65,31,0.0,0.0,0.4031,0.4031,312,146.583,532,220,60.5045,61.5045,220,264,144
8ebdb0b3-2c32-494c-b6b3-b6162684d288,2026-10-10T06:08:53.822019+00:00,223,forecast,D,NS,0,0,4,34,45,8,0.0,0.2015,0.8061,0.0,312,146.583,532,220,60.5045,61.5045,220,264,144
8ebdb0b3-2c32-494c-b6b3-b6162684d288,2026-10-10T06:08:54.827689+00:00,224,forecast,A,EW,2,0,26,3,12,40,0.0,0.0,0.0,0.4008,313,147.3259,535,222,60.2072,61.2072,222,266,144
8ebdb0b3-2c32-494c-b6b3-b6162684d288,2026-10-10T06:08:54.827689+00:00,224,forecast,B,EW,2,0,7,8,12,11,0.4008,0.2004,0.0,0.0,313,147.3259,535,222,60.2072,61.2072,222,266,144
8ebdb0b3-2c32-494c-b6b3-b6162684d288,2026-10-10T06:08:54.827689+00:00,224,forecast,C,NS,4,0,3,1,66,31,0.0,0.0,0.6012,0.4008,313,147.3259,535,222,60.2072,61.2072,222,266,144
8ebdb0b3-2c32-494c-b6b3-b6162684d288,2026-10-10T06:08:54.827689+00:00,224,forecast,D,NS,5,0,5,34,46,8,0.0,0.2004,0.8015,0.0,313,147.3259,535,222,60.2072,61.2072,222,266,144
8ebdb0b3-2c32-494c-b6b3-b6162684d288,2026-10-10T06:08:55.831601+00:00,225,forecast,A,EW,1,0,26,4,12,40,0.0,0.0,0.0,0.3997,315,148.0711,538,223,60.0673,61.0673,223,268,144
8ebdb0b3-2c32-494c-b6b3-b6162684d288,2026-10-10T06:08:55.831601+00:00,225,forecast,B,EW,1,0,7,7,12,11,0.3997,0.1998,0.0,0.0,315,148.0711,538,223,60.0673,61.0673,223,268,144
8ebdb0b3-2c32-494c-b6b3-b6162684d288,2026-10-10T06:08:55.831601+00:00,225,forecast,C,NS,3,0,2,1,66,31,0.0,0.0,0.5995,0.1998,315,148.0711,538,223,60.0673,61.0673,223,268,144
8ebdb0b3-2c32-494c-b6b3-b6162684d288,2026-10-10T06:08:55.831601+00:00,225,forecast,D,NS,4,0,6,35,47,8,0.0,0.1998,0.9992,0.0,315,148.0711,538,223,60.0673,61.0673,223,268,144
8ebdb0b3-2c32-494c-b6b3-b6162684d288,2026-10-10T06:08:56.901335+00:00,226,forecast,A,EW,0,0,26,5,12,39,0.0,0.0,0.0,0.3967,316,148.8142,541,225,60.1156,61.1156,225,270,144
8ebdb0b3-2c32-494c-b6b3-b6162684d288,2026-10-10T06:08:56.901335+00:00,226,forecast,B,EW,0,0,7,7,12,11,0.1984,0.3967,0.0,0.0,316,148.8142,541,225,60.1156,61.1156,225,270,144
8ebdb0b3-2c32-494c-b6b3-b6162684d288,2026-10-10T06:08:56.901335+00:00,226,forecast,C,NS,2,0,2,1,67,31,0.0,0.0,0.5951,0.1984,316,148.8142,541,225,60.1156,61.1156,225,270,144
8ebdb0b3-2c32-494c-b6b3-b6162684d288,2026-10-10T06:08:56.901335+00:00,226,forecast,D,NS,3,0,5,35,48,8,0.0,0.1984,0.9918,0.0,316,148.8142,541,225,60.1156,61.1156,225,270,144
8ebdb0b3-2c32-494c-b6b3-b6162684d288,2026-10-10T06:08:57.823270+00:00,227,forecast,A,EW,5,0,26,6,12,39,0.0,0.0,0.0,0.5968,317,149.5551,544,227,60.4758,61.4758,227,272,144
8ebdb0b3-2c32-494c-b6b3-b6162684d288,2026-10-10T06:08:57.823270+00:00,227,forecast,B,EW,3,0,7,7,12,11,0.1989,0.5968,0.0,0.0,317,149.5551,544,227,60.4758,61.4758,227,272,144
8ebdb0b3-2c32-494c-b6b3-b6162684d288,2026-10-10T06:08:57.823270+00:00,227,forecast,C,NS,1,0,2,1,68,31,0.0,0.0,0.7957,0.0,317,149.5551,544,227,60.4758,61.4758,227,272,144
8ebdb0b3-2c32-494c-b6b3-b6162684d288,2026-10-10T06:08:57.823270+00:00,227,forecast,D,NS,2,0,4,35,48,8,0.0,0.1989,0.5968,0.0,317,149.5551,544,227,60.4758,61.4758,227,272,144
8ebdb0b3-2c32-494c-b6b3-b6162684d288,2026-10-10T06:08:58.825252+00:00,228,forecast,A,EW,4,0,26,7,12,39,0.0,0.0,0.0,0.6011,319,150.2982,547,228,60.3114,61.3114,228,274,144
8ebdb0b3-2c32-494c-b6b3-b6162684d288,2026-10-10T06:08:58.825252+00:00,228,forecast,B,EW,2,0,7,6,12,11,0.2004,0.4007,0.0,0.0,319,150.2982,547,228,60.3114,61.3114,228,274,144
8ebdb0b3-2c32-494c-b6b3-b6162684d288,2026-10-10T06:08:58.825252+00:00,228,forecast,C,NS,0,0,2,1,70,31,0.0,0.0,1.0018,0.0,319,150.2982,547,228,60.3114,61.3114,228,274,144
8ebdb0b3-2c32-494c-b6b3-b6162684d288,2026-10-10T06:08:58.825252+00:00,228,forecast,D,NS,1,0,4,35,48,8,0.0,0.2004,0.6011,0.0,319,150.2982,547,228,60.3114,61.3114,228,274,144
8ebdb0b3-2c32-494c-b6b3-b6162684d288,2026-10-10T06:08:59.839807+00:00,229,forecast,A,EW,3,0,26,7,12,39,0.0,0.0,0.0,0.8087,319,151.0349,550,231,60.5281,61.5281,231,276,144
8ebdb0b3-2c32-494c-b6b3-b6162684d288,2026-10-10T06:08:59.839807+00:00,229,forecast,B,EW,1,0,7,6,12,11,0.0,0.6065,0.0,0.0,319,151.0349,550,231,60.5281,61.5281,231,276,144
8ebdb0b3-2c32-494c-b6b3-b6162684d288,2026-10-10T06:08:59.839807+00:00,229,forecast,C,NS,6,0,2,1,70,32,0.0,0.0,0.8087,0.2022,319,151.0349,550,231,60.5281,61.5281,231,276,144
8ebdb0b3-2c32-494c-b6b3-b6162684d288,2026-10-10T06:08:59.839807+00:00,229,forecast,D,NS,0,0,3,35,48,8,0.0,0.2022,0.4044,0.0,319,151.0349,550,231,60.5281,61.5281,231,276,144
8ebdb0b3-2c32-494c-b6b3-b6162684d288,2026-10-10T06:09:00.865156+00:00,230,forecast,A,EW,2,0,26,8,12,38,0.0,0.0,0.0,0.6038,320,151.7696,553,233,60.588,61.588,233,278,144
8ebdb0b3-2c32-494c-b6b3-b6162684d288,2026-10-10T06:09:00.865156+00:00,230,forecast,B,EW,0,0,7,5,12,11,0.0,0.6038,0.0,0.0,320,151.7696,553,233,60.588,61.588,233,278,144
8ebdb0b3-2c32-494c-b6b3-b6162684d288,2026-10-10T06:09:00.865156+00:00,230,forecast,C,NS,5,0,1,1,70,33,0.0,0.0,0.805,0.4025,320,151.7696,553,233,60.588,61.588,233,278,144
8ebdb0b3-2c32-494c-b6b3-b6162684d288,2026-10-10T06:09:00.865156+00:00,230,forecast,D,NS,4,0,3,37,48,8,0.0,0.4025,0.2013,0.0,320,151.7696,553,233,60.588,61.588,233,278,144
8ebdb0b3-2c32-494c-b6b3-b6162684d288,2026-10-10T06:09:01.825281+00:00,231,forecast,A,EW,1,0,26,8,12,38,0.0,0.0,0.0,0.7991,321,152.5022,556,235,60.6511,61.6511,235,280,144
8ebdb0b3-2c32-494c-b6b3-b6162684d288,2026-10-10T06:09:01.825281+00:00,231,forecast,B,EW,3,0,7,4,12,11,0.0,0.3996,0.0,0.0,321,152.5022,556,235,60.6511,61.6511,235,280,144
8ebdb0b3-2c32-494c-b6b3-b6162684d288,2026-10-10T06:09:01.825281+00:00,231,forecast,C,NS,4,0,1,1,71,33,0.0,0.0,0.7991,0.3996,321,152.5022,556,235,60.6511,61.6511,235,280,144
8ebdb0b3-2c32-494c-b6b3-b6162684d288,2026-10-10T06:09:01.825281+00:00,231,forecast,D,NS,3,0,3,37,49,8,0.0,0.3996,0.1998,0.0,321,152.5022,556,235,60.6511,61.6511,235,280,144
8ebdb0b3-2c32-494c-b6b3-b6162684d288,2026-10-10T06:09:02.827011+00:00,232,forecast,A,EW,0,0,26,8,12,37,0.0,0.0,0.0,0.5963,322,153.2328,559,237,60.7637,61.7637,237,282,144
8ebdb0b3-2c32-494c-b6b3-b6162684d288,2026-10-10T06:09:02.827011+00:00,232,forecast,B,EW,2,0,7,4,12,11,0.0,0.3975,0.0,0.0,322,153.2328,559,237,60.7637,61.7637,237,282,144
8ebdb0b3-2c32-494c-b6b3-b6162684d288,2026-10-10T06:09:02.827011+00:00,232,forecast,C,NS,3,0,1,1,72,34,0.0,0.0,0.795,0.5963,322,153.2328,559,237,60.7637,61.7637,237,282,144
8ebdb0b3-2c32-494c-b6b3-b6162684d288,2026-10-10T06:09:02.827011+00:00,232,forecast,D,NS,2,0,3,37,49,8,0.0,0.3975,0.1988,0.0,322,153.2328,559,237,60.7637,61.7637,237,282,144
8ebdb0b3-2c32-494c-b6b3-b6162684d288,2026-10-10T06:09:03.829512+00:00,233,forecast,A,EW,4,0,28,8,12,36,0.3957,0.0,0.0,0.3957,323,153.9614,562,239,61.1423,62.1423,239,284,144
8ebdb0b3-2c32-494c-b6b3-b6162684d288,2026-10-10T06:09:03.829512+00:00,233,forecast,B,EW,1,0,7,4,12,11,0.0,0.5936,0.0,0.0,323,153.9614,562,239,61.1423,62.1423,239,284,144
8ebdb0b3-2c32-494c-b6b3-b6162684d288,2026-10-10T06:09:03.829512+00:00,233,forecast,C,NS,2,0,2,1,72,34,0.0,0.0,0.3957,0.5936,323,153.9614,562,239,61.1423,62.1423,239,284,144
8ebdb0b3-2c32-494c-b6b3-b6162684d288,2026-10-10T06:09:03.829512+00:00,233,forecast,D,NS,1,0,2,37,49,8,0.0,0.3957,0.1979,0.0,323,153.9614,562,239,61.1423,62.1423,239,284,144
8ebdb0b3-2c32-494c-b6b3-b6162684d288,2026-10-10T06:09:04.826947+00:00,234,forecast,A,EW,3,0,28,8,12,35,0.4,0.0,0.0,0.2,325,154.6923,565,240,61.3083,62.3083,240,286,144
8ebdb0b3-2c32-494c-b6b3-b6162684d288,2026-10-10T06:09:04.826947+00:00,234,forecast,B,EW,0,0,7,4,12,11,0.0,0.6,0.0,0.0,325,154.6923,565,240,61.3083,62.3083,240,286,144
8ebdb0b3-2c32-494c-b6b3-b6162684d288,2026-10-10T06:09:04.826947+00:00,234,forecast,C,NS,1,0,3,1,73,34,0.0,0.0,0.6,0.4,325,154.6923,565,240,61.3083,62.3083,240,286,144
8ebdb0b3-2c32-494c-b6b3-b6162684d288,2026-10-10T06:09:04.826947+00:00,234,forecast,D,NS,0,0,2,37,50,8,0.0,0.4,0.4,0.0,325,154.6923,565,240,61.3083,62.3083,240,286,144
8ebdb0b3-2c32-494c-b6b3-b6162684d288,2026-10-10T06:09:05.826377+00:00,235,forecast,A,EW,2,0,28,8,12,34,0.4038,0.0,0.0,0.2019,327,155.4255,568,241,61.1535,62.1535,241,288,144
8ebdb0b3-2c32-494c-b6b3-b6162684d288,2026-10-10T06:09:05.826377+00:00,235,forecast,B,EW,3,0,7,3,12,11,0.0,0.6056,0.0,0.0,327,155.4255,568,241,61.1535,62.1535,241,288,144
8ebdb0b3-2c32-494c-b6b3-b6162684d288,2026-10-10T06:09:05.826377+00:00,235,forecast,C,NS,0,0,3,1,73,34,0.0,0.0,0.6056,0.2019,327,155.4255,568,241,61.1535,62.1535,241,288,144
8ebdb0b3-2c32-494c-b6b3-b6162684d288,2026-10-10T06:09:05.826377+00:00,235,forecast,D,NS,5,0,3,38,52,8,0.0,0.2019,0.8075,0.0,327,155.4255,568,241,61.1535,62.1535,241,288,144
8ebdb0b3-2c32-494c-b6b3-b6162684d288,2026-10-10T06:09:06.827407+00:00,236,forecast,A,EW,1,0,28,8,12,33,0.4047,0.0,0.0,0.0,327,156.1525,571,244,61.3648,62.3648,244,290,144
8ebdb0b3-2c32-494c-b6b3-b6162684d288,2026-10-10T06:09:06.827407+00:00,236,forecast,B,EW,2,0,7,2,12,11,0.0,0.6071,0.0,0.0,327,156.1525,571,244,61.3648,62.3648,244,290,144
8ebdb0b3-2c32-494c-b6b3-b6162684d288,2026-10-10T06:09:06.827407+00:00,236,forecast,C,NS,6,0,3,1,74,34,0.0,0.0,0.6071,0.2024,327,156.1525,571,244,61.3648,62.3648,244,290,144
8ebdb0b3-2c32-494c-b6b3-b6162684d288,2026-10-10T06:09:06.827407+00:00,236,forecast,D,NS,4,0,2,39,53,8,0.0,0.4047,0.8094,0.0,327,156.1525,571,244,61.3648,62.3648,244,290,144
8ebdb0b3-2c32-494c-b6b3-b6162684d288,2026-10-10T06:09:07.826910+00:00,237,forecast,A,EW,0,0,28,8,12,32,0.4003,0.0,0.0,0.0,330,156.8861,574,244,61.3648,62.3648,244,292,144
8ebdb0b3-2c32-494c-b6b3-b6162684d288,2026-10-10T06:09:07.826910+00:00,237,forecast,B,EW,1,0,7,1,12,11,0.0,0.4003,0.0,0.0,330,156.8861,574,244,61.3648,62.3648,244,292,144
8ebdb0b3-2c32-494c-b6b3-b6162684d288,2026-10-10T06:09:07.826910+00:00,237,forecast,C,NS,5,0,4,1,75,34,0.0,0.0,0.6005,0.0,330,156.8861,574,244,61.3648,62.3648,244,292,144
8ebdb0b3-2c32-494c-b6b3-b6162684d288,2026-10-10T06:09:07.826910+00:00,237,forecast,D,NS,3,0,3,39,55,8,0.0,0.4003,1.2009,0.0,330,156.8861,574,244,61.3648,62.3648,244,292,144
8ebdb0b3-2c32-494c-b6b3-b6162684d288,2026-10-10T06:09:08.831504+00:00,238,forecast,A,EW,4,0,28,8,12,32,0.0,0.0,0.0,0.1985,332,157.6218,577,245,61.4939,62.4939,245,294,144
8ebdb0b3-2c32-494c-b6b3-b6162684d288,2026-10-10T06:09:08.831504+00:00,238,forecast,B,EW,0,0,7,0,12,11,0.0,0.1985,0.0,0.0,332,157.6218,577,245,61.4939,62.4939,245,294,144
8ebdb0b3-2c32-494c-b6b3-b6162684d288,2026-10-10T06:09:08.831504+00:00,238,forecast,C,NS,4,0,5,1,76,34,0.0,0.0,0.794,0.0,332,157.6218,577,245,61.4939,62.4939,245,294,144
8ebdb0b3-2c32-494c-b6b3-b6162684d288,2026-10-10T06:09:08.831504+00:00,238,forecast,D,NS,2,0,3,40,55,8,0.0,0.5955,1.191,0.0,332,157.6218,577,245,61.4939,62.4939,245,294,144
8ebdb0b3-2c32-494c-b6b3-b6162684d288,2026-10-10T06:09:09.826268+00:00,239,forecast,A,EW,3,0,28,7,12,31,0.0,0.0,0.0,0.1982,333,158.3556,580,247,61.2308,62.2308,247,296,144
8ebdb0b3-2c32-494c-b6b3-b6162684d288,2026-10-10T06:09:09.826268+00:00,239,forecast,B,CLEAR,0,1,7,1,12,12,0.0,0.1982,0.0,0.0,333,158.3556,580,247,61.2308,62.2308,247,296,144
8ebdb0b3-2c32-494c-b6b3-b6162684d288,2026-10-10T06:09:09.826268+00:00,239,forecast,C,NS,3,0,4,1,76,35,0.0,0.0,0.5945,0.1982,333,158.3556,580,247,61.2308,62.2308,247,296,144
8ebdb0b3-2c32-494c-b6b3-b6162684d288,2026-10-10T06:09:09.826268+00:00,239,forecast,D,NS,1,0,3,41,55,8,0.0,0.7926,0.9908,0.0,333,158.3556,580,247,61.2308,62.2308,247,296,144
8ebdb0b3-2c32-494c-b6b3-b6162684d288,2026-10-10T06:09:10.831388+00:00,240,forecast,A,EW,2,0,28,7,12,31,0.0,0.0,0.0,0.1989,335,159.0917,583,248,61.4194,62.4194,248,298,144
8ebdb0b3-2c32-494c-b6b3-b6162684d288,2026-10-10T06:09:10.831388+00:00,240,forecast,B,NS,3,0,7,2,12,12,0.1989,0.3978,0.0,0.0,335,159.0917,583,248,61.4194,62.4194,248,298,144
8ebdb0b3-2c32-494c-b6b3-b6162684d288,2026-10-10T06:09:10.831388+00:00,240,forecast,C,NS,2,0,5,1,77,35,0.0,0.0,0.7956,0.1989,335,159.0917,583,248,61.4194,62.4194,248,298,144
8ebdb0b3-2c32-494c-b6b3-b6162684d288,2026-10-10T06:09:10.831388+00:00,240,forecast,D,NS,0,0,3,41,54,8,0.0,0.5967,0.5967,0.0,335,159.0917,583,248,61.4194,62.4194,248,298,144
8ebdb0b3-2c32-494c-b6b3-b6162684d288,2026-10-10T06:09:11.828750+00:00,241,forecast,A,EW,1,0,28,6,12,31,0.0,0.0,0.0,0.2009,335,159.8216,586,251,61.3506,62.3506,251,300,144
8ebdb0b3-2c32-494c-b6b3-b6162684d288,2026-10-10T06:09:11.828750+00:00,241,forecast,B,NS,2,0,6,2,11,12,0.2009,0.4019,0.0,0.0,335,159.8216,586,251,61.3506,62.3506,251,300,144
8ebdb0b3-2c32-494c-b6b3-b6162684d288,2026-10-10T06:09:11.828750+00:00,241,forecast,C,NS,1,0,4,1,77,36,0.0,0.0,0.6028,0.4019,335,159.8216,586,251,61.3506,62.3506,251,300,144
8ebdb0b3-2c32-494c-b6b3-b6162684d288,2026-10-10T06:09:11.828750+00:00,241,forecast,D,CLEAR,0,1,4,43,54,8,0.0,0.8038,0.4019,0.0,335,159.8216,586,251,61.3506,62.3506,251,300,144
8ebdb0b3-2c32-494c-b6b3-b6162684d288,2026-10-10T06:09:12.828473+00:00,242,forecast,A,EW,0,0,30,6,12,32,0.4041,0.0,0.0,0.4041,336,160.5496,589,253,61.5968,62.5968,253,302,144
8ebdb0b3-2c32-494c-b6b3-b6162684d288,2026-10-10T06:09:12.828473+00:00,242,forecast,B,NS,1,0,5,2,10,12,0.2021,0.4041,0.0,0.0,336,160.5496,589,253,61.5968,62.5968,253,302,144
8ebdb0b3-2c32-494c-b6b3-b6162684d288,2026-10-10T06:09:12.828473+00:00,242,forecast,C,NS,0,0,4,2,77,36,0.0,0.0,0.4041,0.4041,336,160.5496,589,253,61.5968,62.5968,253,302,144
8ebdb0b3-2c32-494c-b6b3-b6162684d288,2026-10-10T06:09:12.828473+00:00,242,forecast,D,EW,5,0,5,42,54,7,0.0,0.8082,0.0,0.0,336,160.5496,589,253,61.5968,62.5968,253,302,144
8ebdb0b3-2c32-494c-b6b3-b6162684d288,2026-10-10T06:09:13.832936+00:00,243,forecast,A,CLEAR,0,1,30,6,12,32,0.4031,0.0,0.0,0.2016,337,161.2757,592,255,62.0941,63.0941,255,303,144
8ebdb0b3-2c32-494c-b6b3-b6162684d288,2026-10-10T06:09:13.832936+00:00,243,forecast,B,NS,0,0,5,2,9,12,0.4031,0.4031,0.0,0.0,337,161.2757,592,255,62.0941,63.0941,255,303,144
8ebdb0b3-2c32-494c-b6b3-b6162684d288,2026-10-10T06:09:13.832936+00:00,243,forecast,C,NS,6,0,4,3,77,36,0.0,0.0,0.2016,0.4031,337,161.2757,592,255,62.0941,63.0941,255,303,144
8ebdb0b3-2c32-494c-b6b3-b6162684d288,2026-10-10T06:09:13.832936+00:00,243,forecast,D,EW,4,0,6,41,56,6,0.0,0.6047,0.4031,0.0,337,161.2757,592,255,62.0941,63.0941,255,303,144
8ebdb0b3-2c32-494c-b6b3-b6162684d288,2026-10-10T06:09:14.829578+00:00,244,forecast,A,NS,4,0,29,6,12,33,0.3986,0.0,0.0,0.3986,337,161.9959,595,258,63.031,64.031,258,303,144
8ebdb0b3-2c32-494c-b6b3-b6162684d288,2026-10-10T06:09:14.829578+00:00,244,forecast,B,NS,3,0,4,3,8,12,0.3986,0.3986,0.0,0.0,337,161.9959,595,258,63.031,64.031,258,303,144
8ebdb0b3-2c32-494c-b6b3-b6162684d288,2026-10-10T06:09:14.829578+00:00,244,forecast,C,NS,5,0,5,4,77,36,0.0,0.0,0.3986,0.1993,337,161.9959,595,258,63.031,64.031,258,303,144
8ebdb0b3-2c32-494c-b6b3-b6162684d288,2026-10-10T06:09:14.829578+00:00,244,forecast,D,EW,3,0,7,40,56,5,0.0,0.3986,0.3986,0.0,337,161.9959,595,258,63.031,64.031,258,303,144
8ebdb0b3-2c32-494c-b6b3-b6162684d288,2026-10-10T06:09:15.829062+00:00,245,forecast,A,NS,3,0,28,7,12,33,0.3957,0.0,0.0,0.3957,337,162.7102,598,261,63.6398,64.6398,261,303,144
8ebdb0b3-2c32-494c-b6b3-b6162684d288,2026-10-10T06:09:15.829062+00:00,245,forecast,B,NS,2,0,4,3,7,12,0.3957,0.1979,0.0,0.0,337,162.7102,598,261,63.6398,64.6398,261,303,144
8ebdb0b3-2c32-494c-b6b3-b6162684d288,2026-10-10T06:09:15.829062+00:00,245,forecast,C,NS,4,0,5,5,76,37,0.0,0.0,0.1979,0.3957,337,162.7102,598,261,63.6398,64.6398,261,303,144
8ebdb0b3-2c32-494c-b6b3-b6162684d288,2026-10-10T06:09:15.829062+00:00,245,forecast,D,EW,2,0,8,40,56,4,0.0,0.5936,0.3957,0.0,337,162.7102,598,261,63.6398,64.6398,261,303,144
8ebdb0b3-2c32-494c-b6b3-b6162684d288,2026-10-10T06:09:16.826340+00:00,246,forecast,A,NS,2,0,27,7,12,33,0.3969,0.0,0.0,0.3969,337,163.4187,601,264,63.9545,64.9545,264,305,144
8ebdb0b3-2c32-494c-b6b3-b6162684d288,2026-10-10T06:09:16.826340+00:00,246,forecast,B,NS,1,0,3,4,6,12,0.3969,0.3969,0.0,0.0,337,163.4187,601,264,63.9545,64.9545,264,305,144
8ebdb0b3-2c32-494c-b6b3-b6162684d288,2026-10-10T06:09:16.826340+00:00,246,forecast,C,NS,3,0,5,6,76,39,0.0,0.0,0.1984,0.5953,337,163.4187,601,264,63.9545,64.9545,264,305,144
8ebdb0b3-2c32-494c-b6b3-b6162684d288,2026-10-10T06:09:16.826340+00:00,246,forecast,D,EW,1,0,9,39,56,3,0.0,0.1984,0.3969,0.0,337,163.4187,601,264,63.9545,64.9545,264,305,144
8ebdb0b3-2c32-494c-b6b3-b6162684d288,2026-10-10T06:09:17.829672+00:00,247,forecast,A,NS,1,0,26,7,12,33,0.0,0.0,0.0,0.2001,338,164.1255,604,266,64.3759,65.3759,266,307,144
8ebdb0b3-2c32-494c-b6b3-b6162684d288,2026-10-10T06:09:17.829672+00:00,247,forecast,B,NS,0,0,2,4,5,12,0.4001,0.4001,0.0,0.0,338,164.1255,604,266,64.3759,65.3759,266,307,144
8ebdb0b3-2c32-494c-b6b3-b6162684d288,2026-10-10T06:09:17.829672+00:00,247,forecast,C,NS,2,0,6,7,77,40,0.0,0.0,0.4001,0.8003,338,164.1255,604,266,64.3759,65.3759,266,307,144
8ebdb0b3-2c32-494c-b6b3-b6162684d288,2026-10-10T06:09:17.829672+00:00,247,forecast,D,EW,0,0,10,38,57,2,0.0,0.2001,0.6002,0.0,338,164.1255,604,266,64.3759,65.3759,266,307,144
8ebdb0b3-2c32-494c-b6b3-b6162684d288,2026-10-10T06:09:18.845026+00:00,248,forecast,A,NS,0,0,25,7,12,33,0.0,0.0,0.0,0.2016,340,164.8347,607,267,64.2285,65.2285,267,309,144
8ebdb0b3-2c32-494c-b6b3-b6162684d288,2026-10-10T06:09:18.845026+00:00,248,forecast,B,CLEAR,0,1,2,5,5,12,0.2016,0.6048,0.0,0.0,340,164.8347,607,267,64.2285,65.2285,267,309,144
8ebdb0b3-2c32-494c-b6b3-b6162684d288,2026-10-10T06:09:18.845026+00:00,248,forecast,C,NS,1,0,6,7,78,40,0.0,0.0,0.6048,0.8064,340,164.8347,607,267,64.2285,65.2285,267,309,144
8ebdb0b3-2c32-494c-b6b3-b6162684d288,2026-10-10T06:09:18.845026+00:00,248,forecast,D,CLEAR,0,1,10,38,58,2,0.0,0.2016,0.4032,0.0,340,164.8347,607,267,64.2285,65.2285,267,309,144
8ebdb0b3-2c32-494c-b6b3-b6162684d288,2026-10-10T06:09:19.842680+00:00,249,forecast,A,NS,4,0,25,8,12,33,0.2013,0.0,0.0,0.0,342,165.5462,610,268,64.4142,65.4142,268,311,144
8ebdb0b3-2c32-494c-b6b3-b6162684d288,2026-10-10T06:09:19.842680+00:00,249,forecast,B,EW,3,0,3,4,6,11,0.4025,0.4025,0.0,0.0,342,165.5462,610,268,64.4142,65.4142,268,311,144
8ebdb0b3-2c32-494c-b6b3-b6162684d288,2026-10-10T06:09:19.842680+00:00,249,forecast,C,NS,0,0,7,7,78,41,0.0,0.0,0.4025,1.0064,342,165.5462,610,268,64.4142,65.4142,268,311,144
8ebdb0b3-2c32-494c-b6b3-b6162684d288,2026-10-10T06:09:19.842680+00:00,249,forecast,D,NS,5,0,10,38,57,2,0.0,0.2013,0.4025,0.0,342,165.5462,610,268,64.4142,65.4142,268,311,144
8ebdb0b3-2c32-494c-b6b3-b6162684d288,2026-10-10T06:09:20.835971+00:00,250,forecast,A,NS,3,0,24,9,12,33,0.2009,0.0,0.0,0.0,342,166.252,613,271,64.583,65.583,271,311,144
8ebdb0b3-2c32-494c-b6b3-b6162684d288,2026-10-10T06:09:20.835971+00:00,250,forecast,B,EW,2,0,4,4,7,11,0.4018,0.6028,0.0,0.0,342,166.252,613,271,64.583,65.583,271,311,144
8ebdb0b3-2c32-494c-b6b3-b6162684d288,2026-10-10T06:09:20.835971+00:00,250,forecast,C,NS,7,0,7,7,78,41,0.0,0.0,0.6028,0.8037,342,166.252,613,271,64.583,65.583,271,311,144
8ebdb0b3-2c32-494c-b6b3-b6162684d288,2026-10-10T06:09:20.835971+00:00,250,forecast,D,NS,4,0,9,38,56,2,0.0,0.0,0.4018,0.0,342,166.252,613,271,64.583,65.583,271,311,144
8ebdb0b3-2c32-494c-b6b3-b6162684d288,2026-10-10T06:09:21.819440+00:00,251,forecast,A,NS,2,0,23,10,12,33,0.1984,0.0,0.0,0.0,343,166.9562,616,273,64.9487,65.9487,273,311,144
8ebdb0b3-2c32-494c-b6b3-b6162684d288,2026-10-10T06:09:21.819440+00:00,251,forecast,B,EW,1,0,4,5,8,10,0.3968,0.7937,0.0,0.0,343,166.9562,616,273,64.9487,65.9487,273,311,144
8ebdb0b3-2c32-494c-b6b3-b6162684d288,2026-10-10T06:09:21.819440+00:00,251,forecast,C,NS,6,0,8,7,77,42,0.0,0.0,0.5953,0.5953,343,166.9562,616,273,64.9487,65.9487,273,311,144
8ebdb0b3-2c32-494c-b6b3-b6162684d288,2026-10-10T06:09:21.819440+00:00,251,forecast,D,NS,3,0,9,38,55,2,0.0,0.0,0.3968,0.0,343,166.9562,616,273,64.9487,65.9487,273,311,144
8ebdb0b3-2c32-494c-b6b3-b6162684d288,2026-10-10T06:09:22.833116+00:00,252,forecast,A,NS,1,0,22,11,12,34,0.1978,0.0,0.0,0.1978,344,167.6587,619,275,65.1564,66.1564,275,311,144
8ebdb0b3-2c32-494c-b6b3-b6162684d288,2026-10-10T06:09:22.833116+00:00,252,forecast,B,EW,0,0,4,4,9,10,0.3956,0.7913,0.0,0.0,344,167.6587,619,275,65.1564,66.1564,275,311,144
8ebdb0b3-2c32-494c-b6b3-b6162684d288,2026-10-10T06:09:22.833116+00:00,252,forecast,C,NS,5,0,8,7,77,42,0.0,0.0,0.5935,0.3956,344,167.6587,619,275,65.1564,66.1564,275,311,144
8ebdb0b3-2c32-494c-b6b3-b6162684d288,2026-10-10T06:09:22.833116+00:00,252,forecast,D,NS,2,0,9,38,55,2,0.0,0.0,0.3956,0.0,344,167.6587,619,275,65.1564,66.1564,275,311,144
8ebdb0b3-2c32-494c-b6b3-b6162684d288,2026-10-10T06:09:23.834548+00:00,253,forecast,A,NS,0,0,21,12,12,35,0.1997,0.0,0.0,0.3993,345,168.3597,622,277,65.3466,66.3466,277,311,144
8ebdb0b3-2c32-494c-b6b3-b6162684d288,2026-10-10T06:09:23.834548+00:00,253,forecast,B,EW,3,0,4,4,10,10,0.3993,0.7987,0.0,0.0,345,168.3597,622,277,65.3466,66.3466,277,311,144
8ebdb0b3-2c32-494c-b6b3-b6162684d288,2026-10-10T06:09:23.834548+00:00,253,forecast,C,NS,4,0,8,7,76,42,0.0,0.0,0.3993,0.3993,345,168.3597,622,277,65.3466,66.3466,277,311,144
8ebdb0b3-2c32-494c-b6b3-b6162684d288,2026-10-10T06:09:23.834548+00:00,253,forecast,D,NS,1,0,9,38,55,2,0.0,0.0,0.3993,0.0,345,168.3597,622,277,65.3466,66.3466,277,311,144
8ebdb0b3-2c32-494c-b6b3-b6162684d288,2026-10-10T06:09:24.834621+00:00,254,forecast,A,CLEAR,0,1,22,12,12,35,0.2013,0.0,0.0,0.4026,345,169.0551,625,280,65.6321,66.6321,280,313,144
8ebdb0b3-2c32-494c-b6b3-b6162684d288,2026-10-10T06:09:24.834621+00:00,254,forecast,B,EW,2,0,4,4,11,9,0.2013,0.8053,0.0,0.0,345,169.0551,625,280,65.6321,66.6321,280,313,144
8ebdb0b3-2c32-494c-b6b3-b6162684d288,2026-10-10T06:09:24.834621+00:00,254,forecast,C,NS,3,0,7,7,77,42,0.0,0.0,0.604,0.2013,345,169.0551,625,280,65.6321,66.6321,280,313,144
8ebdb0b3-2c32-494c-b6b3-b6162684d288,2026-10-10T06:09:24.834621+00:00,254,forecast,D,NS,0,0,8,38,55,2,0.0,0.0,0.604,0.0,345,169.0551,625,280,65.6321,66.6321,280,313,144
8ebdb0b3-2c32-494c-b6b3-b6162684d288,2026-10-10T06:09:25.840789+00:00,255,forecast,A,EW,4,0,22,12,12,34,0.2014,0.0,0.0,0.4028,345,169.7451,628,283,65.6537,66.6537,283,314,144
8ebdb0b3-2c32-494c-b6b3-b6162684d288,2026-10-10T06:09:25.840789+00:00,255,forecast,B,EW,1,0,4,5,12,9,0.0,1.007,0.0,0.0,345,169.7451,628,283,65.6537,66.6537,283,314,144
8ebdb0b3-2c32-494c-b6b3-b6162684d288,2026-10-10T06:09:25.840789+00:00,255,forecast,C,NS,2,0,6,7,77,42,0.0,0.0,0.4028,0.2014,345,169.7451,628,283,65.6537,66.6537,283,314,144
8ebdb0b3-2c32-494c-b6b3-b6162684d288,2026-10-10T06:09:25.840789+00:00,255,forecast,D,NS,5,0,8,39,54,2,0.0,0.2014,0.6042,0.0,345,169.7451,628,283,65.6537,66.6537,283,314,144
8ebdb0b3-2c32-494c-b6b3-b6162684d288,2026-10-10T06:09:26.824948+00:00,256,forecast,A,EW,3,0,23,12,12,33,0.3997,0.0,0.0,0.3997,345,170.4297,631,286,65.8951,66.8951,286,316,144
8ebdb0b3-2c32-494c-b6b3-b6162684d288,2026-10-10T06:09:26.824948+00:00,256,forecast,B,EW,0,0,4,5,12,9,0.0,0.7993,0.0,0.0,345,170.4297,631,286,65.8951,66.8951,286,316,144
8ebdb0b3-2c32-494c-b6b3-b6162684d288,2026-10-10T06:09:26.824948+00:00,256,forecast,C,NS,1,0,6,7,77,42,0.0,0.0,0.3997,0.0,345,170.4297,631,286,65.8951,66.8951,286,316,144
8ebdb0b3-2c32-494c-b6b3-b6162684d288,2026-10-10T06:09:26.824948+00:00,256,forecast,D,NS,4,0,7,39,55,2,0.0,0.1998,0.7993,0.0,345,170.4297,631,286,65.8951,66.8951,286,316,144
8ebdb0b3-2c32-494c-b6b3-b6162684d288,2026-10-10T06:09:27.833556+00:00,257,forecast,A,EW,2,0,23,12,12,32,0.3969,0.0,0.0,0.1985,345,171.1089,634,289,65.8443,66.8443,289,318,144
8ebdb0b3-2c32-494c-b6b3-b6162684d288,2026-10-10T06:09:27.833556+00:00,257,forecast,B,EW,3,0,4,7,12,9,0.0,1.3892,0.0,0.0,345,171.1089,634,289,65.8443,66.8443,289,318,144
8ebdb0b3-2c32-494c-b6b3-b6162684d288,2026-10-10T06:09:27.833556+00:00,257,forecast,C,NS,0,0,5,7,77,42,0.0,0.0,0.1985,0.0,345,171.1089,634,289,65.8443,66.8443,289,318,144
8ebdb0b3-2c32-494c-b6b3-b6162684d288,2026-10-10T06:09:27.833556+00:00,257,forecast,D,NS,3,0,7,39,55,2,0.0,0.1985,0.5954,0.0,345,171.1089,634,289,65.8443,66.8443,289,318,144
8ebdb0b3-2c32-494c-b6b3-b6162684d288,2026-10-10T06:09:28.829620+00:00,258,forecast,A,EW,1,0,24,12,12,31,0.5966,0.0,0.0,0.0,345,171.7829,637,292,65.9692,66.9692,292,320,144
8ebdb0b3-2c32-494c-b6b3-b6162684d288,2026-10-10T06:09:28.829620+00:00,258,forecast,B,EW,2,0,4,7,12,9,0.0,1.3922,0.0,0.0,345,171.7829,637,292,65.9692,66.9692,292,320,144
8ebdb0b3-2c32-494c-b6b3-b6162684d288,2026-10-10T06:09:28.829620+00:00,258,forecast,C,NS,6,0,5,7,77,43,0.0,0.0,0.1989,0.1989,345,171.7829,637,292,65.9692,66.9692,292,320,144
8ebdb0b3-2c32-494c-b6b3-b6162684d288,2026-10-10T06:09:28.829620+00:00,258,forecast,D,NS,2,0,6,39,55,2,0.0,0.1989,0.3978,0.0,345,171.7829,637,292,65.9692,66.9692,292,320,144
8ebdb0b3-2c32-494c-b6b3-b6162684d288,2026-10-10T06:09:29.820227+00:00,259,forecast,A,EW,0,0,24,12,12,30,0.3997,0.0,0.0,0.0,345,172.4517,640,295,66.5424,67.5424,295,322,144
8ebdb0b3-2c32-494c-b6b3-b6162684d288,2026-10-10T06:09:29.820227+00:00,259,forecast,B,EW,1,0,4,7,12,9,0.0,1.5988,0.0,0.0,345,172.4517,640,295,66.5424,67.5424,295,322,144
8ebdb0b3-2c32-494c-b6b3-b6162684d288,2026-10-10T06:09:29.820227+00:00,259,forecast,C,NS,5,0,4,7,78,44,0.0,0.0,0.1999,0.3997,345,172.4517,640,295,66.5424,67.5424,295,322,144
8ebdb0b3-2c32-494c-b6b3-b6162684d288,2026-10-10T06:09:29.820227+00:00,259,forecast,D,NS,1,0,6,39,55,2,0.0,0.1999,0.1999,0.0,345,172.4517,640,295,66.5424,67.5424,295,322,144
8ebdb0b3-2c32-494c-b6b3-b6162684d288,2026-10-10T06:09:30.846165+00:00,260,forecast,A,CLEAR,0,1,24,12,12,30,0.4034,0.0,0.0,0.0,345,173.1154,643,298,66.9295,67.9295,298,325,144
8ebdb0b3-2c32-494c-b6b3-b6162684d288,2026-10-10T06:09:30.846165+00:00,260,forecast,B,EW,0,0,4,8,12,8,0.0,1.4119,0.0,0.0,345,173.1154,643,298,66.9295,67.9295,298,325,144
8ebdb0b3-2c32-494c-b6b3-b6162684d288,2026-10-10T06:09:30.846165+00:00,260,forecast,C,NS,4,0,3,7,79,44,0.0,0.0,0.4034,0.4034,345,173.1154,643,298,66.9295,67.9295,298,325,144
8ebdb0b3-2c32-494c-b6b3-b6162684d288,2026-10-10T06:09:30.846165+00:00,260,forecast,D,NS,0,0,5,40,55,2,0.0,0.2017,0.2017,0.0,345,173.1154,643,298,66.9295,67.9295,298,325,144
8ebdb0b3-2c32-494c-b6b3-b6162684d288,2026-10-10T06:09:31.864363+00:00,261,forecast,A,NS,4,0,23,12,12,31,0.2015,0.0,0.0,0.2015,345,173.7739,646,301,67.6578,68.6578,301,327,144
8ebdb0b3-2c32-494c-b6b3-b6162684d288,2026-10-10T06:09:31.864363+00:00,261,forecast,B,EW,3,0,5,8,12,8,0.2015,1.2089,0.0,0.0,345,173.7739,646,301,67.6578,68.6578,301,327,144
8ebdb0b3-2c32-494c-b6b3-b6162684d288,2026-10-10T06:09:31.864363+00:00,261,forecast,C,NS,3,0,3,7,79,44,0.0,0.0,0.6044,0.403,345,173.7739,646,301,67.6578,68.6578,301,327,144
8ebdb0b3-2c32-494c-b6b3-b6162684d288,2026-10-10T06:09:31.864363+00:00,261,forecast,D,NS,5,0,4,40,55,2,0.0,0.2015,0.0,0.0,345,173.7739,646,301,67.6578,68.6578,301,327,144
8ebdb0b3-2c32-494c-b6b3-b6162684d288,2026-10-10T06:09:32.854598+00:00,262,forecast,A,NS,3,0,22,12,12,31,0.2005,0.0,0.0,0.2005,346,174.4313,649,303,68.1947,69.1947,303,329,144
8ebdb0b3-2c32-494c-b6b3-b6162684d288,2026-10-10T06:09:32.854598+00:00,262,forecast,B,EW,2,0,6,9,12,8,0.401,0.802,0.0,0.0,346,174.4313,649,303,68.1947,69.1947,303,329,144
8ebdb0b3-2c32-494c-b6b3-b6162684d288,2026-10-10T06:09:32.854598+00:00,262,forecast,C,NS,2,0,4,7,78,44,0.0,0.0,0.6015,0.401,346,174.4313,649,303,68.1947,69.1947,303,329,144
8ebdb0b3-2c32-494c-b6b3-b6162684d288,2026-10-10T06:09:32.854598+00:00,262,forecast,D,NS,4,0,3,40,56,2,0.0,0.2005,0.2005,0.0,346,174.4313,649,303,68.1947,69.1947,303,329,144
8ebdb0b3-2c32-494c-b6b3-b6162684d288,2026-10-10T06:09:33.840972+00:00,263,forecast,A,NS,2,0,21,12,12,31,0.0,0.0,0.0,0.1994,346,175.0837,652,306,69.0915,70.0915,306,331,144
8ebdb0b3-2c32-494c-b6b3-b6162684d288,2026-10-10T06:09:33.840972+00:00,263,forecast,B,EW,1,0,6,9,12,7,0.3989,0.5983,0.0,0.0,346,175.0837,652,306,69.0915,70.0915,306,331,144
8ebdb0b3-2c32-494c-b6b3-b6162684d288,2026-10-10T06:09:33.840972+00:00,263,forecast,C,NS,1,0,5,7,77,44,0.0,0.0,0.5983,0.1994,346,175.0837,652,306,69.0915,70.0915,306,331,144
8ebdb0b3-2c32-494c-b6b3-b6162684d288,2026-10-10T06:09:33.840972+00:00,263,forecast,D,NS,3,0,2,40,59,2,0.0,0.1994,0.7977,0.0,346,175.0837,652,306,69.0915,70.0915,306,331,144
8ebdb0b3-2c32-494c-b6b3-b6162684d288,2026-10-10T06:09:34.821957+00:00,264,forecast,A,NS,1,0,20,12,12,32,0.0,0.0,0.0,0.396,347,175.7348,655,308,69.3474,70.3474,308,333,144
8ebdb0b3-2c32-494c-b6b3-b6162684d288,2026-10-10T06:09:34.821957+00:00,264,forecast,B,EW,0,0,6,9,12,6,0.396,0.396,0.0,0.0,347,175.7348,655,308,69.3474,70.3474,308,333,144
8ebdb0b3-2c32-494c-b6b3-b6162684d288,2026-10-10T06:09:34.821957+00:00,264,forecast,C,NS,0,0,5,7,77,45,0.0,0.0,0.594,0.198,347,175.7348,655,308,69.3474,70.3474,308,333,144
8ebdb0b3-2c32-494c-b6b3-b6162684d288,2026-10-10T06:09:34.821957+00:00,264,forecast,D,NS,2,0,3,40,59,2,0.0,0.198,0.792,0.0,347,175.7348,655,308,69.3474,70.3474,308,333,144
8ebdb0b3-2c32-494c-b6b3-b6162684d288,2026-10-10T06:09:35.845216+00:00,265,forecast,A,NS,0,0,19,12,12,33,0.0,0.0,0.0,0.5984,349,176.3887,658,309,69.4466,70.4466,309,334,144
8ebdb0b3-2c32-494c-b6b3-b6162684d288,2026-10-10T06:09:35.845216+00:00,265,forecast,B,CLEAR,0,1,6,10,12,7,0.399,0.399,0.0,0.0,349,176.3887,658,309,69.4466,70.4466,309,334,144
8ebdb0b3-2c32-494c-b6b3-b6162684d288,2026-10-10T06:09:35.845216+00:00,265,forecast,C,NS,6,0,6,7,76,45,0.0,0.0,0.399,0.1995,349,176.3887,658,309,69.4466,70.4466,309,334,144
8ebdb0b3-2c32-494c-b6b3-b6162684d288,2026-10-10T06:09:35.845216+00:00,265,forecast,D,NS,1,0,2,40,60,2,0.0,0.0,0.9974,0.0,349,176.3887,658,309,69.4466,70.4466,309,334,144
8ebdb0b3-2c32-494c-b6b3-b6162684d288,2026-10-10T06:09:36.838635+00:00,266,forecast,A,CLEAR,0,1,19,12,12,33,0.0,0.0,0.0,0.4024,351,177.0451,661,310,69.3258,70.3258,310,337,144
8ebdb0b3-2c32-494c-b6b3-b6162684d288,2026-10-10T06:09:36.838635+00:00,266,forecast,B,NS,3,0,5,10,12,7,0.2012,0.4024,0.0,0.0,351,177.0451,661,310,69.3258,70.3258,310,337,144
8ebdb0b3-2c32-494c-b6b3-b6162684d288,2026-10-10T06:09:36.838635+00:00,266,forecast,C,NS,5,0,5,7,76,45,0.0,0.0,0.2012,0.2012,351,177.0451,661,310,69.3258,70.3258,310,337,144
8ebdb0b3-2c32-494c-b6b3-b6162684d288,2026-10-10T06:09:36.838635+00:00,266,forecast,D,NS,0,0,3,40,63,2,0.0,0.0,1.6098,0.0,351,177.0451,661,310,69.3258,70.3258,310,337,144
8ebdb0b3-2c32-494c-b6b3-b6162684d288,2026-10-10T06:09:37.820869+00:00,267,forecast,A,EW,4,0,19,12,12,33,0.0,0.0,0.0,0.6061,352,177.7004,664,312,69.6506,70.6506,312,338,144
8ebdb0b3-2c32-494c-b6b3-b6162684d288,2026-10-10T06:09:37.820869+00:00,267,forecast,B,NS,2,0,5,10,12,8,0.202,0.202,0.0,0.0,352,177.7004,664,312,69.6506,70.6506,312,338,144
8ebdb0b3-2c32-494c-b6b3-b6162684d288,2026-10-10T06:09:37.820869+00:00,267,forecast,C,NS,4,0,5,7,76,45,0.0,0.0,0.202,0.202,352,177.7004,664,312,69.6506,70.6506,312,338,144
8ebdb0b3-2c32-494c-b6b3-b6162684d288,2026-10-10T06:09:37.820869+00:00,267,forecast,D,NS,6,0,3,41,62,2,0.0,0.202,1.4143,0.0,352,177.7004,664,312,69.6506,70.6506,312,338,144
8ebdb0b3-2c32-494c-b6b3-b6162684d288,2026-10-10T06:09:38.846667+00:00,268,forecast,A,EW,3,0,19,11,12,33,0.0,0.0,0.0,0.8025,353,178.3545,667,314,70.051,71.051,314,339,144
8ebdb0b3-2c32-494c-b6b3-b6162684d288,2026-10-10T06:09:38.846667+00:00,268,forecast,B,NS,1,0,4,10,12,9,0.2006,0.2006,0.0,0.0,353,178.3545,667,314,70.051,71.051,314,339,144
8ebdb0b3-2c32-494c-b6b3-b6162684d288,2026-10-10T06:09:38.846667+00:00,268,forecast,C,NS,3,0,5,7,76,45,0.0,0.0,0.2006,0.2006,353,178.3545,667,314,70.051,71.051,314,339,144
8ebdb0b3-2c32-494c-b6b3-b6162684d288,2026-10-10T06:09:38.846667+00:00,268,forecast,D,NS,5,0,4,43,61,2,0.0,0.6018,0.8025,0.0,353,178.3545,667,314,70.051,71.051,314,339,144
8ebdb0b3-2c32-494c-b6b3-b6162684d288,2026-10-10T06:09:39.846886+00:00,269,forecast,A,EW,2,0,19,10,12,33,0.0,0.0,0.0,0.7962,353,179.0037,670,317,70.2713,71.2713,317,340,144
8ebdb0b3-2c32-494c-b6b3-b6162684d288,2026-10-10T06:09:39.846886+00:00,269,forecast,B,NS,0,0,4,10,12,10,0.3981,0.199,0.0,0.0,353,179.0037,670,317,70.2713,71.2713,317,340,144
8ebdb0b3-2c32-494c-b6b3-b6162684d288,2026-10-10T06:09:39.846886+00:00,269,forecast,C,NS,2,0,4,7,76,45,0.0,0.0,0.0,0.0,353,179.0037,670,317,70.2713,71.2713,317,340,144
8ebdb0b3-2c32-494c-b6b3-b6162684d288,2026-10-10T06:09:39.846886+00:00,269,forecast,D,NS,4,0,5,43,61,2,0.0,0.5971,0.9952,0.0,353,179.0037,670,317,70.2713,71.2713,317,340,144
8ebdb0b3-2c32-494c-b6b3-b6162684d288,2026-10-10T06:09:40.832308+00:00,270,forecast,A,EW,1,0,19,9,12,35,0.0,0.0,0.0,1.1901,355,179.6556,673,318,70.4182,71.4182,318,342,144
8ebdb0b3-2c32-494c-b6b3-b6162684d288,2026-10-10T06:09:40.832308+00:00,270,forecast,B,CLEAR,0,1,4,10,12,11,0.3967,0.0,0.0,0.0,355,179.6556,673,318,70.4182,71.4182,318,342,144
8ebdb0b3-2c32-494c-b6b3-b6162684d288,2026-10-10T06:09:40.832308+00:00,270,forecast,C,NS,1,0,4,7,76,45,0.0,0.0,0.0,0.0,355,179.6556,673,318,70.4182,71.4182,318,342,144
8ebdb0b3-2c32-494c-b6b3-b6162684d288,2026-10-10T06:09:40.832308+00:00,270,forecast,D,NS,3,0,5,43,61,2,0.0,0.5951,0.7934,0.0,355,179.6556,673,318,70.4182,71.4182,318,342,144
8ebdb0b3-2c32-494c-b6b3-b6162684d288,2026-10-10T06:09:41.835719+00:00,271,forecast,A,EW,0,0,19,9,12,35,0.0,0.0,0.0,1.3915,357,180.31,676,319,70.5486,71.5486,319,344,144
8ebdb0b3-2c32-494c-b6b3-b6162684d288,2026-10-10T06:09:41.835719+00:00,271,forecast,B,EW,3,0,5,9,12,11,0.5963,0.0,0.0,0.0,357,180.31,676,319,70.5486,71.5486,319,344,144
8ebdb0b3-2c32-494c-b6b3-b6162684d288,2026-10-10T06:09:41.835719+00:00,271,forecast,C,NS,0,0,4,7,77,45,0.0,0.0,0.1988,0.0,357,180.31,676,319,70.5486,71.5486,319,344,144
8ebdb0b3-2c32-494c-b6b3-b6162684d288,2026-10-10T06:09:41.835719+00:00,271,forecast,D,NS,2,0,6,43,61,2,0.0,0.5963,0.1988,0.0,357,180.31,676,319,70.5486,71.5486,319,344,144
8ebdb0b3-2c32-494c-b6b3-b6162684d288,2026-10-10T06:09:42.825902+00:00,272,forecast,A,EW,5,0,19,9,12,34,0.0,0.0,0.0,1.2006,357,180.9596,679,322,70.7857,71.7857,322,346,144
8ebdb0b3-2c32-494c-b6b3-b6162684d288,2026-10-10T06:09:42.825902+00:00,272,forecast,B,EW,2,0,6,8,12,11,0.6003,0.0,0.0,0.0,357,180.9596,679,322,70.7857,71.7857,322,346,144
8ebdb0b3-2c32-494c-b6b3-b6162684d288,2026-10-10T06:09:42.825902+00:00,272,forecast,C,NS,6,0,4,7,78,46,0.0,0.0,0.4002,0.2001,357,180.9596,679,322,70.7857,71.7857,322,346,144
8ebdb0b3-2c32-494c-b6b3-b6162684d288,2026-10-10T06:09:42.825902+00:00,272,forecast,D,NS,1,0,5,43,61,2,0.0,0.4002,0.2001,0.0,357,180.9596,679,322,70.7857,71.7857,322,346,144
8ebdb0b3-2c32-494c-b6b3-b6162684d288,2026-10-10T06:09:43.824849+00:00,273,forecast,A,EW,4,0,19,9,12,33,0.0,0.0,0.0,1.0104,358,181.6081,682,324,70.929,71.929,324,348,144
8ebdb0b3-2c32-494c-b6b3-b6162684d288,2026-10-10T06:09:43.824849+00:00,273,forecast,B,EW,1,0,7,7,12,11,0.8083,0.0,0.0,0.0,358,181.6081,682,324,70.929,71.929,324,348,144
8ebdb0b3-2c32-494c-b6b3-b6162684d288,2026-10-10T06:09:43.824849+00:00,273,forecast,C,NS,5,0,4,7,79,46,0.0,0.0,0.6063,0.2021,358,181.6081,682,324,70.929,71.929,324,348,144
8ebdb0b3-2c32-494c-b6b3-b6162684d288,2026-10-10T06:09:43.824849+00:00,273,forecast,D,NS,0,0,5,43,62,2,0.0,0.0,0.4042,0.0,358,181.6081,682,324,70.929,71.929,324,348,144
8ebdb0b3-2c32-494c-b6b3-b6162684d288,2026-10-10T06:09:44.825649+00:00,274,forecast,A,EW,3,0,19,9,12,32,0.0,0.0,0.0,0.8026,358,182.2518,685,327,70.7431,71.7431,327,350,144
8ebdb0b3-2c32-494c-b6b3-b6162684d288,2026-10-10T06:09:44.825649+00:00,274,forecast,B,EW,0,0,7,6,12,11,0.602,0.0,0.0,0.0,358,182.2518,685,327,70.7431,71.7431,327,350,144
8ebdb0b3-2c32-494c-b6b3-b6162684d288,2026-10-10T06:09:44.825649+00:00,274,forecast,C,NS,4,0,4,7,79,46,0.0,0.0,0.602,0.2007,358,182.2518,685,327,70.7431,71.7431,327,350,144
8ebdb0b3-2c32-494c-b6b3-b6162684d288,2026-10-10T06:09:44.825649+00:00,274,forecast,D,NS,6,0,4,44,64,2,0.0,0.2007,0.602,0.0,358,182.2518,685,327,70.7431,71.7431,327,350,144
8ebdb0b3-2c32-494c-b6b3-b6162684d288,2026-10-10T06:09:45.833526+00:00,275,forecast,A,EW,2,0,19,8,12,31,0.0,0.0,0.0,0.2005,359,182.8945,688,329,70.4772,71.4772,329,352,144
8ebdb0b3-2c32-494c-b6b3-b6162684d288,2026-10-10T06:09:45.833526+00:00,275,forecast,B,CLEAR,0,1,7,8,12,12,0.6016,0.4011,0.0,0.0,359,182.8945,688,329,70.4772,71.4772,329,352,144
8ebdb0b3-2c32-494c-b6b3-b6162684d288,2026-10-10T06:09:45.833526+00:00,275,forecast,C,NS,3,0,4,7,79,46,0.0,0.0,0.6016,0.2005,359,182.8945,688,329,70.4772,71.4772,329,352,144
8ebdb0b3-2c32-494c-b6b3-b6162684d288,2026-10-10T06:09:45.833526+00:00,275,forecast,D,NS,5,0,3,44,65,2,0.0,0.2005,0.8021,0.0,359,182.8945,688,329,70.4772,71.4772,329,352,144
8ebdb0b3-2c32-494c-b6b3-b6162684d288,2026-10-10T06:09:46.826117+00:00,276,forecast,A,EW,1,0,20,8,12,32,0.1984,0.0,0.0,0.1984,361,183.5399,691,330,70.3455,71.3455,330,354,144
8ebdb0b3-2c32-494c-b6b3-b6162684d288,2026-10-10T06:09:46.826117+00:00,276,forecast,B,NS,3,0,6,9,12,12,0.3968,0.5952,0.0,0.0,361,183.5399,691,330,70.3455,71.3455,330,354,144
8ebdb0b3-2c32-494c-b6b3-b6162684d288,2026-10-10T06:09:46.826117+00:00,276,forecast,C,NS,2,0,5,7,79,46,0.0,0.0,0.3968,0.1984,361,183.5399,691,330,70.3455,71.3455,330,354,144
8ebdb0b3-2c32-494c-b6b3-b6162684d288,2026-10-10T06:09:46.826117+00:00,276,forecast,D,NS,4,0,3,44,64,2,0.0,0.1984,0.7936,0.0,361,183.5399,691,330,70.3455,71.3455,330,354,144
8ebdb0b3-2c32-494c-b6b3-b6162684d288,2026-10-10T06:09:47.829941+00:00,277,forecast,A,EW,0,0,20,7,12,33,0.1983,0.0,0.0,0.3966,361,184.1805,694,333,70.2763,71.2763,333,356,144
8ebdb0b3-2c32-494c-b6b3-b6162684d288,2026-10-10T06:09:47.829941+00:00,277,forecast,B,NS,2,0,5,10,12,12,0.1983,0.7933,0.0,0.0,361,184.1805,694,333,70.2763,71.2763,333,356,144
8ebdb0b3-2c32-494c-b6b3-b6162684d288,2026-10-10T06:09:47.829941+00:00,277,forecast,C,NS,1,0,5,7,80,46,0.0,0.0,0.3966,0.0,361,184.1805,694,333,70.2763,71.2763,333,356,144
8ebdb0b3-2c32-494c-b6b3-b6162684d288,2026-10-10T06:09:47.829941+00:00,277,forecast,D,NS,3,0,3,44,63,2,0.0,0.1983,0.7933,0.0,361,184.1805,694,333,70.2763,71.2763,333,356,144
8ebdb0b3-2c32-494c-b6b3-b6162684d288,2026-10-10T06:09:48.820474+00:00,278,forecast,A,EW,4,0,20,6,12,33,0.1995,0.0,0.0,0.399,360,184.8129,696,336,70.2381,71.2381,336,358,144
8ebdb0b3-2c32-494c-b6b3-b6162684d288,2026-10-10T06:09:48.820474+00:00,278,forecast,B,NS,1,0,5,10,12,12,0.1995,0.798,0.0,0.0,360,184.8129,696,336,70.2381,71.2381,336,358,144
8ebdb0b3-2c32-494c-b6b3-b6162684d288,2026-10-10T06:09:48.820474+00:00,278,forecast,C,NS,0,0,4,7,80,46,0.0,0.0,0.1995,0.0,360,184.8129,696,336,70.2381,71.2381,336,358,144
8ebdb0b3-2c32-494c-b6b3-b6162684d288,2026-10-10T06:09:48.820474+00:00,278,forecast,D,NS,2,0,4,44,63,2,0.0,0.1995,0.798,0.0,360,184.8129,696,336,70.2381,71.2381,336,358,144
8ebdb0b3-2c32-494c-b6b3-b6162684d288,2026-10-10T06:09:49.825423+00:00,279,forecast,A,EW,3,0,20,6,12,33,0.2013,0.0,0.0,0.4025,358,185.4337,697,339,70.4484,71.4484,339,360,144
8ebdb0b3-2c32-494c-b6b3-b6162684d288,2026-10-10T06:09:49.825423+00:00,279,forecast,B,NS,0,0,4,10,12,12,0.2013,0.805,0.0,0.0,358,185.4337,697,339,70.4484,71.4484,339,360,144
8ebdb0b3-2c32-494c-b6b3-b6162684d288,2026-10-10T06:09:49.825423+00:00,279,forecast,C,NS,6,0,3,7,80,46,0.0,0.0,0.2013,0.0,358,185.4337,697,339,70.4484,71.4484,339,360,144
8ebdb0b3-2c32-494c-b6b3-b6162684d288,2026-10-10T06:09:49.825423+00:00,279,forecast,D,NS,1,0,4,44,63,2,0.0,0.0,0.6038,0.0,358,185.4337,697,339,70.4484,71.4484,339,360,144
8ebdb0b3-2c32-494c-b6b3-b6162684d288,2026-10-10T06:09:50.837840+00:00,280,forecast,A,EW,2,0,20,5,12,33,0.2014,0.0,0.0,0.4027,358,186.05,699,341,70.2082,71.2082,341,363,144
8ebdb0b3-2c32-494c-b6b3-b6162684d288,2026-10-10T06:09:50.837840+00:00,280,forecast,B,CLEAR,0,1,4,10,12,12,0.2014,0.4027,0.0,0.0,358,186.05,699,341,70.2082,71.2082,341,363,144
8ebdb0b3-2c32-494c-b6b3-b6162684d288,2026-10-10T06:09:50.837840+00:00,280,forecast,C,NS,5,0,2,7,80,46,0.0,0.0,0.2014,0.0,358,186.05,699,341,70.2082,71.2082,341,363,144
8ebdb0b3-2c32-494c-b6b3-b6162684d288,2026-10-10T06:09:50.837840+00:00,280,forecast,D,NS,0,0,4,44,65,2,0.0,0.0,0.8054,0.0,358,186.05,699,341,70.2082,71.2082,341,363,144
8ebdb0b3-2c32-494c-b6b3-b6162684d288,2026-10-10T06:09:51.831913+00:00,281,forecast,A,EW,1,0,20,5,12,33,0.0,0.0,0.0,0.1999,358,186.6619,702,344,70.3721,71.3721,344,366,144
8ebdb0b3-2c32-494c-b6b3-b6162684d288,2026-10-10T06:09:51.831913+00:00,281,forecast,B,EW,3,0,5,9,12,11,0.3998,0.1999,0.0,0.0,358,186.6619,702,344,70.3721,71.3721,344,366,144
8ebdb0b3-2c32-494c-b6b3-b6162684d288,2026-10-10T06:09:51.831913+00:00,281,forecast,C,NS,4,0,1,7,80,47,0.0,0.0,0.1999,0.1999,358,186.6619,702,344,70.3721,71.3721,344,366,144
8ebdb0b3-2c32-494c-b6b3-b6162684d288,2026-10-10T06:09:51.831913+00:00,281,forecast,D,NS,6,0,4,44,66,2,0.0,0.0,0.9996,0.0,358,186.6619,702,344,70.3721,71.3721,344,366,144
8ebdb0b3-2c32-494c-b6b3-b6162684d288,2026-10-10T06:09:52.830476+00:00,282,forecast,A,EW,0,0,20,5,12,32,0.0,0.0,0.0,0.0,359,187.273,704,345,70.7594,71.7594,345,368,144
8ebdb0b3-2c32-494c-b6b3-b6162684d288,2026-10-10T06:09:52.830476+00:00,282,forecast,B,EW,2,0,5,8,12,11,0.3971,0.0,0.0,0.0,359,187.273,704,345,70.7594,71.7594,345,368,144
8ebdb0b3-2c32-494c-b6b3-b6162684d288,2026-10-10T06:09:52.830476+00:00,282,forecast,C,NS,3,0,2,7,80,47,0.0,0.0,0.0,0.1986,359,187.273,704,345,70.7594,71.7594,345,368,144
8ebdb0b3-2c32-494c-b6b3-b6162684d288,2026-10-10T06:09:52.830476+00:00,282,forecast,D,NS,5,0,4,46,66,2,0.0,0.3971,0.9928,0.0,359,187.273,704,345,70.7594,71.7594,345,368,144
8ebdb0b3-2c32-494c-b6b3-b6162684d288,2026-10-10T06:09:53.838472+00:00,283,forecast,A,EW,4,0,20,5,12,31,0.0,0.0,0.0,0.0,359,187.8799,706,347,71.0086,72.0086,347,370,144
8ebdb0b3-2c32-494c-b6b3-b6162684d288,2026-10-10T06:09:53.838472+00:00,283,forecast,B,EW,1,0,5,7,12,11,0.1991,0.0,0.0,0.0,359,187.8799,706,347,71.0086,72.0086,347,370,144
8ebdb0b3-2c32-494c-b6b3-b6162684d288,2026-10-10T06:09:53.838472+00:00,283,forecast,C,NS,2,0,2,7,80,47,0.0,0.0,0.0,0.1991,359,187.8799,706,347,71.0086,72.0086,347,370,144
8ebdb0b3-2c32-494c-b6b3-b6162684d288,2026-10-10T06:09:53.838472+00:00,283,forecast,D,NS,4,0,4,46,68,2,0.0,0.3981,1.1944,0.0,359,187.8799,706,347,71.0086,72.0086,347,370,144
8ebdb0b3-2c32-494c-b6b3-b6162684d288,2026-10-10T06:09:54.834111+00:00,284,forecast,A,EW,3,0,21,5,12,32,0.1998,0.0,0.0,0.3996,359,188.4824,709,350,70.9714,71.9714,350,372,144
8ebdb0b3-2c32-494c-b6b3-b6162684d288,2026-10-10T06:09:54.834111+00:00,284,forecast,B,EW,0,0,5,6,12,11,0.1998,0.0,0.0,0.0,359,188.4824,709,350,70.9714,71.9714,350,372,144
8ebdb0b3-2c32-494c-b6b3-b6162684d288,2026-10-10T06:09:54.834111+00:00,284,forecast,C,NS,1,0,1,7,80,47,0.0,0.0,0.0,0.1998,359,188.4824,709,350,70.9714,71.9714,350,372,144
8ebdb0b3-2c32-494c-b6b3-b6162684d288,2026-10-10T06:09:54.834111+00:00,284,forecast,D,NS,3,0,4,46,68,2,0.0,0.3996,0.9989,0.0,359,188.4824,709,350,70.9714,71.9714,350,372,144
8ebdb0b3-2c32-494c-b6b3-b6162684d288,2026-10-10T06:09:55.857052+00:00,285,forecast,A,EW,2,0,21,5,12,33,0.2015,0.0,0.0,0.8061,361,189.0877,712,351,70.8348,71.8348,351,374,144
8ebdb0b3-2c32-494c-b6b3-b6162684d288,2026-10-10T06:09:55.857052+00:00,285,forecast,B,CLEAR,0,1,6,6,12,12,0.4031,0.0,0.0,0.0,361,189.0877,712,351,70.8348,71.8348,351,374,144
8ebdb0b3-2c32-494c-b6b3-b6162684d288,2026-10-10T06:09:55.857052+00:00,285,forecast,C,NS,0,0,1,7,80,47,0.0,0.0,0.0,0.2015,361,189.0877,712,351,70.8348,71.8348,351,374,144
8ebdb0b3-2c32-494c-b6b3-b6162684d288,2026-10-10T06:09:55.857052+00:00,285,forecast,D,NS,2,0,3,46,68,2,0.0,0.4031,0.6046,0.0,361,189.0877,712,351,70.8348,71.8348,351,374,144
8ebdb0b3-2c32-494c-b6b3-b6162684d288,2026-10-10T06:09:56.840592+00:00,286,forecast,A,EW,1,0,21,5,12,35,0.2013,0.0,0.0,1.2081,362,189.6923,715,353,70.8952,71.8952,353,376,144
8ebdb0b3-2c32-494c-b6b3-b6162684d288,2026-10-10T06:09:56.840592+00:00,286,forecast,B,NS,3,0,5,6,12,12,0.2013,0.0,0.0,0.0,362,189.6923,715,353,70.8952,71.8952,353,376,144
8ebdb0b3-2c32-494c-b6b3-b6162684d288,2026-10-10T06:09:56.840592+00:00,286,forecast,C,NS,6,0,1,7,80,47,0.0,0.0,0.0,0.0,362,189.6923,715,353,70.8952,71.8952,353,376,144
8ebdb0b3-2c32-494c-b6b3-b6162684d288,2026-10-10T06:09:56.840592+00:00,286,forecast,D,NS,1,0,3,47,67,2,0.0,0.604,0.4027,0.0,362,189.6923,715,353,70.8952,71.8952,353,376,144
8ebdb0b3-2c32-494c-b6b3-b6162684d288,2026-10-10T06:09:57.831989+00:00,287,forecast,A,EW,0,0,21,5,12,36,0.1999,0.0,0.0,1.3991,362,190.2927,717,355,70.9577,71.9577,355,378,144
8ebdb0b3-2c32-494c-b6b3-b6162684d288,2026-10-10T06:09:57.831989+00:00,287,forecast,B,NS,2,0,4,6,12,12,0.1999,0.0,0.0,0.0,362,190.2927,717,355,70.9577,71.9577,355,378,144
8ebdb0b3-2c32-494c-b6b3-b6162684d288,2026-10-10T06:09:57.831989+00:00,287,forecast,C,NS,5,0,1,7,80,47,0.0,0.0,0.0,0.0,362,190.2927,717,355,70.9577,71.9577,355,378,144
8ebdb0b3-2c32-494c-b6b3-b6162684d288,2026-10-10T06:09:57.831989+00:00,287,forecast,D,NS,0,0,3,47,67,2,0.0,0.1999,0.5996,0.0,362,190.2927,717,355,70.9577,71.9577,355,378,144
8ebdb0b3-2c32-494c-b6b3-b6162684d288,2026-10-10T06:09:58.838591+00:00,288,forecast,A,EW,5,0,21,6,12,36,0.1984,0.0,0.0,1.3889,364,190.8958,719,355,70.9577,71.9577,355,380,144
8ebdb0b3-2c32-494c-b6b3-b6162684d288,2026-10-10T06:09:58.838591+00:00,288,forecast,B,NS,1,0,3,6,12,12,0.1984,0.0,0.0,0.0,364,190.8958,719,355,70.9577,71.9577,355,380,144
8ebdb0b3-2c32-494c-b6b3-b6162684d288,2026-10-10T06:09:58.838591+00:00,288,forecast,C,NS,4,0,1,7,80,47,0.0,0.0,0.0,0.0,364,190.8958,719,355,70.9577,71.9577,355,380,144
8ebdb0b3-2c32-494c-b6b3-b6162684d288,2026-10-10T06:09:58.838591+00:00,288,forecast,D,NS,6,0,4,47,68,2,0.0,0.1984,0.5952,0.0,364,190.8958,719,355,70.9577,71.9577,355,380,144
8ebdb0b3-2c32-494c-b6b3-b6162684d288,2026-10-10T06:09:59.833006+00:00,289,forecast,A,EW,4,0,21,5,12,38,0.0,0.0,0.0,1.3925,366,191.5017,722,356,71.1629,72.1629,356,382,144
8ebdb0b3-2c32-494c-b6b3-b6162684d288,2026-10-10T06:09:59.833006+00:00,289,forecast,B,NS,0,0,2,7,12,12,0.1989,0.1989,0.0,0.0,366,191.5017,722,356,71.1629,72.1629,356,382,144
8ebdb0b3-2c32-494c-b6b3-b6162684d288,2026-10-10T06:09:59.833006+00:00,289,forecast,C,NS,3,0,2,7,80,47,0.0,0.0,0.0,0.0,366,191.5017,722,356,71.1629,72.1629,356,382,144
8ebdb0b3-2c32-494c-b6b3-b6162684d288,2026-10-10T06:09:59.833006+00:00,289,forecast,D,NS,5,0,5,47,67,2,0.0,0.1989,0.5968,0.0,366,191.5017,722,356,71.1629,72.1629,356,382,144
8ebdb0b3-2c32-494c-b6b3-b6162684d288,2026-10-10T06:10:00.850383+00:00,290,forecast,A,EW,3,0,21,4,12,38,0.0,0.0,0.0,1.0003,367,192.1069,725,358,70.9469,71.9469,358,385,144
8ebdb0b3-2c32-494c-b6b3-b6162684d288,2026-10-10T06:10:00.850383+00:00,290,forecast,B,CLEAR,0,1,2,8,12,12,0.0,0.4001,0.0,0.0,367,192.1069,725,358,70.9469,71.9469,358,385,144
8ebdb0b3-2c32-494c-b6b3-b6162684d288,2026-10-10T06:10:00.850383+00:00,290,forecast,C,NS,2,0,1,7,80,47,0.0,0.0,0.0,0.0,367,192.1069,725,358,70.9469,71.9469,358,385,144
8ebdb0b3-2c32-494c-b6b3-b6162684d288,2026-10-10T06:10:00.850383+00:00,290,forecast,D,NS,4,0,5,48,68,2,0.0,0.4001,0.8003,0.0,367,192.1069,725,358,70.9469,71.9469,358,385,144
8ebdb0b3-2c32-494c-b6b3-b6162684d288,2026-10-10T06:10:01.850277+00:00,291,forecast,A,EW,2,0,21,4,12,39,0.0,0.0,0.0,0.8081,369,192.7148,728,359,71.0474,72.0474,359,388,144
8ebdb0b3-2c32-494c-b6b3-b6162684d288,2026-10-10T06:10:01.850277+00:00,291,forecast,B,EW,3,0,2,8,12,11,0.0,0.6061,0.0,0.0,369,192.7148,728,359,71.0474,72.0474,359,388,144
8ebdb0b3-2c32-494c-b6b3-b6162684d288,2026-10-10T06:10:01.850277+00:00,291,forecast,C,NS,1,0,2,7,80,47,0.0,0.0,0.0,0.0,369,192.7148,728,359,71.0474,72.0474,359,388,144
8ebdb0b3-2c32-494c-b6b3-b6162684d288,2026-10-10T06:10:01.850277+00:00,291,forecast,D,NS,3,0,5,48,69,2,0.0,0.202,1.0101,0.0,369,192.7148,728,359,71.0474,72.0474,359,388,144
8ebdb0b3-2c32-494c-b6b3-b6162684d288,2026-10-10T06:10:02.835004+00:00,292,forecast,A,EW,1,0,21,4,12,39,0.0,0.0,0.0,0.8078,370,193.3219,730,360,71.1667,72.1667,360,390,144
8ebdb0b3-2c32-494c-b6b3-b6162684d288,2026-10-10T06:10:02.835004+00:00,292,forecast,B,EW,2,0,2,7,12,11,0.0,0.6058,0.0,0.0,370,193.3219,730,360,71.1667,72.1667,360,390,144
8ebdb0b3-2c32-494c-b6b3-b6162684d288,2026-10-10T06:10:02.835004+00:00,292,forecast,C,NS,0,0,3,7,80,48,0.0,0.0,0.0,0.2019,370,193.3219,730,360,71.1667,72.1667,360,390,144
8ebdb0b3-2c32-494c-b6b3-b6162684d288,2026-10-10T06:10:02.835004+00:00,292,forecast,D,NS,2,0,5,48,69,2,0.0,0.2019,0.8078,0.0,370,193.3219,730,360,71.1667,72.1667,360,390,144
8ebdb0b3-2c32-494c-b6b3-b6162684d288,2026-10-10T06:10:03.835945+00:00,293,forecast,A,EW,0,0,21,5,12,38,0.0,0.0,0.0,0.7999,373,193.9352,733,360,71.1667,72.1667,360,392,144
8ebdb0b3-2c32-494c-b6b3-b6162684d288,2026-10-10T06:10:03.835945+00:00,293,forecast,B,EW,1,0,3,6,12,11,0.2,0.5999,0.0,0.0,373,193.9352,733,360,71.1667,72.1667,360,392,144
8ebdb0b3-2c32-494c-b6b3-b6162684d288,2026-10-10T06:10:03.835945+00:00,293,forecast,C,NS,6,0,3,7,80,48,0.0,0.0,0.0,0.2,373,193.9352,733,360,71.1667,72.1667,360,392,144
8ebdb0b3-2c32-494c-b6b3-b6162684d288,2026-10-10T06:10:03.835945+00:00,293,forecast,D,NS,1,0,6,49,70,2,0.0,0.3999,0.5999,0.0,373,193.9352,733,360,71.1667,72.1667,360,392,144
8ebdb0b3-2c32-494c-b6b3-b6162684d288,2026-10-10T06:10:04.835691+00:00,294,forecast,A,EW,4,0,21,6,12,37,0.0,0.0,0.0,0.397,374,194.5476,735,361,71.0332,72.0332,361,394,144
8ebdb0b3-2c32-494c-b6b3-b6162684d288,2026-10-10T06:10:04.835691+00:00,294,forecast,B,EW,0,0,4,6,12,11,0.397,0.5956,0.0,0.0,374,194.5476,735,361,71.0332,72.0332,361,394,144
8ebdb0b3-2c32-494c-b6b3-b6162684d288,2026-10-10T06:10:04.835691+00:00,294,forecast,C,NS,5,0,3,7,80,48,0.0,0.0,0.0,0.1985,374,194.5476,735,361,71.0332,72.0332,361,394,144
8ebdb0b3-2c32-494c-b6b3-b6162684d288,2026-10-10T06:10:04.835691+00:00,294,forecast,D,NS,0,0,6,49,70,2,0.0,0.397,0.5956,0.0,374,194.5476,735,361,71.0332,72.0332,361,394,144
8ebdb0b3-2c32-494c-b6b3-b6162684d288,2026-10-10T06:10:05.836164+00:00,295,forecast,A,EW,3,0,21,6,12,36,0.0,0.0,0.0,0.3958,374,195.1559,737,363,71.124,72.124,363,396,144
8ebdb0b3-2c32-494c-b6b3-b6162684d288,2026-10-10T06:10:05.836164+00:00,295,forecast,B,EW,3,0,4,5,12,11,0.3958,0.3958,0.0,0.0,374,195.1559,737,363,71.124,72.124,363,396,144
8ebdb0b3-2c32-494c-b6b3-b6162684d288,2026-10-10T06:10:05.836164+00:00,295,forecast,C,NS,4,0,3,7,80,49,0.0,0.0,0.0,0.3958,374,195.1559,737,363,71.124,72.124,363,396,144
8ebdb0b3-2c32-494c-b6b3-b6162684d288,2026-10-10T06:10:05.836164+00:00,295,forecast,D,NS,6,0,6,49,71,2,0.0,0.1979,0.5938,0.0,374,195.1559,737,363,71.124,72.124,363,396,144
8ebdb0b3-2c32-494c-b6b3-b6162684d288,2026-10-10T06:10:06.830899+00:00,296,forecast,A,EW,2,0,22,6,12,35,0.1999,0.0,0.0,0.1999,374,195.7601,739,365,71.2164,72.2164,365,398,144
8ebdb0b3-2c32-494c-b6b3-b6162684d288,2026-10-10T06:10:06.830899+00:00,296,forecast,B,EW,2,0,4,4,12,11,0.3999,0.1999,0.0,0.0,374,195.7601,739,365,71.2164,72.2164,365,398,144
8ebdb0b3-2c32-494c-b6b3-b6162684d288,2026-10-10T06:10:06.830899+00:00,296,forecast,C,NS,3,0,3,7,80,49,0.0,0.0,0.0,0.3999,374,195.7601,739,365,71.2164,72.2164,365,398,144
8ebdb0b3-2c32-494c-b6b3-b6162684d288,2026-10-10T06:10:06.830899+00:00,296,forecast,D,NS,5,0,6,49,72,2,0.0,0.1999,0.5998,0.0,374,195.7601,739,365,71.2164,72.2164,365,398,144
8ebdb0b3-2c32-494c-b6b3-b6162684d288,2026-10-10T06:10:07.836001+00:00,297,forecast,A,EW,1,0,22,7,12,34,0.2016,0.0,0.0,0.0,373,196.3569,740,367,70.9891,71.9891,367,400,144
8ebdb0b3-2c32-494c-b6b3-b6162684d288,2026-10-10T06:10:07.836001+00:00,297,forecast,B,EW,1,0,5,3,12,11,0.6049,0.2016,0.0,0.0,373,196.3569,740,367,70.9891,71.9891,367,400,144
8ebdb0b3-2c32-494c-b6b3-b6162684d288,2026-10-10T06:10:07.836001+00:00,297,forecast,C,NS,2,0,2,7,80,49,0.0,0.0,0.0,0.2016,373,196.3569,740,367,70.9891,71.9891,367,400,144
8ebdb0b3-2c32-494c-b6b3-b6162684d288,2026-10-10T06:10:07.836001+00:00,297,forecast,D,NS,4,0,6,49,72,2,0.0,0.2016,0.6049,0.0,373,196.3569,740,367,70.9891,71.9891,367,400,144
8ebdb0b3-2c32-494c-b6b3-b6162684d288,2026-10-10T06:10:08.836919+00:00,298,forecast,A,EW,0,0,22,8,12,33,0.2027,0.0,0.0,0.0,376,196.9597,743,367,70.9891,71.9891,367,402,144
8ebdb0b3-2c32-494c-b6b3-b6162684d288,2026-10-10T06:10:08.836919+00:00,298,forecast,B,EW,0,0,5,3,12,11,0.4055,0.4055,0.0,0.0,376,196.9597,743,367,70.9891,71.9891,367,402,144
8ebdb0b3-2c32-494c-b6b3-b6162684d288,2026-10-10T06:10:08.836919+00:00,298,forecast,C,NS,1,0,2,7,80,49,0.0,0.0,0.0,0.2027,376,196.9597,743,367,70.9891,71.9891,367,402,144
8ebdb0b3-2c32-494c-b6b3-b6162684d288,2026-10-10T06:10:08.836919+00:00,298,forecast,D,NS,3,0,7,50,73,2,0.0,0.2027,0.6082,0.0,376,196.9597,743,367,70.9891,71.9891,367,402,144
8ebdb0b3-2c32-494c-b6b3-b6162684d288,2026-10-10T06:10:09.822119+00:00,299,forecast,A,EW,4,0,22,7,12,33,0.2002,0.0,0.0,0.2002,377,197.5619,745,368,70.9049,71.9049,368,404,144
8ebdb0b3-2c32-494c-b6b3-b6162684d288,2026-10-10T06:10:09.822119+00:00,299,forecast,B,CLEAR,0,1,5,3,12,12,0.2002,0.2002,0.0,0.0,377,197.5619,745,368,70.9049,71.9049,368,404,144
8ebdb0b3-2c32-494c-b6b3-b6162684d288,2026-10-10T06:10:09.822119+00:00,299,forecast,C,NS,0,0,2,7,80,49,0.0,0.0,0.0,0.2002,377,197.5619,745,368,70.9049,71.9049,368,404,144
8ebdb0b3-2c32-494c-b6b3-b6162684d288,2026-10-10T06:10:09.822119+00:00,299,forecast,D,NS,2,0,7,50,74,2,0.0,0.2002,0.8007,0.0,377,197.5619,745,368,70.9049,71.9049,368,404,144
8ebdb0b3-2c32-494c-b6b3-b6162684d288,2026-10-10T06:10:10.862779+00:00,300,forecast,A,EW,3,0,22,7,12,33,0.1983,0.0,0.0,0.1983,376,198.1567,747,371,70.8437,71.8437,371,406,144
8ebdb0b3-2c32-494c-b6b3-b6162684d288,2026-10-10T06:10:10.862779+00:00,300,forecast,B,NS,3,0,5,3,12,12,0.3966,0.1983,0.0,0.0,376,198.1567,747,371,70.8437,71.8437,371,406,144
8ebdb0b3-2c32-494c-b6b3-b6162684d288,2026-10-10T06:10:10.862779+00:00,300,forecast,C,NS,6,0,1,7,80,49,0.0,0.0,0.0,0.0,376,198.1567,747,371,70.8437,71.8437,371,406,144
8ebdb0b3-2c32-494c-b6b3-b6162684d288,2026-10-10T06:10:10.862779+00:00,300,forecast,D,NS,1,0,7,50,74,2,0.0,0.1983,0.7931,0.0,376,198.1567,747,371,70.8437,71.8437,371,406,144
8ebdb0b3-2c32-494c-b6b3-b6162684d288,2026-10-10T06:10:11.835911+00:00,301,forecast,A,EW,2,0,22,6,12,33,0.0,0.0,0.0,0.1982,377,198.7508,750,373,71.1662,72.1662,373,408,144
8ebdb0b3-2c32-494c-b6b3-b6162684d288,2026-10-10T06:10:11.835911+00:00,301,forecast,B,NS,2,0,5,3,12,12,0.5945,0.1982,0.0,0.0,377,198.7508,750,373,71.1662,72.1662,373,408,144
8ebdb0b3-2c32-494c-b6b3-b6162684d288,2026-10-10T06:10:11.835911+00:00,301,forecast,C,NS,5,0,2,7,80,49,0.0,0.0,0.0,0.0,377,198.7508,750,373,71.1662,72.1662,373,408,144
8ebdb0b3-2c32-494c-b6b3-b6162684d288,2026-10-10T06:10:11.835911+00:00,301,forecast,D,NS,0,0,7,50,75,2,0.0,0.1982,0.9908,0.0,377,198.7508,750,373,71.1662,72.1662,373,408,144
8ebdb0b3-2c32-494c-b6b3-b6162684d288,2026-10-10T06:10:12.823153+00:00,302,forecast,A,EW,1,0,22,5,12,33,0.0,0.0,0.0,0.1989,377,199.3411,752,375,71.472,72.472,375,410,144
8ebdb0b3-2c32-494c-b6b3-b6162684d288,2026-10-10T06:10:12.823153+00:00,302,forecast,B,NS,1,0,4,4,12,12,0.3977,0.3977,0.0,0.0,377,199.3411,752,375,71.472,72.472,375,410,144
8ebdb0b3-2c32-494c-b6b3-b6162684d288,2026-10-10T06:10:12.823153+00:00,302,forecast,C,NS,4,0,3,7,80,50,0.0,0.0,0.0,0.1989,377,199.3411,752,375,71.472,72.472,375,410,144
8ebdb0b3-2c32-494c-b6b3-b6162684d288,2026-10-10T06:10:12.823153+00:00,302,forecast,D,NS,7,0,7,50,74,2,0.0,0.1989,0.9943,0.0,377,199.3411,752,375,71.472,72.472,375,410,144
8ebdb0b3-2c32-494c-b6b3-b6162684d288,2026-10-10T06:10:13.826038+00:00,303,forecast,A,EW,0,0,22,5,12,33,0.0,0.0,0.0,0.2009,379,199.934,755,376,71.5745,72.5745,376,412,144
8ebdb0b3-2c32-494c-b6b3-b6162684d288,2026-10-10T06:10:13.826038+00:00,303,forecast,B,NS,0,0,3,6,12,12,0.4019,0.6028,0.0,0.0,379,199.934,755,376,71.5745,72.5745,376,412,144
8ebdb0b3-2c32-494c-b6b3-b6162684d288,2026-10-10T06:10:13.826038+00:00,303,forecast,C,NS,3,0,4,7,80,50,0.0,0.0,0.0,0.2009,379,199.934,755,376,71.5745,72.5745,376,412,144
8ebdb0b3-2c32-494c-b6b3-b6162684d288,2026-10-10T06:10:13.826038+00:00,303,forecast,D,NS,6,0,7,50,74,2,0.0,0.0,1.0047,0.0,379,199.934,755,376,71.5745,72.5745,376,412,144
8ebdb0b3-2c32-494c-b6b3-b6162684d288,2026-10-10T06:10:14.823292+00:00,304,forecast,A,EW,4,0,22,4,12,33,0.0,0.0,0.0,0.0,379,200.523,756,377,71.6737,72.6737,377,415,144
8ebdb0b3-2c32-494c-b6b3-b6162684d288,2026-10-10T06:10:14.823292+00:00,304,forecast,B,CLEAR,0,1,3,6,12,12,0.404,0.606,0.0,0.0,379,200.523,756,377,71.6737,72.6737,377,415,144
8ebdb0b3-2c32-494c-b6b3-b6162684d288,2026-10-10T06:10:14.823292+00:00,304,forecast,C,NS,2,0,5,7,80,50,0.0,0.0,0.0,0.202,379,200.523,756,377,71.6737,72.6737,377,415,144
8ebdb0b3-2c32-494c-b6b3-b6162684d288,2026-10-10T06:10:14.823292+00:00,304,forecast,D,NS,5,0,6,51,74,2,0.0,0.202,0.8081,0.0,379,200.523,756,377,71.6737,72.6737,377,415,144
8ebdb0b3-2c32-494c-b6b3-b6162684d288,2026-10-10T06:10:15.832332+00:00,305,forecast,A,EW,3,0,22,4,12,33,0.0,0.0,0.0,0.0,380,201.1115,758,378,71.7698,72.7698,378,418,144
8ebdb0b3-2c32-494c-b6b3-b6162684d288,2026-10-10T06:10:15.832332+00:00,305,forecast,B,EW,3,0,5,5,12,11,0.6047,0.6047,0.0,0.0,380,201.1115,758,378,71.7698,72.7698,378,418,144
8ebdb0b3-2c32-494c-b6b3-b6162684d288,2026-10-10T06:10:15.832332+00:00,305,forecast,C,NS,1,0,6,7,80,50,0.0,0.0,0.0,0.2016,380,201.1115,758,378,71.7698,72.7698,378,418,144
8ebdb0b3-2c32-494c-b6b3-b6162684d288,2026-10-10T06:10:15.832332+00:00,305,forecast,D,NS,4,0,6,51,74,2,0.0,0.2016,0.6047,0.0,380,201.1115,758,378,71.7698,72.7698,378,418,144
8ebdb0b3-2c32-494c-b6b3-b6162684d288,2026-10-10T06:10:16.842864+00:00,306,forecast,A,EW,2,0,22,4,12,32,0.0,0.0,0.0,0.0,380,201.6961,761,381,71.7979,72.7979,381,420,144
8ebdb0b3-2c32-494c-b6b3-b6162684d288,2026-10-10T06:10:16.842864+00:00,306,forecast,B,EW,2,0,5,4,12,11,0.3991,0.5986,0.0,0.0,380,201.6961,761,381,71.7979,72.7979,381,420,144
8ebdb0b3-2c32-494c-b6b3-b6162684d288,2026-10-10T06:10:16.842864+00:00,306,forecast,C,NS,0,0,6,7,80,51,0.0,0.0,0.0,0.3991,380,201.6961,761,381,71.7979,72.7979,381,420,144
8ebdb0b3-2c32-494c-b6b3-b6162684d288,2026-10-10T06:10:16.842864+00:00,306,forecast,D,NS,3,0,5,53,74,2,0.0,0.5986,0.1995,0.0,380,201.6961,761,381,71.7979,72.7979,381,420,144
8ebdb0b3-2c32-494c-b6b3-b6162684d288,2026-10-10T06:10:17.872221+00:00,307,forecast,A,EW,1,0,22,5,12,31,0.0,0.0,0.0,0.0,381,202.2801,764,383,71.8016,72.8016,383,422,144
8ebdb0b3-2c32-494c-b6b3-b6162684d288,2026-10-10T06:10:17.872221+00:00,307,forecast,B,EW,1,0,5,4,12,11,0.3955,0.5933,0.0,0.0,381,202.2801,764,383,71.8016,72.8016,383,422,144
8ebdb0b3-2c32-494c-b6b3-b6162684d288,2026-10-10T06:10:17.872221+00:00,307,forecast,C,NS,6,0,5,7,80,51,0.0,0.0,0.0,0.1978,381,202.2801,764,383,71.8016,72.8016,383,422,144
8ebdb0b3-2c32-494c-b6b3-b6162684d288,2026-10-10T06:10:17.872221+00:00,307,forecast,D,NS,2,0,5,54,75,2,0.0,0.7911,0.3955,0.0,381,202.2801,764,383,71.8016,72.8016,383,422,144
8ebdb0b3-2c32-494c-b6b3-b6162684d288,2026-10-10T06:10:18.839391+00:00,308,forecast,A,EW,0,0,22,5,12,31,0.0,0.0,0.0,0.1984,382,202.8636,767,385,71.9169,72.9169,385,424,144
8ebdb0b3-2c32-494c-b6b3-b6162684d288,2026-10-10T06:10:18.839391+00:00,308,forecast,B,EW,0,0,5,3,12,11,0.3968,0.1984,0.0,0.0,382,202.8636,767,385,71.9169,72.9169,385,424,144
8ebdb0b3-2c32-494c-b6b3-b6162684d288,2026-10-10T06:10:18.839391+00:00,308,forecast,C,NS,5,0,5,7,80,52,0.0,0.0,0.0,0.3968,382,202.8636,767,385,71.9169,72.9169,385,424,144
8ebdb0b3-2c32-494c-b6b3-b6162684d288,2026-10-10T06:10:18.839391+00:00,308,forecast,D,NS,1,0,5,55,75,2,0.0,0.992,0.1984,0.0,382,202.8636,767,385,71.9169,72.9169,385,424,144
8ebdb0b3-2c32-494c-b6b3-b6162684d288,2026-10-10T06:10:19.828017+00:00,309,forecast,A,EW,4,0,22,5,12,31,0.0,0.0,0.0,0.4001,382,203.4434,769,387,71.6951,72.6951,387,426,144
8ebdb0b3-2c32-494c-b6b3-b6162684d288,2026-10-10T06:10:19.828017+00:00,309,forecast,B,CLEAR,0,1,5,3,12,12,0.4001,0.2,0.0,0.0,382,203.4434,769,387,71.6951,72.6951,387,426,144
8ebdb0b3-2c32-494c-b6b3-b6162684d288,2026-10-10T06:10:19.828017+00:00,309,forecast,C,NS,4,0,4,7,80,52,0.0,0.0,0.0,0.4001,382,203.4434,769,387,71.6951,72.6951,387,426,144
8ebdb0b3-2c32-494c-b6b3-b6162684d288,2026-10-10T06:10:19.828017+00:00,309,forecast,D,NS,0,0,4,55,76,2,0.0,0.8001,0.4001,0.0,382,203.4434,769,387,71.6951,72.6951,387,426,144
8ebdb0b3-2c32-494c-b6b3-b6162684d288,2026-10-10T06:10:20.858083+00:00,310,forecast,A,EW,3,0,22,5,12,32,0.0,0.0,0.0,0.6056,382,204.0194,772,390,71.659,72.659,390,428,144
8ebdb0b3-2c32-494c-b6b3-b6162684d288,2026-10-10T06:10:20.858083+00:00,310,forecast,B,NS,3,0,4,4,12,12,0.0,0.4037,0.0,0.0,382,204.0194,772,390,71.659,72.659,390,428,144
8ebdb0b3-2c32-494c-b6b3-b6162684d288,2026-10-10T06:10:20.858083+00:00,310,forecast,C,NS,3,0,3,7,80,52,0.0,0.0,0.0,0.4037,382,204.0194,772,390,71.659,72.659,390,428,144
8ebdb0b3-2c32-494c-b6b3-b6162684d288,2026-10-10T06:10:20.858083+00:00,310,forecast,D,NS,6,0,4,56,75,2,0.0,1.0093,0.4037,0.0,382,204.0194,772,390,71.659,72.659,390,428,144
8ebdb0b3-2c32-494c-b6b3-b6162684d288,2026-10-10T06:10:21.829903+00:00,311,forecast,A,EW,2,0,22,5,12,33,0.0,0.0,0.0,0.8051,380,204.5852,773,393,71.6387,72.6387,393,430,144
8ebdb0b3-2c32-494c-b6b3-b6162684d288,2026-10-10T06:10:21.829903+00:00,311,forecast,B,NS,2,0,3,4,12,12,0.0,0.4026,0.0,0.0,380,204.5852,773,393,71.6387,72.6387,393,430,144
8ebdb0b3-2c32-494c-b6b3-b6162684d288,2026-10-10T06:10:21.829903+00:00,311,forecast,C,NS,2,0,2,7,80,52,0.0,0.0,0.0,0.2013,380,204.5852,773,393,71.6387,72.6387,393,430,144
8ebdb0b3-2c32-494c-b6b3-b6162684d288,2026-10-10T06:10:21.829903+00:00,311,forecast,D,NS,5,0,4,56,74,2,0.0,0.6038,0.4026,0.0,380,204.5852,773,393,71.6387,72.6387,393,430,144
8ebdb0b3-2c32-494c-b6b3-b6162684d288,2026-10-10T06:10:22.824831+00:00,312,forecast,A,EW,1,0,22,5,12,33,0.0,0.0,0.0,0.8028,380,205.1474,775,395,71.7342,72.7342,395,432,144
8ebdb0b3-2c32-494c-b6b3-b6162684d288,2026-10-10T06:10:22.824831+00:00,312,forecast,B,NS,1,0,3,4,12,12,0.2007,0.2007,0.0,0.0,380,205.1474,775,395,71.7342,72.7342,395,432,144
8ebdb0b3-2c32-494c-b6b3-b6162684d288,2026-10-10T06:10:22.824831+00:00,312,forecast,C,NS,1,0,1,7,80,52,0.0,0.0,0.0,0.2007,380,205.1474,775,395,71.7342,72.7342,395,432,144
8ebdb0b3-2c32-494c-b6b3-b6162684d288,2026-10-10T06:10:22.824831+00:00,312,forecast,D,NS,4,0,5,56,74,2,0.0,0.4014,0.4014,0.0,380,205.1474,775,395,71.7342,72.7342,395,432,144
8ebdb0b3-2c32-494c-b6b3-b6162684d288,2026-10-10T06:10:23.826817+00:00,313,forecast,A,EW,0,0,22,5,12,35,0.0,0.0,0.0,0.9924,379,205.7029,777,398,71.5829,72.5829,398,434,144
8ebdb0b3-2c32-494c-b6b3-b6162684d288,2026-10-10T06:10:23.826817+00:00,313,forecast,B,NS,0,0,2,4,12,12,0.1985,0.1985,0.0,0.0,379,205.7029,777,398,71.5829,72.5829,398,434,144
8ebdb0b3-2c32-494c-b6b3-b6162684d288,2026-10-10T06:10:23.826817+00:00,313,forecast,C,NS,0,0,0,7,80,52,0.0,0.0,0.0,0.0,379,205.7029,777,398,71.5829,72.5829,398,434,144
8ebdb0b3-2c32-494c-b6b3-b6162684d288,2026-10-10T06:10:23.826817+00:00,313,forecast,D,NS,3,0,5,56,73,2,0.0,0.1985,0.3969,0.0,379,205.7029,777,398,71.5829,72.5829,398,434,144
8ebdb0b3-2c32-494c-b6b3-b6162684d288,2026-10-10T06:10:24.827498+00:00,314,forecast,A,EW,4,0,22,4,12,35,0.0,0.0,0.0,0.7914,381,206.2611,780,399,71.4536,72.4536,399,437,144
8ebdb0b3-2c32-494c-b6b3-b6162684d288,2026-10-10T06:10:24.827498+00:00,314,forecast,B,CLEAR,0,1,3,5,12,12,0.3957,0.3957,0.0,0.0,381,206.2611,780,399,71.4536,72.4536,399,437,144
8ebdb0b3-2c32-494c-b6b3-b6162684d288,2026-10-10T06:10:24.827498+00:00,314,forecast,C,NS,5,0,0,7,80,52,0.0,0.0,0.0,0.0,381,206.2611,780,399,71.4536,72.4536,399,437,144
8ebdb0b3-2c32-494c-b6b3-b6162684d288,2026-10-10T06:10:24.827498+00:00,314,forecast,D,NS,2,0,5,56,74,2,0.0,0.1978,0.3957,0.0,381,206.2611,780,399,71.4536,72.4536,399,437,144
8ebdb0b3-2c32-494c-b6b3-b6162684d288,2026-10-10T06:10:25.827123+00:00,315,forecast,A,EW,3,0,22,4,12,35,0.0,0.0,0.0,0.5987,383,206.8222,783,400,71.3175,72.3175,400,440,144
8ebdb0b3-2c32-494c-b6b3-b6162684d288,2026-10-10T06:10:25.827123+00:00,315,forecast,B,EW,3,0,4,5,12,11,0.5987,0.3992,0.0,0.0,383,206.8222,783,400,71.3175,72.3175,400,440,144
8ebdb0b3-2c32-494c-b6b3-b6162684d288,2026-10-10T06:10:25.827123+00:00,315,forecast,C,NS,4,0,0,7,80,52,0.0,0.0,0.0,0.0,383,206.8222,783,400,71.3175,72.3175,400,440,144
8ebdb0b3-2c32-494c-b6b3-b6162684d288,2026-10-10T06:10:25.827123+00:00,315,forecast,D,NS,1,0,6,56,75,2,0.0,0.0,0.5987,0.0,383,206.8222,783,400,71.3175,72.3175,400,440,144
8ebdb0b3-2c32-494c-b6b3-b6162684d288,2026-10-10T06:10:26.834924+00:00,316,forecast,A,EW,2,0,22,4,12,35,0.0,0.0,0.0,0.6037,385,207.3861,786,401,71.4065,72.4065,401,442,144
8ebdb0b3-2c32-494c-b6b3-b6162684d288,2026-10-10T06:10:26.834924+00:00,316,forecast,B,EW,2,0,4,6,12,11,0.6037,0.8049,0.0,0.0,385,207.3861,786,401,71.4065,72.4065,401,442,144
8ebdb0b3-2c32-494c-b6b3-b6162684d288,2026-10-10T06:10:26.834924+00:00,316,forecast,C,NS,3,0,1,7,80,52,0.0,0.0,0.0,0.0,385,207.3861,786,401,71.4065,72.4065,401,442,144
8ebdb0b3-2c32-494c-b6b3-b6162684d288,2026-10-10T06:10:26.834924+00:00,316,forecast,D,NS,0,0,6,56,75,2,0.0,0.0,0.6037,0.0,385,207.3861,786,401,71.4065,72.4065,401,442,144
8ebdb0b3-2c32-494c-b6b3-b6162684d288,2026-10-10T06:10:27.829046+00:00,317,forecast,A,EW,1,0,22,5,12,34,0.0,0.0,0.0,0.6047,387,207.9527,789,402,71.4776,72.4776,402,444,144
8ebdb0b3-2c32-494c-b6b3-b6162684d288,2026-10-10T06:10:27.829046+00:00,317,forecast,B,EW,1,0,4,5,12,11,0.4031,0.8062,0.0,0.0,387,207.9527,789,402,71.4776,72.4776,402,444,144
8ebdb0b3-2c32-494c-b6b3-b6162684d288,2026-10-10T06:10:27.829046+00:00,317,forecast,C,NS,2,0,1,7,80,54,0.0,0.0,0.0,0.4031,387,207.9527,789,402,71.4776,72.4776,402,444,144
8ebdb0b3-2c32-494c-b6b3-b6162684d288,2026-10-10T06:10:27.829046+00:00,317,forecast,D,NS,6,0,6,57,75,2,0.0,0.2016,0.4031,0.0,387,207.9527,789,402,71.4776,72.4776,402,444,144
8ebdb0b3-2c32-494c-b6b3-b6162684d288,2026-10-10T06:10:28.844386+00:00,318,forecast,A,EW,0,0,22,6,12,33,0.0,0.0,0.0,0.1999,389,208.522,792,403,71.3524,72.3524,403,446,144
8ebdb0b3-2c32-494c-b6b3-b6162684d288,2026-10-10T06:10:28.844386+00:00,318,forecast,B,EW,0,0,4,5,12,11,0.3997,0.9993,0.0,0.0,389,208.522,792,403,71.3524,72.3524,403,446,144
8ebdb0b3-2c32-494c-b6b3-b6162684d288,2026-10-10T06:10:28.844386+00:00,318,forecast,C,NS,1,0,1,7,80,55,0.0,0.0,0.0,0.5996,389,208.522,792,403,71.3524,72.3524,403,446,144
8ebdb0b3-2c32-494c-b6b3-b6162684d288,2026-10-10T06:10:28.844386+00:00,318,forecast,D,NS,5,0,6,58,75,2,0.0,0.3997,0.3997,0.0,389,208.522,792,403,71.3524,72.3524,403,446,144
8ebdb0b3-2c32-494c-b6b3-b6162684d288,2026-10-10T06:10:29.833676+00:00,319,forecast,A,EW,4,0,22,6,12,32,0.0,0.0,0.0,0.1984,390,209.0909,795,405,71.4346,72.4346,405,448,144
8ebdb0b3-2c32-494c-b6b3-b6162684d288,2026-10-10T06:10:29.833676+00:00,319,forecast,B,EW,3,0,4,5,12,11,0.1984,0.992,0.0,0.0,390,209.0909,795,405,71.4346,72.4346,405,448,144
8ebdb0b3-2c32-494c-b6b3-b6162684d288,2026-10-10T06:10:29.833676+00:00,319,forecast,C,NS,0,0,1,7,80,55,0.0,0.0,0.0,0.5952,390,209.0909,795,405,71.4346,72.4346,405,448,144
8ebdb0b3-2c32-494c-b6b3-b6162684d288,2026-10-10T06:10:29.833676+00:00,319,forecast,D,NS,4,0,6,58,77,2,0.0,0.3968,0.5952,0.0,390,209.0909,795,405,71.4346,72.4346,405,448,144
8ebdb0b3-2c32-494c-b6b3-b6162684d288,2026-10-10T06:10:30.837925+00:00,320,forecast,A,EW,3,0,22,7,12,31,0.0,0.0,0.0,0.1989,390,209.6562,797,407,71.3759,72.3759,407,450,144
8ebdb0b3-2c32-494c-b6b3-b6162684d288,2026-10-10T06:10:30.837925+00:00,320,forecast,B,EW,2,0,5,4,12,11,0.1989,0.7957,0.0,0.0,390,209.6562,797,407,71.3759,72.3759,407,450,144
8ebdb0b3-2c32-494c-b6b3-b6162684d288,2026-10-10T06:10:30.837925+00:00,320,forecast,C,NS,6,0,1,7,80,55,0.0,0.0,0.0,0.5967,390,209.6562,797,407,71.3759,72.3759,407,450,144
8ebdb0b3-2c32-494c-b6b3-b6162684d288,2026-10-10T06:10:30.837925+00:00,320,forecast,D,NS,3,0,5,59,77,2,0.0,0.5967,0.3978,0.0,390,209.6562,797,407,71.3759,72.3759,407,450,144
8ebdb0b3-2c32-494c-b6b3-b6162684d288,2026-10-10T06:10:31.849338+00:00,321,forecast,A,EW,2,0,23,7,12,30,0.1998,0.0,0.0,0.0,390,210.2181,800,410,71.5049,72.5049,410,452,144
8ebdb0b3-2c32-494c-b6b3-b6162684d288,2026-10-10T06:10:31.849338+00:00,321,forecast,B,EW,1,0,5,3,12,11,0.1998,0.3996,0.0,0.0,390,210.2181,800,410,71.5049,72.5049,410,452,144
8ebdb0b3-2c32-494c-b6b3-b6162684d288,2026-10-10T06:10:31.849338+00:00,321,forecast,C,NS,5,0,1,7,80,55,0.0,0.0,0.0,0.5995,390,210.2181,800,410,71.5049,72.5049,410,452,144
8ebdb0b3-2c32-494c-b6b3-b6162684d288,2026-10-10T06:10:31.849338+00:00,321,forecast,D,NS,2,0,4,60,78,2,0.0,0.7993,0.5995,0.0,390,210.2181,800,410,71.5049,72.5049,410,452,144
8ebdb0b3-2c32-494c-b6b3-b6162684d288,2026-10-10T06:10:32.832110+00:00,322,forecast,A,EW,1,0,23,8,12,30,0.2017,0.0,0.0,0.2017,391,210.7795,802,411,71.5669,72.5669,411,454,144
8ebdb0b3-2c32-494c-b6b3-b6162684d288,2026-10-10T06:10:32.832110+00:00,322,forecast,B,EW,0,0,5,2,12,11,0.2017,0.4034,0.0,0.0,391,210.7795,802,411,71.5669,72.5669,411,454,144
8ebdb0b3-2c32-494c-b6b3-b6162684d288,2026-10-10T06:10:32.832110+00:00,322,forecast,C,NS,4,0,1,7,80,55,0.0,0.0,0.0,0.2017,391,210.7795,802,411,71.5669,72.5669,411,454,144
8ebdb0b3-2c32-494c-b6b3-b6162684d288,2026-10-10T06:10:32.832110+00:00,322,forecast,D,NS,1,0,4,60,79,2,0.0,0.6051,0.8067,0.0,391,210.7795,802,411,71.5669,72.5669,411,454,144
8ebdb0b3-2c32-494c-b6b3-b6162684d288,2026-10-10T06:10:33.851481+00:00,323,forecast,A,EW,0,0,24,7,12,29,0.4027,0.0,0.0,0.2014,393,211.3437,805,412,71.6675,72.6675,412,456,144
8ebdb0b3-2c32-494c-b6b3-b6162684d288,2026-10-10T06:10:33.851481+00:00,323,forecast,B,CLEAR,0,1,5,2,12,12,0.2014,0.2014,0.0,0.0,393,211.3437,805,412,71.6675,72.6675,412,456,144
8ebdb0b3-2c32-494c-b6b3-b6162684d288,2026-10-10T06:10:33.851481+00:00,323,forecast,C,NS,3,0,2,7,80,55,0.0,0.0,0.0,0.0,393,211.3437,805,412,71.6675,72.6675,412,456,144
8ebdb0b3-2c32-494c-b6b3-b6162684d288,2026-10-10T06:10:33.851481+00:00,323,forecast,D,NS,0,0,3,62,79,2,0.0,0.8054,0.8054,0.0,393,211.3437,805,412,71.6675,72.6675,412,456,144
8ebdb0b3-2c32-494c-b6b3-b6162684d288,2026-10-10T06:10:34.853500+00:00,324,forecast,A,EW,4,0,24,7,12,30,0.3995,0.0,0.0,0.3995,394,211.9074,808,414,71.6425,72.6425,414,458,144
8ebdb0b3-2c32-494c-b6b3-b6162684d288,2026-10-10T06:10:34.853500+00:00,324,forecast,B,NS,3,0,4,3,12,12,0.1997,0.1997,0.0,0.0,394,211.9074,808,414,71.6425,72.6425,414,458,144
8ebdb0b3-2c32-494c-b6b3-b6162684d288,2026-10-10T06:10:34.853500+00:00,324,forecast,C,NS,2,0,2,7,80,56,0.0,0.0,0.0,0.1997,394,211.9074,808,414,71.6425,72.6425,414,458,144
8ebdb0b3-2c32-494c-b6b3-b6162684d288,2026-10-10T06:10:34.853500+00:00,324,forecast,D,NS,6,0,3,62,78,2,0.0,0.799,0.3995,0.0,394,211.9074,808,414,71.6425,72.6425,414,458,144
8ebdb0b3-2c32-494c-b6b3-b6162684d288,2026-10-10T06:10:35.826424+00:00,325,forecast,A,EW,3,0,26,6,12,30,0.794,0.0,0.0,0.397,396,212.4738,811,415,71.8434,72.8434,415,460,144
8ebdb0b3-2c32-494c-b6b3-b6162684d288,2026-10-10T06:10:35.826424+00:00,325,forecast,B,NS,2,0,3,4,12,12,0.0,0.397,0.0,0.0,396,212.4738,811,415,71.8434,72.8434,415,460,144
8ebdb0b3-2c32-494c-b6b3-b6162684d288,2026-10-10T06:10:35.826424+00:00,325,forecast,C,NS,1,0,3,7,80,56,0.0,0.0,0.0,0.1985,396,212.4738,811,415,71.8434,72.8434,415,460,144
8ebdb0b3-2c32-494c-b6b3-b6162684d288,2026-10-10T06:10:35.826424+00:00,325,forecast,D,NS,5,0,4,62,77,2,0.0,0.5955,0.397,0.0,396,212.4738,811,415,71.8434,72.8434,415,460,144
8ebdb0b3-2c32-494c-b6b3-b6162684d288,2026-10-10T06:10:36.927448+00:00,326,forecast,A,EW,2,0,26,5,12,30,0.5966,0.0,0.0,0.3977,397,213.0399,814,417,72.1271,73.1271,417,462,144
8ebdb0b3-2c32-494c-b6b3-b6162684d288,2026-10-10T06:10:36.927448+00:00,326,forecast,B,NS,1,0,2,5,12,12,0.0,0.5966,0.0,0.0,397,213.0399,814,417,72.1271,73.1271,417,462,144
8ebdb0b3-2c32-494c-b6b3-b6162684d288,2026-10-10T06:10:36.927448+00:00,326,forecast,C,NS,0,0,4,7,80,57,0.0,0.0,0.0,0.3977,397,213.0399,814,417,72.1271,73.1271,417,462,144
8ebdb0b3-2c32-494c-b6b3-b6162684d288,2026-10-10T06:10:36.927448+00:00,326,forecast,D,NS,4,0,4,62,77,2,0.0,0.3977,0.3977,0.0,397,213.0399,814,417,72.1271,73.1271,417,462,144
8ebdb0b3-2c32-494c-b6b3-b6162684d288,2026-10-10T06:10:37.835592+00:00,327,forecast,A,EW,1,0,26,5,12,30,0.6002,0.0,0.0,0.2001,399,213.6086,817,418,72.2129,73.2129,418,464,144
8ebdb0b3-2c32-494c-b6b3-b6162684d288,2026-10-10T06:10:37.835592+00:00,327,forecast,B,NS,0,0,1,6,12,12,0.0,0.8003,0.0,0.0,399,213.6086,817,418,72.2129,73.2129,418,464,144
8ebdb0b3-2c32-494c-b6b3-b6162684d288,2026-10-10T06:10:37.835592+00:00,327,forecast,C,NS,6,0,5,7,80,59,0.0,0.0,0.0,0.8003,399,213.6086,817,418,72.2129,73.2129,418,464,144
8ebdb0b3-2c32-494c-b6b3-b6162684d288,2026-10-10T06:10:37.835592+00:00,327,forecast,D,NS,3,0,4,62,76,2,0.0,0.4001,0.2001,0.0,399,213.6086,817,418,72.2129,73.2129,418,464,144
8ebdb0b3-2c32-494c-b6b3-b6162684d288,2026-10-10T06:10:38.855183+00:00,328,forecast,A,EW,0,0,26,4,12,31,0.4041,0.0,0.0,0.4041,402,214.1829,820,418,72.2129,73.2129,418,467,144
8ebdb0b3-2c32-494c-b6b3-b6162684d288,2026-10-10T06:10:38.855183+00:00,328,forecast,B,CLEAR,0,1,2,6,12,12,0.2021,0.8082,0.0,0.0,402,214.1829,820,418,72.2129,73.2129,418,467,144
8ebdb0b3-2c32-494c-b6b3-b6162684d288,2026-10-10T06:10:38.855183+00:00,328,forecast,C,NS,5,0,6,7,80,59,0.0,0.0,0.0,0.8082,402,214.1829,820,418,72.2129,73.2129,418,467,144
8ebdb0b3-2c32-494c-b6b3-b6162684d288,2026-10-10T06:10:38.855183+00:00,328,forecast,D,NS,2,0,4,62,77,2,0.0,0.0,0.4041,0.0,402,214.1829,820,418,72.2129,73.2129,418,467,144
8ebdb0b3-2c32-494c-b6b3-b6162684d288,2026-10-10T06:10:39.895067+00:00,329,forecast,A,CLEAR,0,1,26,5,12,31,0.4039,0.0,0.0,0.2019,403,214.7568,822,419,72.284,73.284,419,469,144
8ebdb0b3-2c32-494c-b6b3-b6162684d288,2026-10-10T06:10:39.895067+00:00,329,forecast,B,EW,3,0,2,5,12,11,0.2019,0.6058,0.0,0.0,403,214.7568,822,419,72.284,73.284,419,469,144
8ebdb0b3-2c32-494c-b6b3-b6162684d288,2026-10-10T06:10:39.895067+00:00,329,forecast,C,NS,4,0,6,7,80,60,0.0,0.0,0.0,0.8078,403,214.7568,822,419,72.284,73.284,419,469,144
8ebdb0b3-2c32-494c-b6b3-b6162684d288,2026-10-10T06:10:39.895067+00:00,329,forecast,D,NS,1,0,4,62,78,2,0.0,0.0,0.6058,0.0,403,214.7568,822,419,72.284,73.284,419,469,144
8ebdb0b3-2c32-494c-b6b3-b6162684d288,2026-10-10T06:10:40.837043+00:00,330,forecast,A,NS,4,0,26,6,12,31,0.2,0.0,0.0,0.2,405,215.3333,824,419,72.284,73.284,419,470,144
8ebdb0b3-2c32-494c-b6b3-b6162684d288,2026-10-10T06:10:40.837043+00:00,330,forecast,B,EW,2,0,2,4,12,11,0.2,0.4,0.0,0.0,405,215.3333,824,419,72.284,73.284,419,470,144
8ebdb0b3-2c32-494c-b6b3-b6162684d288,2026-10-10T06:10:40.837043+00:00,330,forecast,C,NS,3,0,7,7,79,61,0.0,0.0,0.0,0.9999,405,215.3333,824,419,72.284,73.284,419,470,144
8ebdb0b3-2c32-494c-b6b3-b6162684d288,2026-10-10T06:10:40.837043+00:00,330,forecast,D,NS,0,0,5,62,78,2,0.0,0.0,0.5999,0.0,405,215.3333,824,419,72.284,73.284,419,470,144
8ebdb0b3-2c32-494c-b6b3-b6162684d288,2026-10-10T06:10:41.828632+00:00,331,forecast,A,NS,3,0,25,7,12,32,0.1985,0.0,0.0,0.3971,406,215.9094,827,421,72.2494,73.2494,421,471,144
8ebdb0b3-2c32-494c-b6b3-b6162684d288,2026-10-10T06:10:41.828632+00:00,331,forecast,B,EW,1,0,2,3,12,11,0.1985,0.1985,0.0,0.0,406,215.9094,827,421,72.2494,73.2494,421,471,144
8ebdb0b3-2c32-494c-b6b3-b6162684d288,2026-10-10T06:10:41.828632+00:00,331,forecast,C,NS,2,0,7,7,79,61,0.0,0.0,0.1985,0.7941,406,215.9094,827,421,72.2494,73.2494,421,471,144
8ebdb0b3-2c32-494c-b6b3-b6162684d288,2026-10-10T06:10:41.828632+00:00,331,forecast,D,NS,6,0,5,63,78,2,0.0,0.1985,0.3971,0.0,406,215.9094,827,421,72.2494,73.2494,421,471,144
8ebdb0b3-2c32-494c-b6b3-b6162684d288,2026-10-10T06:10:42.826644+00:00,332,forecast,A,NS,2,0,24,8,12,32,0.1979,0.0,0.0,0.3959,406,216.4819,830,424,72.1085,73.1085,424,472,144
8ebdb0b3-2c32-494c-b6b3-b6162684d288,2026-10-10T06:10:42.826644+00:00,332,forecast,B,EW,0,0,3,2,12,11,0.3959,0.0,0.0,0.0,406,216.4819,830,424,72.1085,73.1085,424,472,144
8ebdb0b3-2c32-494c-b6b3-b6162684d288,2026-10-10T06:10:42.826644+00:00,332,forecast,C,NS,1,0,7,7,79,61,0.0,0.0,0.3959,0.3959,406,216.4819,830,424,72.1085,73.1085,424,472,144
8ebdb0b3-2c32-494c-b6b3-b6162684d288,2026-10-10T06:10:42.826644+00:00,332,forecast,D,NS,5,0,4,63,79,2,0.0,0.1979,0.5938,0.0,406,216.4819,830,424,72.1085,73.1085,424,472,144
8ebdb0b3-2c32-494c-b6b3-b6162684d288,2026-10-10T06:10:43.831242+00:00,333,forecast,A,NS,1,0,23,8,12,33,0.1999,0.0,0.0,0.3998,406,217.0511,833,427,72.281,73.281,427,473,144
8ebdb0b3-2c32-494c-b6b3-b6162684d288,2026-10-10T06:10:43.831242+00:00,333,forecast,B,CLEAR,0,1,3,3,12,11,0.1999,0.1999,0.0,0.0,406,217.0511,833,427,72.281,73.281,427,473,144
8ebdb0b3-2c32-494c-b6b3-b6162684d288,2026-10-10T06:10:43.831242+00:00,333,forecast,C,NS,0,0,7,7,78,61,0.0,0.0,0.3998,0.3998,406,217.0511,833,427,72.281,73.281,427,473,144
8ebdb0b3-2c32-494c-b6b3-b6162684d288,2026-10-10T06:10:43.831242+00:00,333,forecast,D,NS,4,0,3,63,80,2,0.0,0.1999,0.5998,0.0,406,217.0511,833,427,72.281,73.281,427,473,144
8ebdb0b3-2c32-494c-b6b3-b6162684d288,2026-10-10T06:10:44.854417+00:00,334,forecast,A,NS,0,0,22,9,12,33,0.2016,0.0,0.0,0.4032,405,217.6138,835,430,72.4465,73.4465,430,473,144
8ebdb0b3-2c32-494c-b6b3-b6162684d288,2026-10-10T06:10:44.854417+00:00,334,forecast,B,NS,2,0,3,3,12,11,0.4032,0.2016,0.0,0.0,405,217.6138,835,430,72.4465,73.4465,430,473,144
8ebdb0b3-2c32-494c-b6b3-b6162684d288,2026-10-10T06:10:44.854417+00:00,334,forecast,C,NS,7,0,7,7,78,61,0.0,0.0,0.6048,0.2016,405,217.6138,835,430,72.4465,73.4465,430,473,144
8ebdb0b3-2c32-494c-b6b3-b6162684d288,2026-10-10T06:10:44.854417+00:00,334,forecast,D,NS,3,0,3,63,79,2,0.0,0.2016,0.4032,0.0,405,217.6138,835,430,72.4465,73.4465,430,473,144
8ebdb0b3-2c32-494c-b6b3-b6162684d288,2026-10-10T06:10:45.827981+00:00,335,forecast,A,CLEAR,0,1,22,10,12,33,0.0,0.0,0.0,0.4056,406,218.1761,838,432,72.206,73.206,432,474,144
8ebdb0b3-2c32-494c-b6b3-b6162684d288,2026-10-10T06:10:45.827981+00:00,335,forecast,B,NS,1,0,2,4,12,11,0.4056,0.4056,0.0,0.0,406,218.1761,838,432,72.206,73.206,432,474,144
8ebdb0b3-2c32-494c-b6b3-b6162684d288,2026-10-10T06:10:45.827981+00:00,335,forecast,C,NS,6,0,6,7,78,63,0.0,0.0,0.6084,0.4056,406,218.1761,838,432,72.206,73.206,432,474,144
8ebdb0b3-2c32-494c-b6b3-b6162684d288,2026-10-10T06:10:45.827981+00:00,335,forecast,D,NS,2,0,3,63,78,2,0.0,0.2028,0.4056,0.0,406,218.1761,838,432,72.206,73.206,432,474,144
8ebdb0b3-2c32-494c-b6b3-b6162684d288,2026-10-10T06:10:46.820276+00:00,336,forecast,A,EW,4,0,22,9,12,33,0.0,0.0,0.0,0.4003,406,218.7351,841,435,72.1678,73.1678,435,475,144
8ebdb0b3-2c32-494c-b6b3-b6162684d288,2026-10-10T06:10:46.820276+00:00,336,forecast,B,NS,0,0,2,5,12,12,0.6004,0.6004,0.0,0.0,406,218.7351,841,435,72.1678,73.1678,435,475,144
8ebdb0b3-2c32-494c-b6b3-b6162684d288,2026-10-10T06:10:46.820276+00:00,336,forecast,C,NS,5,0,5,7,78,63,0.0,0.0,0.4003,0.4003,406,218.7351,841,435,72.1678,73.1678,435,475,144
8ebdb0b3-2c32-494c-b6b3-b6162684d288,2026-10-10T06:10:46.820276+00:00,336,forecast,D,NS,1,0,4,63,77,2,0.0,0.0,0.4003,0.0,406,218.7351,841,435,72.1678,73.1678,435,475,144
8ebdb0b3-2c32-494c-b6b3-b6162684d288,2026-10-10T06:10:47.821035+00:00,337,forecast,A,EW,3,0,22,8,12,34,0.0,0.0,0.0,0.595,409,219.2997,844,435,72.1678,73.1678,435,478,144
8ebdb0b3-2c32-494c-b6b3-b6162684d288,2026-10-10T06:10:47.821035+00:00,337,forecast,B,CLEAR,0,1,2,5,12,12,0.3967,0.595,0.0,0.0,409,219.2997,844,435,72.1678,73.1678,435,478,144
8ebdb0b3-2c32-494c-b6b3-b6162684d288,2026-10-10T06:10:47.821035+00:00,337,forecast,C,NS,4,0,6,7,79,63,0.0,0.0,0.3967,0.3967,409,219.2997,844,435,72.1678,73.1678,435,478,144
8ebdb0b3-2c32-494c-b6b3-b6162684d288,2026-10-10T06:10:47.821035+00:00,337,forecast,D,NS,0,0,4,64,77,2,0.0,0.1983,0.1983,0.0,409,219.2997,844,435,72.1678,73.1678,435,478,144
8ebdb0b3-2c32-494c-b6b3-b6162684d288,2026-10-10T06:10:48.850290+00:00,338,forecast,A,EW,2,0,22,8,12,35,0.0,0.0,0.0,0.5944,408,219.858,847,439,72.7289,73.7289,439,481,144
8ebdb0b3-2c32-494c-b6b3-b6162684d288,2026-10-10T06:10:48.850290+00:00,338,forecast,B,EW,3,0,3,4,12,11,0.5944,0.3963,0.0,0.0,408,219.858,847,439,72.7289,73.7289,439,481,144
8ebdb0b3-2c32-494c-b6b3-b6162684d288,2026-10-10T06:10:48.850290+00:00,338,forecast,C,NS,3,0,5,7,80,63,0.0,0.0,0.5944,0.3963,408,219.858,847,439,72.7289,73.7289,439,481,144
8ebdb0b3-2c32-494c-b6b3-b6162684d288,2026-10-10T06:10:48.850290+00:00,338,forecast,D,NS,6,0,3,64,77,2,0.0,0.1981,0.0,0.0,408,219.858,847,439,72.7289,73.7289,439,481,144
8ebdb0b3-2c32-494c-b6b3-b6162684d288,2026-10-10T06:10:49.825934+00:00,339,forecast,A,EW,1,0,22,8,12,35,0.0,0.0,0.0,0.7955,409,220.4159,850,441,73.1338,74.1338,441,483,144
8ebdb0b3-2c32-494c-b6b3-b6162684d288,2026-10-10T06:10:49.825934+00:00,339,forecast,B,EW,2,0,3,4,12,11,0.3977,0.5966,0.0,0.0,409,220.4159,850,441,73.1338,74.1338,441,483,144
8ebdb0b3-2c32-494c-b6b3-b6162684d288,2026-10-10T06:10:49.825934+00:00,339,forecast,C,NS,2,0,4,7,80,63,0.0,0.0,0.3977,0.3977,409,220.4159,850,441,73.1338,74.1338,441,483,144
8ebdb0b3-2c32-494c-b6b3-b6162684d288,2026-10-10T06:10:49.825934+00:00,339,forecast,D,NS,5,0,4,64,78,2,0.0,0.1989,0.1989,0.0,409,220.4159,850,441,73.1338,74.1338,441,483,144
8ebdb0b3-2c32-494c-b6b3-b6162684d288,2026-10-10T06:10:50.829234+00:00,340,forecast,A,EW,0,0,22,8,12,34,0.0,0.0,0.0,0.8039,410,220.9735,853,443,73.3634,74.3634,443,485,144
8ebdb0b3-2c32-494c-b6b3-b6162684d288,2026-10-10T06:10:50.829234+00:00,340,forecast,B,EW,1,0,3,5,12,11,0.402,0.8039,0.0,0.0,410,220.9735,853,443,73.3634,74.3634,443,485,144
8ebdb0b3-2c32-494c-b6b3-b6162684d288,2026-10-10T06:10:50.829234+00:00,340,forecast,C,NS,1,0,4,7,80,63,0.0,0.0,0.402,0.0,410,220.9735,853,443,73.3634,74.3634,443,485,144
8ebdb0b3-2c32-494c-b6b3-b6162684d288,2026-10-10T06:10:50.829234+00:00,340,forecast,D,NS,4,0,4,64,79,2,0.0,0.201,0.402,0.0,410,220.9735,853,443,73.3634,74.3634,443,485,144
8ebdb0b3-2c32-494c-b6b3-b6162684d288,2026-10-10T06:10:51.824234+00:00,341,forecast,A,EW,5,0,22,8,12,34,0.0,0.0,0.0,0.8083,411,221.5308,856,445,73.573,74.573,445,487,144
8ebdb0b3-2c32-494c-b6b3-b6162684d288,2026-10-10T06:10:51.824234+00:00,341,forecast,B,EW,0,0,3,5,12,11,0.2021,0.8083,0.0,0.0,411,221.5308,856,445,73.573,74.573,445,487,144
8ebdb0b3-2c32-494c-b6b3-b6162684d288,2026-10-10T06:10:51.824234+00:00,341,forecast,C,NS,0,0,4,7,80,64,0.0,0.0,0.4042,0.2021,411,221.5308,856,445,73.573,74.573,445,487,144
8ebdb0b3-2c32-494c-b6b3-b6162684d288,2026-10-10T06:10:51.824234+00:00,341,forecast,D,NS,3,0,4,64,79,2,0.0,0.2021,0.4042,0.0,411,221.5308,856,445,73.573,74.573,445,487,144
8ebdb0b3-2c32-494c-b6b3-b6162684d288,2026-10-10T06:10:52.822871+00:00,342,forecast,A,EW,4,0,22,8,12,34,0.0,0.0,0.0,0.8064,410,222.0819,858,448,73.6585,74.6585,448,489,144
8ebdb0b3-2c32-494c-b6b3-b6162684d288,2026-10-10T06:10:52.822871+00:00,342,forecast,B,EW,3,0,4,4,12,11,0.4032,0.8064,0.0,0.0,410,222.0819,858,448,73.6585,74.6585,448,489,144
8ebdb0b3-2c32-494c-b6b3-b6162684d288,2026-10-10T06:10:52.822871+00:00,342,forecast,C,NS,6,0,4,7,80,64,0.0,0.0,0.2016,0.2016,410,222.0819,858,448,73.6585,74.6585,448,489,144
8ebdb0b3-2c32-494c-b6b3-b6162684d288,2026-10-10T06:10:52.822871+00:00,342,forecast,D,NS,2,0,3,64,79,2,0.0,0.0,0.4032,0.0,410,222.0819,858,448,73.6585,74.6585,448,489,144
8ebdb0b3-2c32-494c-b6b3-b6162684d288,2026-10-10T06:10:53.836975+00:00,343,forecast,A,EW,3,0,23,8,12,33,0.1994,0.0,0.0,0.5981,412,222.6356,861,449,73.5278,74.5278,449,491,144
8ebdb0b3-2c32-494c-b6b3-b6162684d288,2026-10-10T06:10:53.836975+00:00,343,forecast,B,EW,2,0,4,4,12,11,0.1994,0.9968,0.0,0.0,412,222.6356,861,449,73.5278,74.5278,449,491,144
8ebdb0b3-2c32-494c-b6b3-b6162684d288,2026-10-10T06:10:53.836975+00:00,343,forecast,C,NS,5,0,5,7,80,64,0.0,0.0,0.0,0.1994,412,222.6356,861,449,73.5278,74.5278,449,491,144
8ebdb0b3-2c32-494c-b6b3-b6162684d288,2026-10-10T06:10:53.836975+00:00,343,forecast,D,NS,1,0,3,65,79,2,0.0,0.1994,0.3987,0.0,412,222.6356,861,449,73.5278,74.5278,449,491,144
8ebdb0b3-2c32-494c-b6b3-b6162684d288,2026-10-10T06:10:54.824483+00:00,344,forecast,A,EW,2,0,23,8,12,33,0.1978,0.0,0.0,0.5934,412,223.186,864,452,73.6239,74.6239,452,493,144
8ebdb0b3-2c32-494c-b6b3-b6162684d288,2026-10-10T06:10:54.824483+00:00,344,forecast,B,EW,1,0,4,3,12,11,0.1978,0.7912,0.0,0.0,412,223.186,864,452,73.6239,74.6239,452,493,144
8ebdb0b3-2c32-494c-b6b3-b6162684d288,2026-10-10T06:10:54.824483+00:00,344,forecast,C,NS,4,0,5,7,80,65,0.0,0.0,0.0,0.3956,412,223.186,864,452,73.6239,74.6239,452,493,144
8ebdb0b3-2c32-494c-b6b3-b6162684d288,2026-10-10T06:10:54.824483+00:00,344,forecast,D,NS,0,0,2,65,80,2,0.0,0.1978,0.3956,0.0,412,223.186,864,452,73.6239,74.6239,452,493,144
8ebdb0b3-2c32-494c-b6b3-b6162684d288,2026-10-10T06:10:55.824647+00:00,345,forecast,A,EW,1,0,24,8,12,33,0.3967,0.0,0.0,0.7933,411,223.7304,866,455,73.7538,74.7538,455,495,144
8ebdb0b3-2c32-494c-b6b3-b6162684d288,2026-10-10T06:10:55.824647+00:00,345,forecast,B,EW,0,0,4,2,12,11,0.1983,0.3967,0.0,0.0,411,223.7304,866,455,73.7538,74.7538,455,495,144
8ebdb0b3-2c32-494c-b6b3-b6162684d288,2026-10-10T06:10:55.824647+00:00,345,forecast,C,NS,3,0,4,7,80,65,0.0,0.0,0.0,0.3967,411,223.7304,866,455,73.7538,74.7538,455,495,144
8ebdb0b3-2c32-494c-b6b3-b6162684d288,2026-10-10T06:10:55.824647+00:00,345,forecast,D,NS,6,0,2,65,80,2,0.0,0.1983,0.1983,0.0,411,223.7304,866,455,73.7538,74.7538,455,495,144
8ebdb0b3-2c32-494c-b6b3-b6162684d288,2026-10-10T06:10:56.824270+00:00,346,forecast,A,EW,0,0,24,7,12,32,0.3999,0.0,0.0,0.5999,412,224.2746,868,456,73.636,74.636,456,497,144
8ebdb0b3-2c32-494c-b6b3-b6162684d288,2026-10-10T06:10:56.824270+00:00,346,forecast,B,CLEAR,0,1,4,3,12,12,0.2,0.3999,0.0,0.0,412,224.2746,868,456,73.636,74.636,456,497,144
8ebdb0b3-2c32-494c-b6b3-b6162684d288,2026-10-10T06:10:56.824270+00:00,346,forecast,C,NS,2,0,4,7,80,65,0.0,0.0,0.0,0.2,412,224.2746,868,456,73.636,74.636,456,497,144
8ebdb0b3-2c32-494c-b6b3-b6162684d288,2026-10-10T06:10:56.824270+00:00,346,forecast,D,NS,5,0,2,66,80,2,0.0,0.3999,0.2,0.0,412,224.2746,868,456,73.636,74.636,456,497,144
8ebdb0b3-2c32-494c-b6b3-b6162684d288,2026-10-10T06:10:57.871268+00:00,347,forecast,A,CLEAR,0,1,25,7,12,32,0.6055,0.0,0.0,0.4037,412,224.8156,870,458,73.9127,74.9127,458,498,144
8ebdb0b3-2c32-494c-b6b3-b6162684d288,2026-10-10T06:10:57.871268+00:00,347,forecast,B,NS,3,0,3,4,12,12,0.0,0.6055,0.0,0.0,412,224.8156,870,458,73.9127,74.9127,458,498,144
8ebdb0b3-2c32-494c-b6b3-b6162684d288,2026-10-10T06:10:57.871268+00:00,347,forecast,C,NS,1,0,4,7,80,65,0.0,0.0,0.0,0.2018,412,224.8156,870,458,73.9127,74.9127,458,498,144
8ebdb0b3-2c32-494c-b6b3-b6162684d288,2026-10-10T06:10:57.871268+00:00,347,forecast,D,NS,4,0,2,66,79,2,0.0,0.4037,0.2018,0.0,412,224.8156,870,458,73.9127,74.9127,458,498,144
8ebdb0b3-2c32-494c-b6b3-b6162684d288,2026-10-10T06:10:58.894790+00:00,348,forecast,A,NS,4,0,24,7,12,32,0.4028,0.0,0.0,0.4028,413,225.3563,873,460,74.0152,75.0152,460,500,144
8ebdb0b3-2c32-494c-b6b3-b6162684d288,2026-10-10T06:10:58.894790+00:00,348,forecast,B,NS,2,0,3,5,12,12,0.2014,0.6042,0.0,0.0,413,225.3563,873,460,74.0152,75.0152,460,500,144
8ebdb0b3-2c32-494c-b6b3-b6162684d288,2026-10-10T06:10:58.894790+00:00,348,forecast,C,NS,0,0,4,7,80,66,0.0,0.0,0.0,0.4028,413,225.3563,873,460,74.0152,75.0152,460,500,144
8ebdb0b3-2c32-494c-b6b3-b6162684d288,2026-10-10T06:10:58.894790+00:00,348,forecast,D,NS,3,0,3,66,78,2,0.0,0.2014,0.2014,0.0,413,225.3563,873,460,74.0152,75.0152,460,500,144
8ebdb0b3-2c32-494c-b6b3-b6162684d288,2026-10-10T06:10:59.853797+00:00,349,forecast,A,NS,3,0,23,7,12,32,0.4017,0.0,0.0,0.2008,414,225.8968,875,461,74.2061,75.2061,461,501,144
8ebdb0b3-2c32-494c-b6b3-b6162684d288,2026-10-10T06:10:59.853797+00:00,349,forecast,B,NS,1,0,2,5,12,12,0.2008,0.6025,0.0,0.0,414,225.8968,875,461,74.2061,75.2061,461,501,144
8ebdb0b3-2c32-494c-b6b3-b6162684d288,2026-10-10T06:10:59.853797+00:00,349,forecast,C,CLEAR,0,1,5,7,80,68,0.0,0.0,0.0,0.6025,414,225.8968,875,461,74.2061,75.2061,461,501,144
8ebdb0b3-2c32-494c-b6b3-b6162684d288,2026-10-10T06:10:59.853797+00:00,349,forecast,D,NS,2,0,4,66,77,2,0.0,0.2008,0.0,0.0,414,225.8968,875,461,74.2061,75.2061,461,501,144
8ebdb0b3-2c32-494c-b6b3-b6162684d288,2026-10-10T06:11:00.871219+00:00,350,forecast,A,NS,2,0,24,7,12,32,0.5951,0.0,0.0,0.0,415,226.4371,878,463,74.7819,75.7819,463,502,144
8ebdb0b3-2c32-494c-b6b3-b6162684d288,2026-10-10T06:11:00.871219+00:00,350,forecast,B,NS,0,0,1,5,12,12,0.1984,0.5951,0.0,0.0,415,226.4371,878,463,74.7819,75.7819,463,502,144
8ebdb0b3-2c32-494c-b6b3-b6162684d288,2026-10-10T06:11:00.871219+00:00,350,forecast,C,EW,6,0,6,6,80,68,0.0,0.0,0.0,0.7935,415,226.4371,878,463,74.7819,75.7819,463,502,144
8ebdb0b3-2c32-494c-b6b3-b6162684d288,2026-10-10T06:11:00.871219+00:00,350,forecast,D,NS,1,0,5,66,76,3,0.0,0.1984,0.0,0.0,415,226.4371,878,463,74.7819,75.7819,463,502,144
8ebdb0b3-2c32-494c-b6b3-b6162684d288,2026-10-10T06:11:01.881905+00:00,351,forecast,A,NS,1,0,23,7,12,33,0.5934,0.0,0.0,0.1978,416,226.9772,881,465,75.1957,76.1957,465,504,144
8ebdb0b3-2c32-494c-b6b3-b6162684d288,2026-10-10T06:11:01.881905+00:00,351,forecast,B,CLEAR,0,1,1,6,12,12,0.1978,0.5934,0.0,0.0,416,226.9772,881,465,75.1957,76.1957,465,504,144
8ebdb0b3-2c32-494c-b6b3-b6162684d288,2026-10-10T06:11:01.881905+00:00,351,forecast,C,EW,5,0,7,5,80,67,0.0,0.0,0.0,0.7912,416,226.9772,881,465,75.1957,76.1957,465,504,144
8ebdb0b3-2c32-494c-b6b3-b6162684d288,2026-10-10T06:11:01.881905+00:00,351,forecast,D,NS,0,0,4,67,76,4,0.0,0.1978,0.0,0.0,416,226.9772,881,465,75.1957,76.1957,465,504,144
8ebdb0b3-2c32-494c-b6b3-b6162684d288,2026-10-10T06:11:02.868068+00:00,352,forecast,A,NS,0,0,22,8,12,34,0.3993,0.0,0.0,0.3993,416,227.5142,883,467,75.9807,76.9807,467,506,144
8ebdb0b3-2c32-494c-b6b3-b6162684d288,2026-10-10T06:11:02.868068+00:00,352,forecast,B,EW,3,0,1,6,12,11,0.1996,0.5989,0.0,0.0,416,227.5142,883,467,75.9807,76.9807,467,506,144
8ebdb0b3-2c32-494c-b6b3-b6162684d288,2026-10-10T06:11:02.868068+00:00,352,forecast,C,EW,4,0,8,4,80,66,0.0,0.0,0.0,0.7986,416,227.5142,883,467,75.9807,76.9807,467,506,144
8ebdb0b3-2c32-494c-b6b3-b6162684d288,2026-10-10T06:11:02.868068+00:00,352,forecast,D,NS,6,0,4,67,76,5,0.0,0.1996,0.0,0.0,416,227.5142,883,467,75.9807,76.9807,467,506,144
8ebdb0b3-2c32-494c-b6b3-b6162684d288,2026-10-10T06:11:03.874676+00:00,353,forecast,A,CLEAR,0,1,22,9,12,35,0.4028,0.0,0.0,0.6042,417,228.051,886,469,76.7569,77.7569,469,507,144
8ebdb0b3-2c32-494c-b6b3-b6162684d288,2026-10-10T06:11:03.874676+00:00,353,forecast,B,EW,2,0,1,5,12,10,0.0,0.4028,0.0,0.0,417,228.051,886,469,76.7569,77.7569,469,507,144
8ebdb0b3-2c32-494c-b6b3-b6162684d288,2026-10-10T06:11:03.874676+00:00,353,forecast,C,EW,3,0,8,3,80,65,0.0,0.0,0.0,0.6042,417,228.051,886,469,76.7569,77.7569,469,507,144
8ebdb0b3-2c32-494c-b6b3-b6162684d288,2026-10-10T06:11:03.874676+00:00,353,forecast,D,NS,5,0,4,68,77,6,0.0,0.4028,0.2014,0.0,417,228.051,886,469,76.7569,77.7569,469,507,144
8ebdb0b3-2c32-494c-b6b3-b6162684d288,2026-10-10T06:11:04.844226+00:00,354,forecast,A,EW,4,0,23,9,12,35,0.605,0.0,0.0,0.8067,417,228.5847,889,472,77.4216,78.4216,472,508,144
8ebdb0b3-2c32-494c-b6b3-b6162684d288,2026-10-10T06:11:04.844226+00:00,354,forecast,B,EW,1,0,1,4,12,10,0.0,0.4033,0.0,0.0,417,228.5847,889,472,77.4216,78.4216,472,508,144
8ebdb0b3-2c32-494c-b6b3-b6162684d288,2026-10-10T06:11:04.844226+00:00,354,forecast,C,EW,2,0,8,2,80,64,0.0,0.0,0.0,0.2017,417,228.5847,889,472,77.4216,78.4216,472,508,144
8ebdb0b3-2c32-494c-b6b3-b6162684d288,2026-10-10T06:11:04.844226+00:00,354,forecast,D,NS,4,0,4,68,78,7,0.0,0.4033,0.4033,0.0,417,228.5847,889,472,77.4216,78.4216,472,508,144
8ebdb0b3-2c32-494c-b6b3-b6162684d288,2026-10-10T06:11:05.846434+00:00,355,forecast,A,EW,3,0,23,9,12,35,0.2015,0.0,0.0,1.0073,416,229.1127,891,475,77.6716,78.6716,475,509,144
8ebdb0b3-2c32-494c-b6b3-b6162684d288,2026-10-10T06:11:05.846434+00:00,355,forecast,B,EW,0,0,1,3,12,10,0.0,0.4029,0.0,0.0,416,229.1127,891,475,77.6716,78.6716,475,509,144
8ebdb0b3-2c32-494c-b6b3-b6162684d288,2026-10-10T06:11:05.846434+00:00,355,forecast,C,EW,1,0,9,1,80,64,0.0,0.0,0.0,0.2015,416,229.1127,891,475,77.6716,78.6716,475,509,144
8ebdb0b3-2c32-494c-b6b3-b6162684d288,2026-10-10T06:11:05.846434+00:00,355,forecast,D,NS,3,0,3,68,78,8,0.0,0.4029,0.4029,0.0,416,229.1127,891,475,77.6716,78.6716,475,509,144
8ebdb0b3-2c32-494c-b6b3-b6162684d288,2026-10-10T06:11:06.926544+00:00,356,forecast,A,EW,2,0,23,9,12,34,0.1994,0.0,0.0,0.7978,415,229.6348,894,479,77.7975,78.7975,479,510,144
8ebdb0b3-2c32-494c-b6b3-b6162684d288,2026-10-10T06:11:06.926544+00:00,356,forecast,B,EW,2,0,1,3,12,10,0.0,0.3989,0.0,0.0,415,229.6348,894,479,77.7975,78.7975,479,510,144
8ebdb0b3-2c32-494c-b6b3-b6162684d288,2026-10-10T06:11:06.926544+00:00,356,forecast,C,EW,0,0,9,0,80,63,0.0,0.0,0.0,0.1994,415,229.6348,894,479,77.7975,78.7975,479,510,144
8ebdb0b3-2c32-494c-b6b3-b6162684d288,2026-10-10T06:11:06.926544+00:00,356,forecast,D,NS,2,0,2,68,80,9,0.0,0.1994,0.7978,0.0,415,229.6348,894,479,77.7975,78.7975,479,510,144
8ebdb0b3-2c32-494c-b6b3-b6162684d288,2026-10-10T06:11:07.850621+00:00,357,forecast,A,EW,1,0,24,9,12,34,0.3954,0.0,0.0,0.7908,417,230.1597,897,480,77.675,78.675,480,511,144
8ebdb0b3-2c32-494c-b6b3-b6162684d288,2026-10-10T06:11:07.850621+00:00,357,forecast,B,EW,1,0,1,2,12,10,0.0,0.1977,0.0,0.0,417,230.1597,897,480,77.675,78.675,480,511,144
8ebdb0b3-2c32-494c-b6b3-b6162684d288,2026-10-10T06:11:07.850621+00:00,357,forecast,C,CLEAR,0,1,10,0,80,63,0.0,0.0,0.0,0.1977,417,230.1597,897,480,77.675,78.675,480,511,144
8ebdb0b3-2c32-494c-b6b3-b6162684d288,2026-10-10T06:11:07.850621+00:00,357,forecast,D,NS,1,0,2,69,80,9,0.0,0.3954,0.7908,0.0,417,230.1597,897,480,77.675,78.675,480,511,144
8ebdb0b3-2c32-494c-b6b3-b6162684d288,2026-10-10T06:11:08.839648+00:00,358,forecast,A,EW,0,0,24,9,12,34,0.3969,0.0,0.0,0.7938,416,230.6788,899,483,77.4886,78.4886,483,513,144
8ebdb0b3-2c32-494c-b6b3-b6162684d288,2026-10-10T06:11:08.839648+00:00,358,forecast,B,EW,0,0,2,1,12,10,0.1985,0.1985,0.0,0.0,416,230.6788,899,483,77.4886,78.4886,483,513,144
8ebdb0b3-2c32-494c-b6b3-b6162684d288,2026-10-10T06:11:08.839648+00:00,358,forecast,C,NS,6,0,10,0,80,63,0.0,0.0,0.0,0.1985,416,230.6788,899,483,77.4886,78.4886,483,513,144
8ebdb0b3-2c32-494c-b6b3-b6162684d288,2026-10-10T06:11:08.839648+00:00,358,forecast,D,NS,0,0,1,69,80,9,0.0,0.1985,0.5954,0.0,416,230.6788,899,483,77.4886,78.4886,483,513,144
8ebdb0b3-2c32-494c-b6b3-b6162684d288,2026-10-10T06:11:09.868535+00:00,359,forecast,A,EW,5,0,24,8,12,34,0.2007,0.0,0.0,0.8026,416,231.195,901,485,77.2804,78.2804,485,515,144
8ebdb0b3-2c32-494c-b6b3-b6162684d288,2026-10-10T06:11:09.868535+00:00,359,forecast,B,CLEAR,0,1,3,1,12,11,0.4013,0.2007,0.0,0.0,416,231.195,901,485,77.2804,78.2804,485,515,144
8ebdb0b3-2c32-494c-b6b3-b6162684d288,2026-10-10T06:11:09.868535+00:00,359,forecast,C,NS,5,0,9,0,80,63,0.0,0.0,0.0,0.2007,416,231.195,901,485,77.2804,78.2804,485,515,144
8ebdb0b3-2c32-494c-b6b3-b6162684d288,2026-10-10T06:11:09.868535+00:00,359,forecast,D,NS,6,0,1,69,80,9,0.0,0.2007,0.4013,0.0,416,231.195,901,485,77.2804,78.2804,485,515,144
8ebdb0b3-2c32-494c-b6b3-b6162684d288,2026-10-10T06:11:10.842283+00:00,360,forecast,A,EW,4,0,25,7,12,33,0.4045,0.0,0.0,0.6067,415,231.7056,903,488,77.2684,78.2684,488,516,144
8ebdb0b3-2c32-494c-b6b3-b6162684d288,2026-10-10T06:11:10.842283+00:00,360,forecast,B,NS,2,0,2,2,12,12,0.4045,0.4045,0.0,0.0,415,231.7056,903,488,77.2684,78.2684,488,516,144
8ebdb0b3-2c32-494c-b6b3-b6162684d288,2026-10-10T06:11:10.842283+00:00,360,forecast,C,NS,4,0,8,0,80,63,0.0,0.0,0.0,0.0,415,231.7056,903,488,77.2684,78.2684,488,516,144
8ebdb0b3-2c32-494c-b6b3-b6162684d288,2026-10-10T06:11:10.842283+00:00,360,forecast,D,NS,5,0,2,69,79,9,0.0,0.2022,0.4045,0.0,415,231.7056,903,488,77.2684,78.2684,488,516,144
8ebdb0b3-2c32-494c-b6b3-b6162684d288,2026-10-10T06:11:11.823513+00:00,361,forecast,A,EW,3,0,25,6,12,35,0.4035,0.0,0.0,1.0088,414,232.2105,905,491,77.5092,78.5092,491,518,144
8ebdb0b3-2c32-494c-b6b3-b6162684d288,2026-10-10T06:11:11.823513+00:00,361,forecast,B,NS,1,0,1,2,12,12,0.4035,0.2018,0.0,0.0,414,232.2105,905,491,77.5092,78.5092,491,518,144
8ebdb0b3-2c32-494c-b6b3-b6162684d288,2026-10-10T06:11:11.823513+00:00,361,forecast,C,NS,3,0,7,0,80,63,0.0,0.0,0.0,0.0,414,232.2105,905,491,77.5092,78.5092,491,518,144
8ebdb0b3-2c32-494c-b6b3-b6162684d288,2026-10-10T06:11:11.823513+00:00,361,forecast,D,NS,4,0,3,69,78,9,0.0,0.2018,0.0,0.0,414,232.2105,905,491,77.5092,78.5092,491,518,144
8ebdb0b3-2c32-494c-b6b3-b6162684d288,2026-10-10T06:11:12.838922+00:00,362,forecast,A,EW,2,0,25,5,12,35,0.1998,0.0,0.0,0.799,413,232.7099,906,493,77.8621,78.8621,493,520,144
8ebdb0b3-2c32-494c-b6b3-b6162684d288,2026-10-10T06:11:12.838922+00:00,362,forecast,B,NS,0,0,0,2,12,12,0.3995,0.1998,0.0,0.0,413,232.7099,906,493,77.8621,78.8621,493,520,144
8ebdb0b3-2c32-494c-b6b3-b6162684d288,2026-10-10T06:11:12.838922+00:00,362,forecast,C,NS,2,0,7,0,80,63,0.0,0.0,0.0,0.0,413,232.7099,906,493,77.8621,78.8621,493,520,144
8ebdb0b3-2c32-494c-b6b3-b6162684d288,2026-10-10T06:11:12.838922+00:00,362,forecast,D,NS,3,0,4,69,78,9,0.0,0.0,0.1998,0.0,413,232.7099,906,493,77.8621,78.8621,493,520,144
8ebdb0b3-2c32-494c-b6b3-b6162684d288,2026-10-10T06:11:13.834887+00:00,363,forecast,A,EW,1,0,25,4,12,36,0.1982,0.0,0.0,0.793,413,233.2066,908,495,77.8929,78.8929,495,523,144
8ebdb0b3-2c32-494c-b6b3-b6162684d288,2026-10-10T06:11:13.834887+00:00,363,forecast,B,CLEAR,0,1,0,2,12,12,0.1982,0.1982,0.0,0.0,413,233.2066,908,495,77.8929,78.8929,495,523,144
8ebdb0b3-2c32-494c-b6b3-b6162684d288,2026-10-10T06:11:13.834887+00:00,363,forecast,C,NS,1,0,6,0,80,64,0.0,0.0,0.0,0.1982,413,233.2066,908,495,77.8929,78.8929,495,523,144
8ebdb0b3-2c32-494c-b6b3-b6162684d288,2026-10-10T06:11:13.834887+00:00,363,forecast,D,NS,2,0,4,69,78,9,0.0,0.0,0.1982,0.0,413,233.2066,908,495,77.8929,78.8929,495,523,144
8ebdb0b3-2c32-494c-b6b3-b6162684d288,2026-10-10T06:11:14.834978+00:00,364,forecast,A,EW,0,0,25,4,12,36,0.1976,0.0,0.0,0.5929,412,233.6978,909,497,77.9235,78.9235,497,526,144
8ebdb0b3-2c32-494c-b6b3-b6162684d288,2026-10-10T06:11:14.834978+00:00,364,forecast,B,EW,2,0,0,2,12,11,0.0,0.3953,0.0,0.0,412,233.6978,909,497,77.9235,78.9235,497,526,144
8ebdb0b3-2c32-494c-b6b3-b6162684d288,2026-10-10T06:11:14.834978+00:00,364,forecast,C,NS,0,0,5,0,80,64,0.0,0.0,0.0,0.1976,412,233.6978,909,497,77.9235,78.9235,497,526,144
8ebdb0b3-2c32-494c-b6b3-b6162684d288,2026-10-10T06:11:14.834978+00:00,364,forecast,D,NS,1,0,5,69,78,9,0.0,0.0,0.1976,0.0,412,233.6978,909,497,77.9235,78.9235,497,526,144
8ebdb0b3-2c32-494c-b6b3-b6162684d288,2026-10-10T06:11:15.839823+00:00,365,forecast,A,EW,4,0,25,4,12,35,0.0,0.0,0.0,0.5996,411,234.1836,912,501,78.022,79.022,501,528,144
8ebdb0b3-2c32-494c-b6b3-b6162684d288,2026-10-10T06:11:15.839823+00:00,365,forecast,B,EW,1,0,0,4,12,11,0.0,0.7994,0.0,0.0,411,234.1836,912,501,78.022,79.022,501,528,144
8ebdb0b3-2c32-494c-b6b3-b6162684d288,2026-10-10T06:11:15.839823+00:00,365,forecast,C,NS,6,0,4,0,80,64,0.0,0.0,0.0,0.1999,411,234.1836,912,501,78.022,79.022,501,528,144
8ebdb0b3-2c32-494c-b6b3-b6162684d288,2026-10-10T06:11:15.839823+00:00,365,forecast,D,NS,0,0,4,69,78,9,0.0,0.0,0.1999,0.0,411,234.1836,912,501,78.022,79.022,501,528,144
8ebdb0b3-2c32-494c-b6b3-b6162684d288,2026-10-10T06:11:16.834466+00:00,366,forecast,A,EW,3,0,25,3,12,36,0.0,0.0,0.0,0.6043,412,234.6694,915,503,77.9662,78.9662,503,530,144
8ebdb0b3-2c32-494c-b6b3-b6162684d288,2026-10-10T06:11:16.834466+00:00,366,forecast,B,EW,0,0,1,4,12,11,0.2014,0.8057,0.0,0.0,412,234.6694,915,503,77.9662,78.9662,503,530,144
8ebdb0b3-2c32-494c-b6b3-b6162684d288,2026-10-10T06:11:16.834466+00:00,366,forecast,C,NS,5,0,4,0,80,64,0.0,0.0,0.0,0.2014,412,234.6694,915,503,77.9662,78.9662,503,530,144
8ebdb0b3-2c32-494c-b6b3-b6162684d288,2026-10-10T06:11:16.834466+00:00,366,forecast,D,NS,6,0,4,69,78,9,0.0,0.0,0.2014,0.0,412,234.6694,915,503,77.9662,78.9662,503,530,144
8ebdb0b3-2c32-494c-b6b3-b6162684d288,2026-10-10T06:11:17.823356+00:00,367,forecast,A,EW,2,0,25,3,12,35,0.0,0.0,0.0,0.6051,412,235.1526,917,505,77.7485,78.7485,505,532,144
8ebdb0b3-2c32-494c-b6b3-b6162684d288,2026-10-10T06:11:17.823356+00:00,367,forecast,B,EW,3,0,1,3,12,11,0.2017,0.8068,0.0,0.0,412,235.1526,917,505,77.7485,78.7485,505,532,144
8ebdb0b3-2c32-494c-b6b3-b6162684d288,2026-10-10T06:11:17.823356+00:00,367,forecast,C,NS,4,0,3,0,80,64,0.0,0.0,0.0,0.2017,412,235.1526,917,505,77.7485,78.7485,505,532,144
8ebdb0b3-2c32-494c-b6b3-b6162684d288,2026-10-10T06:11:17.823356+00:00,367,forecast,D,NS,5,0,5,70,79,9,0.0,0.2017,0.2017,0.0,412,235.1526,917,505,77.7485,78.7485,505,532,144
8ebdb0b3-2c32-494c-b6b3-b6162684d288,2026-10-10T06:11:18.836327+00:00,368,forecast,A,EW,1,0,25,4,12,34,0.0,0.0,0.0,0.4022,412,235.6332,920,508,77.565,78.565,508,534,144
8ebdb0b3-2c32-494c-b6b3-b6162684d288,2026-10-10T06:11:18.836327+00:00,368,forecast,B,EW,2,0,1,4,12,11,0.2011,1.2067,0.0,0.0,412,235.6332,920,508,77.565,78.565,508,534,144
8ebdb0b3-2c32-494c-b6b3-b6162684d288,2026-10-10T06:11:18.836327+00:00,368,forecast,C,NS,3,0,2,0,80,64,0.0,0.0,0.0,0.0,412,235.6332,920,508,77.565,78.565,508,534,144
8ebdb0b3-2c32-494c-b6b3-b6162684d288,2026-10-10T06:11:18.836327+00:00,368,forecast,D,NS,4,0,4,70,80,9,0.0,0.2011,0.4022,0.0,412,235.6332,920,508,77.565,78.565,508,534,144
8ebdb0b3-2c32-494c-b6b3-b6162684d288,2026-10-10T06:11:19.836775+00:00,369,forecast,A,EW,0,0,25,5,12,33,0.0,0.0,0.0,0.398,411,236.1084,920,509,77.4342,78.4342,509,536,144
8ebdb0b3-2c32-494c-b6b3-b6162684d288,2026-10-10T06:11:19.836775+00:00,369,forecast,B,EW,1,0,1,3,12,11,0.199,1.1939,0.0,0.0,411,236.1084,920,509,77.4342,78.4342,509,536,144
8ebdb0b3-2c32-494c-b6b3-b6162684d288,2026-10-10T06:11:19.836775+00:00,369,forecast,C,NS,2,0,2,0,80,64,0.0,0.0,0.0,0.0,411,236.1084,920,509,77.4342,78.4342,509,536,144
8ebdb0b3-2c32-494c-b6b3-b6162684d288,2026-10-10T06:11:19.836775+00:00,369,forecast,D,NS,3,0,4,70,80,9,0.0,0.199,0.398,0.0,411,236.1084,920,509,77.4342,78.4342,509,536,144
8ebdb0b3-2c32-494c-b6b3-b6162684d288,2026-10-10T06:11:20.825638+00:00,370,forecast,A,EW,4,0,25,6,12,32,0.0,0.0,0.0,0.3959,409,236.5757,920,511,77.2055,78.2055,511,538,144
8ebdb0b3-2c32-494c-b6b3-b6162684d288,2026-10-10T06:11:20.825638+00:00,370,forecast,B,EW,0,0,1,2,12,11,0.198,1.1878,0.0,0.0,409,236.5757,920,511,77.2055,78.2055,511,538,144
8ebdb0b3-2c32-494c-b6b3-b6162684d288,2026-10-10T06:11:20.825638+00:00,370,forecast,C,NS,1,0,1,0,80,64,0.0,0.0,0.0,0.0,409,236.5757,920,511,77.2055,78.2055,511,538,144
8ebdb0b3-2c32-494c-b6b3-b6162684d288,2026-10-10T06:11:20.825638+00:00,370,forecast,D,NS,2,0,4,70,80,9,0.0,0.198,0.3959,0.0,409,236.5757,920,511,77.2055,78.2055,511,538,144
8ebdb0b3-2c32-494c-b6b3-b6162684d288,2026-10-10T06:11:21.828142+00:00,371,forecast,A,EW,3,0,25,7,12,31,0.0,0.0,0.0,0.3975,409,237.0404,920,511,77.2055,78.2055,511,540,144
8ebdb0b3-2c32-494c-b6b3-b6162684d288,2026-10-10T06:11:21.828142+00:00,371,forecast,B,EW,3,0,1,1,12,11,0.1988,1.1925,0.0,0.0,409,237.0404,920,511,77.2055,78.2055,511,540,144
8ebdb0b3-2c32-494c-b6b3-b6162684d288,2026-10-10T06:11:21.828142+00:00,371,forecast,C,NS,0,0,1,0,80,64,0.0,0.0,0.0,0.0,409,237.0404,920,511,77.2055,78.2055,511,540,144
8ebdb0b3-2c32-494c-b6b3-b6162684d288,2026-10-10T06:11:21.828142+00:00,371,forecast,D,NS,1,0,5,70,80,9,0.0,0.1988,0.3975,0.0,409,237.0404,920,511,77.2055,78.2055,511,540,144
8ebdb0b3-2c32-494c-b6b3-b6162684d288,2026-10-10T06:11:22.839010+00:00,372,forecast,A,EW,2,0,25,7,12,30,0.0,0.0,0.0,0.402,407,237.4973,920,513,77.1345,78.1345,513,542,144
8ebdb0b3-2c32-494c-b6b3-b6162684d288,2026-10-10T06:11:22.839010+00:00,372,forecast,B,EW,2,0,1,0,12,11,0.201,1.206,0.0,0.0,407,237.4973,920,513,77.1345,78.1345,513,542,144
8ebdb0b3-2c32-494c-b6b3-b6162684d288,2026-10-10T06:11:22.839010+00:00,372,forecast,C,NS,6,0,1,0,80,64,0.0,0.0,0.0,0.0,407,237.4973,920,513,77.1345,78.1345,513,542,144
8ebdb0b3-2c32-494c-b6b3-b6162684d288,2026-10-10T06:11:22.839010+00:00,372,forecast,D,NS,0,0,5,70,80,9,0.0,0.201,0.402,0.0,407,237.4973,920,513,77.1345,78.1345,513,542,144
8ebdb0b3-2c32-494c-b6b3-b6162684d288,2026-10-10T06:11:23.823703+00:00,373,forecast,A,EW,1,0,25,6,12,29,0.0,0.0,0.0,0.4032,406,237.9491,920,514,77.0097,78.0097,514,544,144
8ebdb0b3-2c32-494c-b6b3-b6162684d288,2026-10-10T06:11:23.823703+00:00,373,forecast,B,EW,1,0,1,0,12,11,0.2016,1.2097,0.0,0.0,406,237.9491,920,514,77.0097,78.0097,514,544,144
8ebdb0b3-2c32-494c-b6b3-b6162684d288,2026-10-10T06:11:23.823703+00:00,373,forecast,C,NS,5,0,1,0,80,64,0.0,0.0,0.0,0.0,406,237.9491,920,514,77.0097,78.0097,514,544,144
8ebdb0b3-2c32-494c-b6b3-b6162684d288,2026-10-10T06:11:23.823703+00:00,373,forecast,D,NS,6,0,6,70,80,9,0.0,0.2016,0.4032,0.0,406,237.9491,920,514,77.0097,78.0097,514,544,144
8ebdb0b3-2c32-494c-b6b3-b6162684d288,2026-10-10T06:11:24.862561+00:00,374,forecast,A,EW,0,0,25,6,12,28,0.0,0.0,0.0,0.4001,404,238.393,920,516,76.9264,77.9264,516,546,144
8ebdb0b3-2c32-494c-b6b3-b6162684d288,2026-10-10T06:11:24.862561+00:00,374,forecast,B,EW,0,0,1,0,12,11,0.2,1.2002,0.0,0.0,404,238.393,920,516,76.9264,77.9264,516,546,144
8ebdb0b3-2c32-494c-b6b3-b6162684d288,2026-10-10T06:11:24.862561+00:00,374,forecast,C,NS,4,0,0,0,80,64,0.0,0.0,0.0,0.0,404,238.393,920,516,76.9264,77.9264,516,546,144
8ebdb0b3-2c32-494c-b6b3-b6162684d288,2026-10-10T06:11:24.862561+00:00,374,forecast,D,NS,5,0,6,70,80,9,0.0,0.2,0.4001,0.0,404,238.393,920,516,76.9264,77.9264,516,546,144
8ebdb0b3-2c32-494c-b6b3-b6162684d288,2026-10-10T06:11:25.853013+00:00,375,forecast,A,EW,4,0,25,5,12,27,0.0,0.0,0.0,0.3983,402,238.8293,920,518,76.8417,77.8417,518,548,144
8ebdb0b3-2c32-494c-b6b3-b6162684d288,2026-10-10T06:11:25.853013+00:00,375,forecast,B,EW,3,0,1,0,12,11,0.1992,1.1949,0.0,0.0,402,238.8293,920,518,76.8417,77.8417,518,548,144
8ebdb0b3-2c32-494c-b6b3-b6162684d288,2026-10-10T06:11:25.853013+00:00,375,forecast,C,NS,3,0,0,0,80,64,0.0,0.0,0.0,0.0,402,238.8293,920,518,76.8417,77.8417,518,548,144
8ebdb0b3-2c32-494c-b6b3-b6162684d288,2026-10-10T06:11:25.853013+00:00,375,forecast,D,NS,4,0,6,70,80,9,0.0,0.1992,0.3983,0.0,402,238.8293,920,518,76.8417,77.8417,518,548,144
8ebdb0b3-2c32-494c-b6b3-b6162684d288,2026-10-10T06:11:26.923674+00:00,376,forecast,A,EW,3,0,25,4,12,26,0.0,0.0,0.0,0.3978,401,239.2606,920,519,76.7148,77.7148,519,550,144
8ebdb0b3-2c32-494c-b6b3-b6162684d288,2026-10-10T06:11:26.923674+00:00,376,forecast,B,EW,2,0,1,0,12,11,0.1989,1.1934,0.0,0.0,401,239.2606,920,519,76.7148,77.7148,519,550,144
8ebdb0b3-2c32-494c-b6b3-b6162684d288,2026-10-10T06:11:26.923674+00:00,376,forecast,C,NS,2,0,0,0,80,64,0.0,0.0,0.0,0.0,401,239.2606,920,519,76.7148,77.7148,519,550,144
8ebdb0b3-2c32-494c-b6b3-b6162684d288,2026-10-10T06:11:26.923674+00:00,376,forecast,D,NS,3,0,7,70,80,9,0.0,0.1989,0.3978,0.0,401,239.2606,920,519,76.7148,77.7148,519,550,144
8ebdb0b3-2c32-494c-b6b3-b6162684d288,2026-10-10T06:11:27.824836+00:00,377,forecast,A,EW,2,0,25,3,12,25,0.0,0.0,0.0,0.3984,398,239.6817,920,522,76.6437,77.6437,522,552,144
8ebdb0b3-2c32-494c-b6b3-b6162684d288,2026-10-10T06:11:27.824836+00:00,377,forecast,B,EW,1,0,1,0,12,11,0.1992,1.1953,0.0,0.0,398,239.6817,920,522,76.6437,77.6437,522,552,144
8ebdb0b3-2c32-494c-b6b3-b6162684d288,2026-10-10T06:11:27.824836+00:00,377,forecast,C,NS,1,0,0,0,80,64,0.0,0.0,0.0,0.0,398,239.6817,920,522,76.6437,77.6437,522,552,144
8ebdb0b3-2c32-494c-b6b3-b6162684d288,2026-10-10T06:11:27.824836+00:00,377,forecast,D,NS,2,0,6,70,80,9,0.0,0.1992,0.3984,0.0,398,239.6817,920,522,76.6437,77.6437,522,552,144
8ebdb0b3-2c32-494c-b6b3-b6162684d288,2026-10-10T06:11:28.823741+00:00,378,forecast,A,EW,1,0,25,2,12,24,0.0,0.0,0.0,0.4001,396,240.0952,920,524,76.5553,77.5553,524,554,144
8ebdb0b3-2c32-494c-b6b3-b6162684d288,2026-10-10T06:11:28.823741+00:00,378,forecast,B,EW,0,0,1,0,12,11,0.2,1.2003,0.0,0.0,396,240.0952,920,524,76.5553,77.5553,524,554,144
8ebdb0b3-2c32-494c-b6b3-b6162684d288,2026-10-10T06:11:28.823741+00:00,378,forecast,C,NS,0,0,0,0,80,64,0.0,0.0,0.0,0.0,396,240.0952,920,524,76.5553,77.5553,524,554,144
8ebdb0b3-2c32-494c-b6b3-b6162684d288,2026-10-10T06:11:28.823741+00:00,378,forecast,D,NS,1,0,6,70,80,9,0.0,0.2,0.4001,0.0,396,240.0952,920,524,76.5553,77.5553,524,554,144
8ebdb0b3-2c32-494c-b6b3-b6162684d288,2026-10-10T06:11:29.827706+00:00,379,forecast,A,EW,0,0,25,1,12,23,0.0,0.0,0.0,0.4032,394,240.5013,920,526,76.6084,77.6084,526,556,144
8ebdb0b3-2c32-494c-b6b3-b6162684d288,2026-10-10T06:11:29.827706+00:00,379,forecast,B,EW,3,0,1,0,12,11,0.2016,1.2096,0.0,0.0,394,240.5013,920,526,76.6084,77.6084,526,556,144
8ebdb0b3-2c32-494c-b6b3-b6162684d288,2026-10-10T06:11:29.827706+00:00,379,forecast,C,NS,5,0,1,0,80,64,0.0,0.0,0.0,0.0,394,240.5013,920,526,76.6084,77.6084,526,556,144
8ebdb0b3-2c32-494c-b6b3-b6162684d288,2026-10-10T06:11:29.827706+00:00,379,forecast,D,NS,0,0,5,70,80,9,0.0,0.2016,0.4032,0.0,394,240.5013,920,526,76.6084,77.6084,526,556,144
8ebdb0b3-2c32-494c-b6b3-b6162684d288,2026-10-10T06:11:30.842277+00:00,380,forecast,A,CLEAR,0,1,25,1,12,23,0.0,0.0,0.0,0.4018,393,240.9026,920,527,76.6433,77.6433,527,558,144
8ebdb0b3-2c32-494c-b6b3-b6162684d288,2026-10-10T06:11:30.842277+00:00,380,forecast,B,EW,2,0,1,0,12,10,0.2009,1.2055,0.0,0.0,393,240.9026,920,527,76.6433,77.6433,527,558,144
8ebdb0b3-2c32-494c-b6b3-b6162684d288,2026-10-10T06:11:30.842277+00:00,380,forecast,C,NS,4,0,1,0,80,64,0.0,0.0,0.0,0.0,393,240.9026,920,527,76.6433,77.6433,527,558,144
8ebdb0b3-2c32-494c-b6b3-b6162684d288,2026-10-10T06:11:30.842277+00:00,380,forecast,D,NS,6,0,5,70,80,9,0.0,0.2009,0.4018,0.0,393,240.9026,920,527,76.6433,77.6433,527,558,144
8ebdb0b3-2c32-494c-b6b3-b6162684d288,2026-10-10T06:11:32.539978+00:00,381,forecast,A,NS,3,0,24,1,12,23,0.0,0.0,0.0,0.398,391,241.2966,920,529,76.6711,77.6711,529,559,144
8ebdb0b3-2c32-494c-b6b3-b6162684d288,2026-10-10T06:11:32.539978+00:00,381,forecast,B,EW,1,0,1,0,12,10,0.199,1.194,0.0,0.0,391,241.2966,920,529,76.6711,77.6711,529,559,144
8ebdb0b3-2c32-494c-b6b3-b6162684d288,2026-10-10T06:11:32.539978+00:00,381,forecast,C,NS,3,0,2,0,79,64,0.0,0.0,0.0,0.0,391,241.2966,920,529,76.6711,77.6711,529,559,144
8ebdb0b3-2c32-494c-b6b3-b6162684d288,2026-10-10T06:11:32.539978+00:00,381,forecast,D,NS,5,0,4,70,80,9,0.0,0.199,0.398,0.0,391,241.2966,920,529,76.6711,77.6711,529,559,144
8ebdb0b3-2c32-494c-b6b3-b6162684d288,2026-10-10T06:11:32.833142+00:00,382,forecast,A,NS,2,0,23,1,12,23,0.0,0.0,0.0,0.3981,391,241.6885,920,529,76.6711,77.6711,529,560,144
8ebdb0b3-2c32-494c-b6b3-b6162684d288,2026-10-10T06:11:32.833142+00:00,382,forecast,B,EW,0,0,1,0,12,10,0.199,1.1942,0.0,0.0,391,241.6885,920,529,76.6711,77.6711,529,560,144
8ebdb0b3-2c32-494c-b6b3-b6162684d288,2026-10-10T06:11:32.833142+00:00,382,forecast,C,NS,2,0,3,0,78,64,0.0,0.0,0.0,0.0,391,241.6885,920,529,76.6711,77.6711,529,560,144
8ebdb0b3-2c32-494c-b6b3-b6162684d288,2026-10-10T06:11:32.833142+00:00,382,forecast,D,NS,4,0,5,70,80,9,0.0,0.199,0.3981,0.0,391,241.6885,920,529,76.6711,77.6711,529,560,144
8ebdb0b3-2c32-494c-b6b3-b6162684d288,2026-10-10T06:11:33.841208+00:00,383,forecast,A,NS,1,0,22,1,12,23,0.0,0.0,0.0,0.3983,389,242.0731,920,531,76.7006,77.7006,531,561,144
8ebdb0b3-2c32-494c-b6b3-b6162684d288,2026-10-10T06:11:33.841208+00:00,383,forecast,B,EW,3,0,1,0,12,10,0.1991,1.1949,0.0,0.0,389,242.0731,920,531,76.7006,77.7006,531,561,144
8ebdb0b3-2c32-494c-b6b3-b6162684d288,2026-10-10T06:11:33.841208+00:00,383,forecast,C,NS,1,0,4,0,77,64,0.0,0.0,0.0,0.0,389,242.0731,920,531,76.7006,77.7006,531,561,144
8ebdb0b3-2c32-494c-b6b3-b6162684d288,2026-10-10T06:11:33.841208+00:00,383,forecast,D,NS,3,0,4,70,80,9,0.0,0.1991,0.3983,0.0,389,242.0731,920,531,76.7006,77.7006,531,561,144
8ebdb0b3-2c32-494c-b6b3-b6162684d288,2026-10-10T06:11:34.829280+00:00,384,forecast,A,NS,0,0,21,1,12,23,0.0,0.0,0.0,0.4017,386,242.4479,920,534,77.1236,78.1236,534,562,144
8ebdb0b3-2c32-494c-b6b3-b6162684d288,2026-10-10T06:11:34.829280+00:00,384,forecast,B,EW,2,0,1,0,12,9,0.2009,1.2052,0.0,0.0,386,242.4479,920,534,77.1236,78.1236,534,562,144
8ebdb0b3-2c32-494c-b6b3-b6162684d288,2026-10-10T06:11:34.829280+00:00,384,forecast,C,NS,0,0,5,0,76,64,0.0,0.0,0.0,0.0,386,242.4479,920,534,77.1236,78.1236,534,562,144
8ebdb0b3-2c32-494c-b6b3-b6162684d288,2026-10-10T06:11:34.829280+00:00,384,forecast,D,NS,2,0,3,70,80,9,0.0,0.2009,0.4017,0.0,386,242.4479,920,534,77.1236,78.1236,534,562,144
8ebdb0b3-2c32-494c-b6b3-b6162684d288,2026-10-10T06:11:35.830569+00:00,385,forecast,A,CLEAR,0,1,21,1,12,23,0.0,0.0,0.0,0.4032,385,242.8182,920,535,77.114,78.114,535,564,144
8ebdb0b3-2c32-494c-b6b3-b6162684d288,2026-10-10T06:11:35.830569+00:00,385,forecast,B,EW,1,0,1,0,12,8,0.2016,1.2097,0.0,0.0,385,242.8182,920,535,77.114,78.114,535,564,144
8ebdb0b3-2c32-494c-b6b3-b6162684d288,2026-10-10T06:11:35.830569+00:00,385,forecast,C,NS,6,0,5,0,76,64,0.0,0.0,0.0,0.0,385,242.8182,920,535,77.114,78.114,535,564,144
8ebdb0b3-2c32-494c-b6b3-b6162684d288,2026-10-10T06:11:35.830569+00:00,385,forecast,D,NS,1,0,3,70,80,9,0.0,0.2016,0.4032,0.0,385,242.8182,920,535,77.114,78.114,535,564,144
8ebdb0b3-2c32-494c-b6b3-b6162684d288,2026-10-10T06:11:36.860791+00:00,386,forecast,A,EW,3,0,21,0,12,22,0.0,0.0,0.0,0.4028,383,243.1813,920,537,77.0372,78.0372,537,566,144
8ebdb0b3-2c32-494c-b6b3-b6162684d288,2026-10-10T06:11:36.860791+00:00,386,forecast,B,EW,0,0,1,0,12,8,0.2014,1.2083,0.0,0.0,383,243.1813,920,537,77.0372,78.0372,537,566,144
8ebdb0b3-2c32-494c-b6b3-b6162684d288,2026-10-10T06:11:36.860791+00:00,386,forecast,C,NS,5,0,5,0,76,64,0.0,0.0,0.0,0.0,383,243.1813,920,537,77.0372,78.0372,537,566,144
8ebdb0b3-2c32-494c-b6b3-b6162684d288,2026-10-10T06:11:36.860791+00:00,386,forecast,D,NS,0,0,3,70,80,9,0.0,0.2014,0.4028,0.0,383,243.1813,920,537,77.0372,78.0372,537,566,144
8ebdb0b3-2c32-494c-b6b3-b6162684d288,2026-10-10T06:11:37.830590+00:00,387,forecast,A,EW,2,0,21,0,12,21,0.0,0.0,0.0,0.3992,382,243.5401,920,538,76.9294,77.9294,538,568,144
8ebdb0b3-2c32-494c-b6b3-b6162684d288,2026-10-10T06:11:37.830590+00:00,387,forecast,B,EW,3,0,1,0,12,8,0.1996,1.1977,0.0,0.0,382,243.5401,920,538,76.9294,77.9294,538,568,144
8ebdb0b3-2c32-494c-b6b3-b6162684d288,2026-10-10T06:11:37.830590+00:00,387,forecast,C,NS,4,0,4,0,76,64,0.0,0.0,0.0,0.0,382,243.5401,920,538,76.9294,77.9294,538,568,144
8ebdb0b3-2c32-494c-b6b3-b6162684d288,2026-10-10T06:11:37.830590+00:00,387,forecast,D,NS,6,0,4,70,80,9,0.0,0.1996,0.3992,0.0,382,243.5401,920,538,76.9294,77.9294,538,568,144
8ebdb0b3-2c32-494c-b6b3-b6162684d288,2026-10-10T06:11:38.836576+00:00,388,forecast,A,EW,1,0,21,0,12,20,0.0,0.0,0.0,0.3978,380,243.8918,920,540,76.9315,77.9315,540,570,144
8ebdb0b3-2c32-494c-b6b3-b6162684d288,2026-10-10T06:11:38.836576+00:00,388,forecast,B,EW,2,0,1,0,12,8,0.1989,1.1934,0.0,0.0,380,243.8918,920,540,76.9315,77.9315,540,570,144
8ebdb0b3-2c32-494c-b6b3-b6162684d288,2026-10-10T06:11:38.836576+00:00,388,forecast,C,NS,3,0,4,0,76,64,0.0,0.0,0.0,0.0,380,243.8918,920,540,76.9315,77.9315,540,570,144
8ebdb0b3-2c32-494c-b6b3-b6162684d288,2026-10-10T06:11:38.836576+00:00,388,forecast,D,NS,5,0,3,70,80,9,0.0,0.1989,0.3978,0.0,380,243.8918,920,540,76.9315,77.9315,540,570,144
8ebdb0b3-2c32-494c-b6b3-b6162684d288,2026-10-10T06:11:39.828755+00:00,389,forecast,A,EW,0,0,21,0,12,19,0.0,0.0,0.0,0.3966,379,244.2391,920,541,77.1109,78.1109,541,572,144
8ebdb0b3-2c32-494c-b6b3-b6162684d288,2026-10-10T06:11:39.828755+00:00,389,forecast,B,EW,1,0,1,0,12,8,0.1983,1.1897,0.0,0.0,379,244.2391,920,541,77.1109,78.1109,541,572,144
8ebdb0b3-2c32-494c-b6b3-b6162684d288,2026-10-10T06:11:39.828755+00:00,389,forecast,C,NS,2,0,3,0,76,64,0.0,0.0,0.0,0.0,379,244.2391,920,541,77.1109,78.1109,541,572,144
8ebdb0b3-2c32-494c-b6b3-b6162684d288,2026-10-10T06:11:39.828755+00:00,389,forecast,D,NS,4,0,4,70,80,9,0.0,0.1983,0.3966,0.0,379,244.2391,920,541,77.1109,78.1109,541,572,144
8ebdb0b3-2c32-494c-b6b3-b6162684d288,2026-10-10T06:11:40.831306+00:00,390,forecast,A,CLEAR,0,1,21,0,12,19,0.0,0.0,0.0,0.4001,377,244.5795,921,544,77.2371,78.2371,544,574,144
8ebdb0b3-2c32-494c-b6b3-b6162684d288,2026-10-10T06:11:40.831306+00:00,390,forecast,B,EW,0,0,1,0,12,7,0.2001,1.0003,0.0,0.0,377,244.5795,921,544,77.2371,78.2371,544,574,144
8ebdb0b3-2c32-494c-b6b3-b6162684d288,2026-10-10T06:11:40.831306+00:00,390,forecast,C,NS,1,0,2,0,77,64,0.0,0.0,0.2001,0.0,377,244.5795,921,544,77.2371,78.2371,544,574,144
8ebdb0b3-2c32-494c-b6b3-b6162684d288,2026-10-10T06:11:40.831306+00:00,390,forecast,D,NS,3,0,3,70,80,9,0.0,0.2001,0.4001,0.0,377,244.5795,921,544,77.2371,78.2371,544,574,144
8ebdb0b3-2c32-494c-b6b3-b6162684d288,2026-10-10T06:11:41.823623+00:00,391,forecast,A,NS,3,0,20,0,12,19,0.0,0.0,0.0,0.4032,376,244.9156,921,545,77.3853,78.3853,545,575,144
8ebdb0b3-2c32-494c-b6b3-b6162684d288,2026-10-10T06:11:41.823623+00:00,391,forecast,B,CLEAR,0,1,1,0,12,8,0.2016,1.0079,0.0,0.0,376,244.9156,921,545,77.3853,78.3853,545,575,144
8ebdb0b3-2c32-494c-b6b3-b6162684d288,2026-10-10T06:11:41.823623+00:00,391,forecast,C,NS,0,0,2,0,76,64,0.0,0.0,0.2016,0.0,376,244.9156,921,545,77.3853,78.3853,545,575,144
8ebdb0b3-2c32-494c-b6b3-b6162684d288,2026-10-10T06:11:41.823623+00:00,391,forecast,D,NS,2,0,3,70,80,9,0.0,0.2016,0.4032,0.0,376,244.9156,921,545,77.3853,78.3853,545,575,144
8ebdb0b3-2c32-494c-b6b3-b6162684d288,2026-10-10T06:11:42.832908+00:00,392,forecast,A,NS,2,0,19,1,12,19,0.0,0.0,0.0,0.4034,375,245.2474,921,546,77.5183,78.5183,546,575,144
8ebdb0b3-2c32-494c-b6b3-b6162684d288,2026-10-10T06:11:42.832908+00:00,392,forecast,B,NS,2,0,0,0,12,9,0.2017,1.0084,0.0,0.0,375,245.2474,921,546,77.5183,78.5183,546,575,144
8ebdb0b3-2c32-494c-b6b3-b6162684d288,2026-10-10T06:11:42.832908+00:00,392,forecast,C,NS,6,0,2,0,75,64,0.0,0.0,0.2017,0.0,375,245.2474,921,546,77.5183,78.5183,546,575,144
8ebdb0b3-2c32-494c-b6b3-b6162684d288,2026-10-10T06:11:42.832908+00:00,392,forecast,D,NS,1,0,4,70,79,9,0.0,0.2017,0.4034,0.0,375,245.2474,921,546,77.5183,78.5183,546,575,144
8ebdb0b3-2c32-494c-b6b3-b6162684d288,2026-10-10T06:11:43.829192+00:00,393,forecast,A,NS,1,0,18,2,12,19,0.0,0.0,0.0,0.4003,375,245.5776,921,546,77.5183,78.5183,546,575,144
8ebdb0b3-2c32-494c-b6b3-b6162684d288,2026-10-10T06:11:43.829192+00:00,393,forecast,B,NS,1,0,0,0,12,10,0.2002,1.0008,0.0,0.0,375,245.5776,921,546,77.5183,78.5183,546,575,144
8ebdb0b3-2c32-494c-b6b3-b6162684d288,2026-10-10T06:11:43.829192+00:00,393,forecast,C,NS,5,0,3,0,74,64,0.0,0.0,0.2002,0.0,375,245.5776,921,546,77.5183,78.5183,546,575,144
8ebdb0b3-2c32-494c-b6b3-b6162684d288,2026-10-10T06:11:43.829192+00:00,393,forecast,D,NS,0,0,4,70,78,9,0.0,0.2002,0.4003,0.0,375,245.5776,921,546,77.5183,78.5183,546,575,144
8ebdb0b3-2c32-494c-b6b3-b6162684d288,2026-10-10T06:11:44.839554+00:00,394,forecast,A,NS,0,0,17,2,12,19,0.0,0.0,0.0,0.397,372,245.8985,921,549,78.1166,79.1166,549,575,144
8ebdb0b3-2c32-494c-b6b3-b6162684d288,2026-10-10T06:11:44.839554+00:00,394,forecast,B,NS,0,0,0,0,12,10,0.1985,0.9925,0.0,0.0,372,245.8985,921,549,78.1166,79.1166,549,575,144
8ebdb0b3-2c32-494c-b6b3-b6162684d288,2026-10-10T06:11:44.839554+00:00,394,forecast,C,NS,4,0,4,0,73,64,0.0,0.0,0.1985,0.0,372,245.8985,921,549,78.1166,79.1166,549,575,144
8ebdb0b3-2c32-494c-b6b3-b6162684d288,2026-10-10T06:11:44.839554+00:00,394,forecast,D,NS,6,0,3,70,77,9,0.0,0.1985,0.397,0.0,372,245.8985,921,549,78.1166,79.1166,549,575,144
8ebdb0b3-2c32-494c-b6b3-b6162684d288,2026-10-10T06:11:45.831514+00:00,395,forecast,A,CLEAR,0,1,17,2,12,19,0.0,0.0,0.0,0.3961,371,246.2152,921,550,78.1182,79.1182,550,577,144
8ebdb0b3-2c32-494c-b6b3-b6162684d288,2026-10-10T06:11:45.831514+00:00,395,forecast,B,CLEAR,0,1,0,0,12,10,0.1981,0.9903,0.0,0.0,371,246.2152,921,550,78.1182,79.1182,550,577,144
8ebdb0b3-2c32-494c-b6b3-b6162684d288,2026-10-10T06:11:45.831514+00:00,395,forecast,C,NS,3,0,4,0,73,64,0.0,0.0,0.1981,0.0,371,246.2152,921,550,78.1182,79.1182,550,577,144
8ebdb0b3-2c32-494c-b6b3-b6162684d288,2026-10-10T06:11:45.831514+00:00,395,forecast,D,NS,5,0,2,70,77,9,0.0,0.1981,0.3961,0.0,371,246.2152,921,550,78.1182,79.1182,550,577,144
8ebdb0b3-2c32-494c-b6b3-b6162684d288,2026-10-10T06:11:46.846158+00:00,396,forecast,A,EW,3,0,17,2,12,18,0.0,0.0,0.0,0.399,370,246.5278,921,551,78.5299,79.5299,551,579,144
8ebdb0b3-2c32-494c-b6b3-b6162684d288,2026-10-10T06:11:46.846158+00:00,396,forecast,B,EW,3,0,0,0,12,10,0.1995,0.9974,0.0,0.0,370,246.5278,921,551,78.5299,79.5299,551,579,144
8ebdb0b3-2c32-494c-b6b3-b6162684d288,2026-10-10T06:11:46.846158+00:00,396,forecast,C,NS,2,0,4,0,73,64,0.0,0.0,0.1995,0.0,370,246.5278,921,551,78.5299,79.5299,551,579,144
8ebdb0b3-2c32-494c-b6b3-b6162684d288,2026-10-10T06:11:46.846158+00:00,396,forecast,D,NS,4,0,2,70,77,9,0.0,0.1995,0.399,0.0,370,246.5278,921,551,78.5299,79.5299,551,579,144
8ebdb0b3-2c32-494c-b6b3-b6162684d288,2026-10-10T06:11:47.830123+00:00,397,forecast,A,EW,2,0,17,2,12,17,0.0,0.0,0.0,0.4025,368,246.8338,921,553,78.9259,79.9259,553,581,144
8ebdb0b3-2c32-494c-b6b3-b6162684d288,2026-10-10T06:11:47.830123+00:00,397,forecast,B,EW,2,0,0,0,12,10,0.2013,1.0063,0.0,0.0,368,246.8338,921,553,78.9259,79.9259,553,581,144
8ebdb0b3-2c32-494c-b6b3-b6162684d288,2026-10-10T06:11:47.830123+00:00,397,forecast,C,NS,1,0,4,0,73,64,0.0,0.0,0.2013,0.0,368,246.8338,921,553,78.9259,79.9259,553,581,144
8ebdb0b3-2c32-494c-b6b3-b6162684d288,2026-10-10T06:11:47.830123+00:00,397,forecast,D,NS,3,0,1,70,77,9,0.0,0.2013,0.4025,0.0,368,246.8338,921,553,78.9259,79.9259,553,581,144
8ebdb0b3-2c32-494c-b6b3-b6162684d288,2026-10-10T06:11:48.849195+00:00,398,forecast,A,EW,1,0,17,2,12,16,0.0,0.0,0.0,0.4037,367,247.1357,921,554,79.3303,80.3303,554,583,144
8ebdb0b3-2c32-494c-b6b3-b6162684d288,2026-10-10T06:11:48.849195+00:00,398,forecast,B,EW,1,0,0,0,12,10,0.2018,1.0091,0.0,0.0,367,247.1357,921,554,79.3303,80.3303,554,583,144
8ebdb0b3-2c32-494c-b6b3-b6162684d288,2026-10-10T06:11:48.849195+00:00,398,forecast,C,NS,0,0,4,0,73,64,0.0,0.0,0.2018,0.0,367,247.1357,921,554,79.3303,80.3303,554,583,144
8ebdb0b3-2c32-494c-b6b3-b6162684d288,2026-10-10T06:11:48.849195+00:00,398,forecast,D,NS,2,0,1,70,77,9,0.0,0.2018,0.4037,0.0,367,247.1357,921,554,79.3303,80.3303,554,583,144
8ebdb0b3-2c32-494c-b6b3-b6162684d288,2026-10-10T06:11:49.835011+00:00,399,forecast,A,EW,0,0,17,2,12,15,0.0,0.0,0.0,0.4027,366,247.4336,921,555,79.4703,80.4703,555,585,144
8ebdb0b3-2c32-494c-b6b3-b6162684d288,2026-10-10T06:11:49.835011+00:00,399,forecast,B,EW,0,0,0,0,12,10,0.2014,1.0068,0.0,0.0,366,247.4336,921,555,79.4703,80.4703,555,585,144
8ebdb0b3-2c32-494c-b6b3-b6162684d288,2026-10-10T06:11:49.835011+00:00,399,forecast,C,NS,6,0,3,0,73,64,0.0,0.0,0.2014,0.0,366,247.4336,921,555,79.4703,80.4703,555,585,144
8ebdb0b3-2c32-494c-b6b3-b6162684d288,2026-10-10T06:11:49.835011+00:00,399,forecast,D,NS,1,0,2,70,77,9,0.0,0.2014,0.4027,0.0,366,247.4336,921,555,79.4703,80.4703,555,585,144
8ebdb0b3-2c32-494c-b6b3-b6162684d288,2026-10-10T06:11:50.839891+00:00,400,forecast,A,CLEAR,0,1,17,2,12,15,0.0,0.0,0.0,0.3981,363,247.7225,921,558,79.4946,80.4946,558,587,144
8ebdb0b3-2c32-494c-b6b3-b6162684d288,2026-10-10T06:11:50.839891+00:00,400,forecast,B,EW,3,0,0,0,12,9,0.199,0.9952,0.0,0.0,363,247.7225,921,558,79.4946,80.4946,558,587,144
8ebdb0b3-2c32-494c-b6b3-b6162684d288,2026-10-10T06:11:50.839891+00:00,400,forecast,C,NS,5,0,2,0,73,64,0.0,0.0,0.199,0.0,363,247.7225,921,558,79.4946,80.4946,558,587,144
8ebdb0b3-2c32-494c-b6b3-b6162684d288,2026-10-10T06:11:50.839891+00:00,400,forecast,D,NS,0,0,1,70,77,9,0.0,0.199,0.3981,0.0,363,247.7225,921,558,79.4946,80.4946,558,587,144
8ebdb0b3-2c32-494c-b6b3-b6162684d288,2026-10-10T06:11:51.823543+00:00,401,forecast,A,NS,3,0,16,2,12,15,0.0,0.0,0.0,0.3965,361,248.005,921,560,79.9875,80.9875,560,588,144
8ebdb0b3-2c32-494c-b6b3-b6162684d288,2026-10-10T06:11:51.823543+00:00,401,forecast,B,EW,2,0,0,0,12,8,0.1983,0.9913,0.0,0.0,361,248.005,921,560,79.9875,80.9875,560,588,144
8ebdb0b3-2c32-494c-b6b3-b6162684d288,2026-10-10T06:11:51.823543+00:00,401,forecast,C,NS,4,0,2,0,72,64,0.0,0.0,0.1983,0.0,361,248.005,921,560,79.9875,80.9875,560,588,144
8ebdb0b3-2c32-494c-b6b3-b6162684d288,2026-10-10T06:11:51.823543+00:00,401,forecast,D,NS,6,0,2,70,77,9,0.0,0.1983,0.3965,0.0,361,248.005,921,560,79.9875,80.9875,560,588,144
8ebdb0b3-2c32-494c-b6b3-b6162684d288,2026-10-10T06:11:52.836430+00:00,402,forecast,A,NS,2,0,15,2,12,15,0.0,0.0,0.0,0.3971,359,248.2811,921,562,80.0783,81.0783,562,589,144
8ebdb0b3-2c32-494c-b6b3-b6162684d288,2026-10-10T06:11:52.836430+00:00,402,forecast,B,EW,1,0,0,0,12,8,0.1985,0.9927,0.0,0.0,359,248.2811,921,562,80.0783,81.0783,562,589,144
8ebdb0b3-2c32-494c-b6b3-b6162684d288,2026-10-10T06:11:52.836430+00:00,402,forecast,C,NS,3,0,2,0,71,64,0.0,0.0,0.1985,0.0,359,248.2811,921,562,80.0783,81.0783,562,589,144
8ebdb0b3-2c32-494c-b6b3-b6162684d288,2026-10-10T06:11:52.836430+00:00,402,forecast,D,NS,5,0,2,70,77,9,0.0,0.1985,0.3971,0.0,359,248.2811,921,562,80.0783,81.0783,562,589,144
8ebdb0b3-2c32-494c-b6b3-b6162684d288,2026-10-10T06:11:53.835080+00:00,403,forecast,A,NS,1,0,14,2,12,15,0.0,0.0,0.0,0.4015,357,248.5509,921,564,80.8404,81.8404,564,590,144
8ebdb0b3-2c32-494c-b6b3-b6162684d288,2026-10-10T06:11:53.835080+00:00,403,forecast,B,EW,0,0,0,0,12,7,0.2007,1.0037,0.0,0.0,357,248.5509,921,564,80.8404,81.8404,564,590,144
8ebdb0b3-2c32-494c-b6b3-b6162684d288,2026-10-10T06:11:53.835080+00:00,403,forecast,C,NS,2,0,3,0,70,64,0.0,0.0,0.2007,0.0,357,248.5509,921,564,80.8404,81.8404,564,590,144
8ebdb0b3-2c32-494c-b6b3-b6162684d288,2026-10-10T06:11:53.835080+00:00,403,forecast,D,NS,4,0,2,70,77,9,0.0,0.2007,0.4015,0.0,357,248.5509,921,564,80.8404,81.8404,564,590,144
8ebdb0b3-2c32-494c-b6b3-b6162684d288,2026-10-10T06:11:54.825586+00:00,404,forecast,A,NS,0,0,13,2,12,15,0.0,0.0,0.0,0.4038,356,248.8168,921,565,81.2319,82.2319,565,591,144
8ebdb0b3-2c32-494c-b6b3-b6162684d288,2026-10-10T06:11:54.825586+00:00,404,forecast,B,EW,2,0,0,0,12,7,0.2019,1.0095,0.0,0.0,356,248.8168,921,565,81.2319,82.2319,565,591,144
8ebdb0b3-2c32-494c-b6b3-b6162684d288,2026-10-10T06:11:54.825586+00:00,404,forecast,C,NS,1,0,4,0,69,64,0.0,0.0,0.2019,0.0,356,248.8168,921,565,81.2319,82.2319,565,591,144
8ebdb0b3-2c32-494c-b6b3-b6162684d288,2026-10-10T06:11:54.825586+00:00,404,forecast,D,NS,3,0,2,70,77,9,0.0,0.2019,0.4038,0.0,356,248.8168,921,565,81.2319,82.2319,565,591,144
8ebdb0b3-2c32-494c-b6b3-b6162684d288,2026-10-10T06:11:55.843859+00:00,405,forecast,A,CLEAR,0,1,13,2,12,15,0.0,0.0,0.0,0.4018,355,249.079,921,566,81.6148,82.6148,566,593,144
8ebdb0b3-2c32-494c-b6b3-b6162684d288,2026-10-10T06:11:55.843859+00:00,405,forecast,B,EW,1,0,0,0,12,6,0.2009,1.0045,0.0,0.0,355,249.079,921,566,81.6148,82.6148,566,593,144
8ebdb0b3-2c32-494c-b6b3-b6162684d288,2026-10-10T06:11:55.843859+00:00,405,forecast,C,NS,0,0,4,0,69,64,0.0,0.0,0.2009,0.0,355,249.079,921,566,81.6148,82.6148,566,593,144
8ebdb0b3-2c32-494c-b6b3-b6162684d288,2026-10-10T06:11:55.843859+00:00,405,forecast,D,NS,2,0,2,70,77,9,0.0,0.2009,0.4018,0.0,355,249.079,921,566,81.6148,82.6148,566,593,144
8ebdb0b3-2c32-494c-b6b3-b6162684d288,2026-10-10T06:11:56.850950+00:00,406,forecast,A,EW,3,0,13,1,12,14,0.0,0.0,0.0,0.3999,353,249.335,921,568,81.8204,82.8204,568,595,144
8ebdb0b3-2c32-494c-b6b3-b6162684d288,2026-10-10T06:11:56.850950+00:00,406,forecast,B,EW,0,0,0,0,12,6,0.2,0.9998,0.0,0.0,353,249.335,921,568,81.8204,82.8204,568,595,144
8ebdb0b3-2c32-494c-b6b3-b6162684d288,2026-10-10T06:11:56.850950+00:00,406,forecast,C,NS,6,0,4,0,69,64,0.0,0.0,0.2,0.0,353,249.335,921,568,81.8204,82.8204,568,595,144
8ebdb0b3-2c32-494c-b6b3-b6162684d288,2026-10-10T06:11:56.850950+00:00,406,forecast,D,NS,1,0,2,70,77,9,0.0,0.2,0.3999,0.0,353,249.335,921,568,81.8204,82.8204,568,595,144
8ebdb0b3-2c32-494c-b6b3-b6162684d288,2026-10-10T06:11:57.819934+00:00,407,forecast,A,EW,2,0,13,0,12,13,0.0,0.0,0.0,0.3968,351,249.5848,921,570,82.0368,83.0368,570,597,144
8ebdb0b3-2c32-494c-b6b3-b6162684d288,2026-10-10T06:11:57.819934+00:00,407,forecast,B,EW,2,0,0,0,12,6,0.1984,0.992,0.0,0.0,351,249.5848,921,570,82.0368,83.0368,570,597,144
8ebdb0b3-2c32-494c-b6b3-b6162684d288,2026-10-10T06:11:57.819934+00:00,407,forecast,C,NS,5,0,4,0,69,64,0.0,0.0,0.1984,0.0,351,249.5848,921,570,82.0368,83.0368,570,597,144
8ebdb0b3-2c32-494c-b6b3-b6162684d288,2026-10-10T06:11:57.819934+00:00,407,forecast,D,NS,0,0,2,70,77,9,0.0,0.1984,0.3968,0.0,351,249.5848,921,570,82.0368,83.0368,570,597,144
8ebdb0b3-2c32-494c-b6b3-b6162684d288,2026-10-10T06:11:58.860631+00:00,408,forecast,A,EW,1,0,13,0,12,12,0.0,0.0,0.0,0.397,350,249.8309,921,571,82.0105,83.0105,571,599,144
8ebdb0b3-2c32-494c-b6b3-b6162684d288,2026-10-10T06:11:58.860631+00:00,408,forecast,B,EW,1,0,0,0,12,6,0.1985,0.9926,0.0,0.0,350,249.8309,921,571,82.0105,83.0105,571,599,144
8ebdb0b3-2c32-494c-b6b3-b6162684d288,2026-10-10T06:11:58.860631+00:00,408,forecast,C,NS,4,0,4,0,69,64,0.0,0.0,0.1985,0.0,350,249.8309,921,571,82.0105,83.0105,571,599,144
8ebdb0b3-2c32-494c-b6b3-b6162684d288,2026-10-10T06:11:58.860631+00:00,408,forecast,D,NS,6,0,2,70,77,9,0.0,0.1985,0.397,0.0,350,249.8309,921,571,82.0105,83.0105,571,599,144
8ebdb0b3-2c32-494c-b6b3-b6162684d288,2026-10-10T06:11:59.825107+00:00,409,forecast,A,EW,0,0,13,0,12,11,0.0,0.0,0.0,0.3988,347,250.0685,921,574,82.0889,83.0889,574,601,144
8ebdb0b3-2c32-494c-b6b3-b6162684d288,2026-10-10T06:11:59.825107+00:00,409,forecast,B,EW,0,0,0,0,12,6,0.1994,0.997,0.0,0.0,347,250.0685,921,574,82.0889,83.0889,574,601,144
8ebdb0b3-2c32-494c-b6b3-b6162684d288,2026-10-10T06:11:59.825107+00:00,409,forecast,C,NS,3,0,3,0,69,64,0.0,0.0,0.1994,0.0,347,250.0685,921,574,82.0889,83.0889,574,601,144
8ebdb0b3-2c32-494c-b6b3-b6162684d288,2026-10-10T06:11:59.825107+00:00,409,forecast,D,NS,5,0,1,70,77,9,0.0,0.1994,0.3988,0.0,347,250.0685,921,574,82.0889,83.0889,574,601,144
8ebdb0b3-2c32-494c-b6b3-b6162684d288,2026-10-10T06:12:00.832890+00:00,410,forecast,A,CLEAR,0,1,13,0,12,11,0.0,0.0,0.0,0.4031,345,250.3,921,576,82.5486,83.5486,576,603,144
8ebdb0b3-2c32-494c-b6b3-b6162684d288,2026-10-10T06:12:00.832890+00:00,410,forecast,B,EW,2,0,0,0,12,5,0.2015,1.0077,0.0,0.0,345,250.3,921,576,82.5486,83.5486,576,603,144
8ebdb0b3-2c32-494c-b6b3-b6162684d288,2026-10-10T06:12:00.832890+00:00,410,forecast,C,NS,2,0,2,0,69,64,0.0,0.0,0.2015,0.0,345,250.3,921,576,82.5486,83.5486,576,603,144
8ebdb0b3-2c32-494c-b6b3-b6162684d288,2026-10-10T06:12:00.832890+00:00,410,forecast,D,NS,4,0,1,70,77,9,0.0,0.2015,0.4031,0.0,345,250.3,921,576,82.5486,83.5486,576,603,144
8ebdb0b3-2c32-494c-b6b3-b6162684d288,2026-10-10T06:12:01.838359+00:00,411,forecast,A,NS,3,0,12,0,12,11,0.0,0.0,0.0,0.4024,343,250.5255,921,578,82.9862,83.9862,578,604,144
8ebdb0b3-2c32-494c-b6b3-b6162684d288,2026-10-10T06:12:01.838359+00:00,411,forecast,B,EW,1,0,0,0,12,5,0.2012,1.0059,0.0,0.0,343,250.5255,921,578,82.9862,83.9862,578,604,144
8ebdb0b3-2c32-494c-b6b3-b6162684d288,2026-10-10T06:12:01.838359+00:00,411,forecast,C,NS,1,0,2,0,68,64,0.0,0.0,0.2012,0.0,343,250.5255,921,578,82.9862,83.9862,578,604,144
8ebdb0b3-2c32-494c-b6b3-b6162684d288,2026-10-10T06:12:01.838359+00:00,411,forecast,D,NS,3,0,1,70,77,9,0.0,0.2012,0.4024,0.0,343,250.5255,921,578,82.9862,83.9862,578,604,144
8ebdb0b3-2c32-494c-b6b3-b6162684d288,2026-10-10T06:12:02.824380+00:00,412,forecast,A,NS,2,0,11,0,12,11,0.0,0.0,0.0,0.3991,340,250.7427,921,581,83.7659,84.7659,581,605,144
8ebdb0b3-2c32-494c-b6b3-b6162684d288,2026-10-10T06:12:02.824380+00:00,412,forecast,B,EW,0,0,0,0,12,4,0.1995,0.9977,0.0,0.0,340,250.7427,921,581,83.7659,84.7659,581,605,144
8ebdb0b3-2c32-494c-b6b3-b6162684d288,2026-10-10T06:12:02.824380+00:00,412,forecast,C,NS,0,0,2,0,67,64,0.0,0.0,0.1995,0.0,340,250.7427,921,581,83.7659,84.7659,581,605,144
8ebdb0b3-2c32-494c-b6b3-b6162684d288,2026-10-10T06:12:02.824380+00:00,412,forecast,D,NS,2,0,1,70,77,9,0.0,0.1995,0.3991,0.0,340,250.7427,921,581,83.7659,84.7659,581,605,144
8ebdb0b3-2c32-494c-b6b3-b6162684d288,2026-10-10T06:12:03.830574+00:00,413,forecast,A,NS,1,0,10,0,12,11,0.0,0.0,0.0,0.3974,339,250.9564,921,582,84.122,85.122,582,606,144
8ebdb0b3-2c32-494c-b6b3-b6162684d288,2026-10-10T06:12:03.830574+00:00,413,forecast,B,EW,2,0,0,0,12,4,0.1987,0.9935,0.0,0.0,339,250.9564,921,582,84.122,85.122,582,606,144
8ebdb0b3-2c32-494c-b6b3-b6162684d288,2026-10-10T06:12:03.830574+00:00,413,forecast,C,NS,5,0,3,0,66,64,0.0,0.0,0.1987,0.0,339,250.9564,921,582,84.122,85.122,582,606,144
8ebdb0b3-2c32-494c-b6b3-b6162684d288,2026-10-10T06:12:03.830574+00:00,413,forecast,D,NS,1,0,1,70,77,9,0.0,0.1987,0.3974,0.0,339,250.9564,921,582,84.122,85.122,582,606,144
8ebdb0b3-2c32-494c-b6b3-b6162684d288,2026-10-10T06:12:04.843191+00:00,414,forecast,A,NS,0,0,9,0,12,11,0.0,0.0,0.0,0.3981,338,251.1667,921,583,84.0978,85.0978,583,607,144
8ebdb0b3-2c32-494c-b6b3-b6162684d288,2026-10-10T06:12:04.843191+00:00,414,forecast,B,EW,1,0,0,0,12,4,0.199,0.9952,0.0,0.0,338,251.1667,921,583,84.0978,85.0978,583,607,144
8ebdb0b3-2c32-494c-b6b3-b6162684d288,2026-10-10T06:12:04.843191+00:00,414,forecast,C,NS,4,0,4,0,65,64,0.0,0.0,0.199,0.0,338,251.1667,921,583,84.0978,85.0978,583,607,144
8ebdb0b3-2c32-494c-b6b3-b6162684d288,2026-10-10T06:12:04.843191+00:00,414,forecast,D,NS,0,0,1,70,77,9,0.0,0.199,0.3981,0.0,338,251.1667,921,583,84.0978,85.0978,583,607,144
8ebdb0b3-2c32-494c-b6b3-b6162684d288,2026-10-10T06:12:05.822207+00:00,415,forecast,A,NS,3,0,8,0,12,11,0.0,0.0,0.0,0.3996,336,251.3711,921,585,84.4393,85.4393,585,608,144
8ebdb0b3-2c32-494c-b6b3-b6162684d288,2026-10-10T06:12:05.822207+00:00,415,forecast,B,EW,0,0,0,0,12,3,0.1998,0.9989,0.0,0.0,336,251.3711,921,585,84.4393,85.4393,585,608,144
8ebdb0b3-2c32-494c-b6b3-b6162684d288,2026-10-10T06:12:05.822207+00:00,415,forecast,C,NS,3,0,5,0,64,64,0.0,0.0,0.1998,0.0,336,251.3711,921,585,84.4393,85.4393,585,608,144
8ebdb0b3-2c32-494c-b6b3-b6162684d288,2026-10-10T06:12:05.822207+00:00,415,forecast,D,NS,6,0,1,70,77,9,0.0,0.1998,0.3996,0.0,336,251.3711,921,585,84.4393,85.4393,585,608,144
8ebdb0b3-2c32-494c-b6b3-b6162684d288,2026-10-10T06:12:06.824137+00:00,416,forecast,A,NS,2,0,7,0,12,11,0.0,0.0,0.0,0.4027,334,251.5697,921,587,84.7581,85.7581,587,609,144
8ebdb0b3-2c32-494c-b6b3-b6162684d288,2026-10-10T06:12:06.824137+00:00,416,forecast,B,EW,2,0,0,0,12,2,0.2014,1.0068,0.0,0.0,334,251.5697,921,587,84.7581,85.7581,587,609,144
8ebdb0b3-2c32-494c-b6b3-b6162684d288,2026-10-10T06:12:06.824137+00:00,416,forecast,C,NS,2,0,6,0,63,64,0.0,0.0,0.2014,0.0,334,251.5697,921,587,84.7581,85.7581,587,609,144
8ebdb0b3-2c32-494c-b6b3-b6162684d288,2026-10-10T06:12:06.824137+00:00,416,forecast,D,NS,5,0,1,70,77,9,0.0,0.2014,0.4027,0.0,334,251.5697,921,587,84.7581,85.7581,587,609,144
8ebdb0b3-2c32-494c-b6b3-b6162684d288,2026-10-10T06:12:07.830083+00:00,417,forecast,A,NS,1,0,6,0,12,11,0.0,0.0,0.0,0.4025,332,251.7626,921,589,85.0696,86.0696,589,610,144
8ebdb0b3-2c32-494c-b6b3-b6162684d288,2026-10-10T06:12:07.830083+00:00,417,forecast,B,EW,1,0,0,0,12,1,0.2013,1.0064,0.0,0.0,332,251.7626,921,589,85.0696,86.0696,589,610,144
8ebdb0b3-2c32-494c-b6b3-b6162684d288,2026-10-10T06:12:07.830083+00:00,417,forecast,C,NS,1,0,7,0,62,64,0.0,0.0,0.2013,0.0,332,251.7626,921,589,85.0696,86.0696,589,610,144
8ebdb0b3-2c32-494c-b6b3-b6162684d288,2026-10-10T06:12:07.830083+00:00,417,forecast,D,NS,4,0,1,70,77,9,0.0,0.2013,0.4025,0.0,332,251.7626,921,589,85.0696,86.0696,589,610,144
8ebdb0b3-2c32-494c-b6b3-b6162684d288,2026-10-10T06:12:08.826362+00:00,418,forecast,A,NS,0,0,5,0,12,11,0.0,0.0,0.0,0.3995,332,251.9545,921,589,85.0696,86.0696,589,611,144
8ebdb0b3-2c32-494c-b6b3-b6162684d288,2026-10-10T06:12:08.826362+00:00,418,forecast,B,EW,0,0,0,0,12,2,0.1997,0.9987,0.0,0.0,332,251.9545,921,589,85.0696,86.0696,589,611,144
8ebdb0b3-2c32-494c-b6b3-b6162684d288,2026-10-10T06:12:08.826362+00:00,418,forecast,C,NS,0,0,8,0,61,64,0.0,0.0,0.1997,0.0,332,251.9545,921,589,85.0696,86.0696,589,611,144
8ebdb0b3-2c32-494c-b6b3-b6162684d288,2026-10-10T06:12:08.826362+00:00,418,forecast,D,NS,3,0,1,70,77,9,0.0,0.1997,0.3995,0.0,332,251.9545,921,589,85.0696,86.0696,589,611,144
8ebdb0b3-2c32-494c-b6b3-b6162684d288,2026-10-10T06:12:09.826284+00:00,419,forecast,A,NS,2,0,4,0,12,11,0.0,0.0,0.0,0.3979,330,252.1408,921,591,85.4349,86.4349,591,612,144
8ebdb0b3-2c32-494c-b6b3-b6162684d288,2026-10-10T06:12:09.826284+00:00,419,forecast,B,EW,2,0,0,0,12,2,0.199,0.9948,0.0,0.0,330,252.1408,921,591,85.4349,86.4349,591,612,144
8ebdb0b3-2c32-494c-b6b3-b6162684d288,2026-10-10T06:12:09.826284+00:00,419,forecast,C,NS,5,0,8,0,60,64,0.0,0.0,0.199,0.0,330,252.1408,921,591,85.4349,86.4349,591,612,144
8ebdb0b3-2c32-494c-b6b3-b6162684d288,2026-10-10T06:12:09.826284+00:00,419,forecast,D,NS,2,0,1,70,77,9,0.0,0.199,0.3979,0.0,330,252.1408,921,591,85.4349,86.4349,591,612,144
8ebdb0b3-2c32-494c-b6b3-b6162684d288,2026-10-10T06:12:10.860639+00:00,420,forecast,A,NS,1,0,3,0,12,11,0.0,0.0,0.0,0.3975,329,252.3238,921,592,85.4544,86.4544,592,613,144
8ebdb0b3-2c32-494c-b6b3-b6162684d288,2026-10-10T06:12:10.860639+00:00,420,forecast,B,EW,1,0,0,0,12,3,0.1988,0.9938,0.0,0.0,329,252.3238,921,592,85.4544,86.4544,592,613,144
8ebdb0b3-2c32-494c-b6b3-b6162684d288,2026-10-10T06:12:10.860639+00:00,420,forecast,C,NS,4,0,8,0,59,64,0.0,0.0,0.1988,0.0,329,252.3238,921,592,85.4544,86.4544,592,613,144
8ebdb0b3-2c32-494c-b6b3-b6162684d288,2026-10-10T06:12:10.860639+00:00,420,forecast,D,NS,1,0,1,70,77,9,0.0,0.1988,0.3975,0.0,329,252.3238,921,592,85.4544,86.4544,592,613,144
8ebdb0b3-2c32-494c-b6b3-b6162684d288,2026-10-10T06:12:11.826083+00:00,421,forecast,A,NS,0,0,2,0,12,11,0.0,0.0,0.0,0.4006,327,252.5012,921,594,85.7963,86.7963,594,614,144
8ebdb0b3-2c32-494c-b6b3-b6162684d288,2026-10-10T06:12:11.826083+00:00,421,forecast,B,EW,0,0,0,0,12,3,0.2003,1.0014,0.0,0.0,327,252.5012,921,594,85.7963,86.7963,594,614,144
8ebdb0b3-2c32-494c-b6b3-b6162684d288,2026-10-10T06:12:11.826083+00:00,421,forecast,C,NS,3,0,8,0,58,64,0.0,0.0,0.2003,0.0,327,252.5012,921,594,85.7963,86.7963,594,614,144
8ebdb0b3-2c32-494c-b6b3-b6162684d288,2026-10-10T06:12:11.826083+00:00,421,forecast,D,NS,0,0,1,70,77,9,0.0,0.2003,0.4006,0.0,327,252.5012,921,594,85.7963,86.7963,594,614,144
8ebdb0b3-2c32-494c-b6b3-b6162684d288,2026-10-10T06:12:12.828323+00:00,422,forecast,A,NS,2,0,1,0,12,11,0.0,0.0,0.0,0.4036,325,252.673,921,596,86.1728,87.1728,596,615,144
8ebdb0b3-2c32-494c-b6b3-b6162684d288,2026-10-10T06:12:12.828323+00:00,422,forecast,B,EW,2,0,0,0,12,3,0.2018,1.0091,0.0,0.0,325,252.673,921,596,86.1728,87.1728,596,615,144
8ebdb0b3-2c32-494c-b6b3-b6162684d288,2026-10-10T06:12:12.828323+00:00,422,forecast,C,NS,2,0,8,0,57,64,0.0,0.0,0.2018,0.0,325,252.673,921,596,86.1728,87.1728,596,615,144
8ebdb0b3-2c32-494c-b6b3-b6162684d288,2026-10-10T06:12:12.828323+00:00,422,forecast,D,NS,6,0,1,70,77,9,0.0,0.2018,0.4036,0.0,325,252.673,921,596,86.1728,87.1728,596,615,144
8ebdb0b3-2c32-494c-b6b3-b6162684d288,2026-10-10T06:12:13.825708+00:00,423,forecast,A,NS,1,0,0,0,12,11,0.0,0.0,0.0,0.4037,323,252.8392,921,598,86.1706,87.1706,598,616,144
8ebdb0b3-2c32-494c-b6b3-b6162684d288,2026-10-10T06:12:13.825708+00:00,423,forecast,B,EW,1,0,0,0,12,4,0.2018,1.0092,0.0,0.0,323,252.8392,921,598,86.1706,87.1706,598,616,144
8ebdb0b3-2c32-494c-b6b3-b6162684d288,2026-10-10T06:12:13.825708+00:00,423,forecast,C,NS,1,0,8,0,56,64,0.0,0.0,0.2018,0.0,323,252.8392,921,598,86.1706,87.1706,598,616,144
8ebdb0b3-2c32-494c-b6b3-b6162684d288,2026-10-10T06:12:13.825708+00:00,423,forecast,D,NS,5,0,0,70,77,9,0.0,0.2018,0.4037,0.0,323,252.8392,921,598,86.1706,87.1706,598,616,144
8ebdb0b3-2c32-494c-b6b3-b6162684d288,2026-10-10T06:12:14.828050+00:00,424,forecast,A,NS,0,0,0,0,12,11,0.0,0.0,0.0,0.4002,322,253.0024,921,599,86.1619,87.1619,599,617,144
8ebdb0b3-2c32-494c-b6b3-b6162684d288,2026-10-10T06:12:14.828050+00:00,424,forecast,B,EW,0,0,0,0,12,5,0.2001,1.0004,0.0,0.0,322,253.0024,921,599,86.1619,87.1619,599,617,144
8ebdb0b3-2c32-494c-b6b3-b6162684d288,2026-10-10T06:12:14.828050+00:00,424,forecast,C,NS,0,0,7,0,55,64,0.0,0.0,0.2001,0.0,322,253.0024,921,599,86.1619,87.1619,599,617,144
8ebdb0b3-2c32-494c-b6b3-b6162684d288,2026-10-10T06:12:14.828050+00:00,424,forecast,D,NS,4,0,0,70,77,9,0.0,0.2001,0.4002,0.0,322,253.0024,921,599,86.1619,87.1619,599,617,144
8ebdb0b3-2c32-494c-b6b3-b6162684d288,2026-10-10T06:12:15.837140+00:00,425,forecast,A,CLEAR,0,1,0,0,12,11,0.0,0.0,0.0,0.3973,321,253.1624,921,600,86.1517,87.1517,600,619,144
8ebdb0b3-2c32-494c-b6b3-b6162684d288,2026-10-10T06:12:15.837140+00:00,425,forecast,B,EW,2,0,0,0,12,5,0.1986,0.9932,0.0,0.0,321,253.1624,921,600,86.1517,87.1517,600,619,144
8ebdb0b3-2c32-494c-b6b3-b6162684d288,2026-10-10T06:12:15.837140+00:00,425,forecast,C,NS,5,0,6,0,55,64,0.0,0.0,0.1986,0.0,321,253.1624,921,600,86.1517,87.1517,600,619,144
8ebdb0b3-2c32-494c-b6b3-b6162684d288,2026-10-10T06:12:15.837140+00:00,425,forecast,D,NS,3,0,0,70,77,9,0.0,0.1986,0.3973,0.0,321,253.1624,921,600,86.1517,87.1517,600,619,144
8ebdb0b3-2c32-494c-b6b3-b6162684d288,2026-10-10T06:12:16.828556+00:00,426,forecast,A,EW,2,0,0,0,12,10,0.0,0.0,0.0,0.396,319,253.3169,921,602,86.4884,87.4884,602,621,144
8ebdb0b3-2c32-494c-b6b3-b6162684d288,2026-10-10T06:12:16.828556+00:00,426,forecast,B,EW,1,0,0,0,12,5,0.198,0.9899,0.0,0.0,319,253.3169,921,602,86.4884,87.4884,602,621,144
8ebdb0b3-2c32-494c-b6b3-b6162684d288,2026-10-10T06:12:16.828556+00:00,426,forecast,C,NS,4,0,5,0,55,64,0.0,0.0,0.198,0.0,319,253.3169,921,602,86.4884,87.4884,602,621,144
8ebdb0b3-2c32-494c-b6b3-b6162684d288,2026-10-10T06:12:16.828556+00:00,426,forecast,D,NS,2,0,0,70,77,9,0.0,0.198,0.396,0.0,319,253.3169,921,602,86.4884,87.4884,602,621,144
8ebdb0b3-2c32-494c-b6b3-b6162684d288,2026-10-10T06:12:17.828722+00:00,427,forecast,A,EW,1,0,0,0,12,9,0.0,0.0,0.0,0.3999,318,253.4684,921,603,86.4726,87.4726,603,623,144
8ebdb0b3-2c32-494c-b6b3-b6162684d288,2026-10-10T06:12:17.828722+00:00,427,forecast,B,EW,0,0,0,0,12,6,0.1999,0.9997,0.0,0.0,318,253.4684,921,603,86.4726,87.4726,603,623,144
8ebdb0b3-2c32-494c-b6b3-b6162684d288,2026-10-10T06:12:17.828722+00:00,427,forecast,C,NS,3,0,4,0,55,64,0.0,0.0,0.1999,0.0,318,253.4684,921,603,86.4726,87.4726,603,623,144
8ebdb0b3-2c32-494c-b6b3-b6162684d288,2026-10-10T06:12:17.828722+00:00,427,forecast,D,NS,1,0,0,70,77,9,0.0,0.1999,0.3999,0.0,318,253.4684,921,603,86.4726,87.4726,603,623,144
8ebdb0b3-2c32-494c-b6b3-b6162684d288,2026-10-10T06:12:18.828571+00:00,428,forecast,A,EW,0,0,0,0,12,8,0.0,0.0,0.0,0.4026,316,253.6145,921,605,86.8017,87.8017,605,625,144
8ebdb0b3-2c32-494c-b6b3-b6162684d288,2026-10-10T06:12:18.828571+00:00,428,forecast,B,EW,2,0,0,0,12,6,0.2013,1.0066,0.0,0.0,316,253.6145,921,605,86.8017,87.8017,605,625,144
8ebdb0b3-2c32-494c-b6b3-b6162684d288,2026-10-10T06:12:18.828571+00:00,428,forecast,C,NS,2,0,3,0,55,64,0.0,0.0,0.2013,0.0,316,253.6145,921,605,86.8017,87.8017,605,625,144
8ebdb0b3-2c32-494c-b6b3-b6162684d288,2026-10-10T06:12:18.828571+00:00,428,forecast,D,NS,0,0,0,70,77,9,0.0,0.2013,0.4026,0.0,316,253.6145,921,605,86.8017,87.8017,605,625,144
8ebdb0b3-2c32-494c-b6b3-b6162684d288,2026-10-10T06:12:19.829334+00:00,429,forecast,A,EW,2,0,0,0,12,7,0.0,0.0,0.0,0.405,315,253.7576,921,606,86.7822,87.7822,606,626,144
8ebdb0b3-2c32-494c-b6b3-b6162684d288,2026-10-10T06:12:19.829334+00:00,429,forecast,B,EW,1,0,0,0,12,7,0.2025,1.0125,0.0,0.0,315,253.7576,921,606,86.7822,87.7822,606,626,144
8ebdb0b3-2c32-494c-b6b3-b6162684d288,2026-10-10T06:12:19.829334+00:00,429,forecast,C,NS,1,0,2,0,55,64,0.0,0.0,0.2025,0.0,315,253.7576,921,606,86.7822,87.7822,606,626,144
8ebdb0b3-2c32-494c-b6b3-b6162684d288,2026-10-10T06:12:19.829334+00:00,429,forecast,D,CLEAR,0,1,0,70,77,9,0.0,0.2025,0.405,0.0,315,253.7576,921,606,86.7822,87.7822,606,626,144
8ebdb0b3-2c32-494c-b6b3-b6162684d288,2026-10-10T06:12:20.832843+00:00,430,forecast,A,EW,1,0,0,0,12,6,0.0,0.0,0.0,0.4005,312,253.893,921,609,87.4433,88.4433,609,627,144
8ebdb0b3-2c32-494c-b6b3-b6162684d288,2026-10-10T06:12:20.832843+00:00,430,forecast,B,EW,0,0,0,0,12,7,0.2002,1.0011,0.0,0.0,312,253.893,921,609,87.4433,88.4433,609,627,144
8ebdb0b3-2c32-494c-b6b3-b6162684d288,2026-10-10T06:12:20.832843+00:00,430,forecast,C,NS,0,0,1,1,55,64,0.0,0.0,0.2002,0.0,312,253.893,921,609,87.4433,88.4433,609,627,144
8ebdb0b3-2c32-494c-b6b3-b6162684d288,2026-10-10T06:12:20.832843+00:00,430,forecast,D,EW,6,0,0,69,77,8,0.0,0.2002,0.4005,0.0,312,253.893,921,609,87.4433,88.4433,609,627,144
8ebdb0b3-2c32-494c-b6b3-b6162684d288,2026-10-10T06:12:21.835631+00:00,431,forecast,A,EW,0,0,0,0,12,5,0.0,0.0,0.0,0.3974,310,254.0232,921,611,88.1178,89.1178,611,627,144
8ebdb0b3-2c32-494c-b6b3-b6162684d288,2026-10-10T06:12:21.835631+00:00,431,forecast,B,EW,2,0,0,0,12,7,0.1987,0.9935,0.0,0.0,310,254.0232,921,611,88.1178,89.1178,611,627,144
8ebdb0b3-2c32-494c-b6b3-b6162684d288,2026-10-10T06:12:21.835631+00:00,431,forecast,C,CLEAR,0,1,1,2,55,64,0.0,0.0,0.1987,0.0,310,254.0232,921,611,88.1178,89.1178,611,627,144
8ebdb0b3-2c32-494c-b6b3-b6162684d288,2026-10-10T06:12:21.835631+00:00,431,forecast,D,EW,5,0,0,68,77,7,0.0,0.1987,0.3974,0.0,310,254.0232,921,611,88.1178,89.1178,611,627,144
8ebdb0b3-2c32-494c-b6b3-b6162684d288,2026-10-10T06:12:22.834960+00:00,432,forecast,A,EW,2,0,0,0,12,4,0.0,0.0,0.0,0.3963,308,254.1481,921,613,88.7863,89.7863,613,627,144
8ebdb0b3-2c32-494c-b6b3-b6162684d288,2026-10-10T06:12:22.834960+00:00,432,forecast,B,EW,1,0,0,0,12,7,0.1981,0.9907,0.0,0.0,308,254.1481,921,613,88.7863,89.7863,613,627,144
8ebdb0b3-2c32-494c-b6b3-b6162684d288,2026-10-10T06:12:22.834960+00:00,432,forecast,C,EW,5,0,1,3,55,63,0.0,0.0,0.1981,0.0,308,254.1481,921,613,88.7863,89.7863,613,627,144
8ebdb0b3-2c32-494c-b6b3-b6162684d288,2026-10-10T06:12:22.834960+00:00,432,forecast,D,EW,4,0,0,67,77,7,0.0,0.1981,0.3963,0.0,308,254.1481,921,613,88.7863,89.7863,613,627,144
8ebdb0b3-2c32-494c-b6b3-b6162684d288,2026-10-10T06:12:23.840411+00:00,433,forecast,A,EW,1,0,0,0,12,3,0.0,0.0,0.0,0.3977,307,254.2702,921,614,89.1352,90.1352,614,627,144
8ebdb0b3-2c32-494c-b6b3-b6162684d288,2026-10-10T06:12:23.840411+00:00,433,forecast,B,EW,0,0,0,0,12,8,0.1988,0.9942,0.0,0.0,307,254.2702,921,614,89.1352,90.1352,614,627,144
8ebdb0b3-2c32-494c-b6b3-b6162684d288,2026-10-10T06:12:23.840411+00:00,433,forecast,C,EW,4,0,1,4,55,62,0.0,0.0,0.1988,0.0,307,254.2702,921,614,89.1352,90.1352,614,627,144
8ebdb0b3-2c32-494c-b6b3-b6162684d288,2026-10-10T06:12:23.840411+00:00,433,forecast,D,EW,3,0,0,66,77,7,0.0,0.1988,0.3977,0.0,307,254.2702,921,614,89.1352,90.1352,614,627,144
8ebdb0b3-2c32-494c-b6b3-b6162684d288,2026-10-10T06:12:24.831232+00:00,434,forecast,A,EW,0,0,0,0,12,2,0.0,0.0,0.0,0.4018,306,254.3894,921,615,89.4846,90.4846,615,627,144
8ebdb0b3-2c32-494c-b6b3-b6162684d288,2026-10-10T06:12:24.831232+00:00,434,forecast,B,EW,2,0,0,0,12,8,0.2009,1.0044,0.0,0.0,306,254.3894,921,615,89.4846,90.4846,615,627,144
8ebdb0b3-2c32-494c-b6b3-b6162684d288,2026-10-10T06:12:24.831232+00:00,434,forecast,C,EW,3,0,1,5,55,61,0.0,0.0,0.2009,0.0,306,254.3894,921,615,89.4846,90.4846,615,627,144
8ebdb0b3-2c32-494c-b6b3-b6162684d288,2026-10-10T06:12:24.831232+00:00,434,forecast,D,EW,2,0,1,65,77,7,0.0,0.2009,0.4018,0.0,306,254.3894,921,615,89.4846,90.4846,615,627,144
8ebdb0b3-2c32-494c-b6b3-b6162684d288,2026-10-10T06:12:25.840458+00:00,435,forecast,A,CLEAR,0,1,0,0,12,2,0.0,0.0,0.0,0.4042,304,254.5034,921,617,89.8136,90.8136,617,627,144
8ebdb0b3-2c32-494c-b6b3-b6162684d288,2026-10-10T06:12:25.840458+00:00,435,forecast,B,EW,1,0,0,0,12,7,0.2021,1.0105,0.0,0.0,304,254.5034,921,617,89.8136,90.8136,617,627,144
8ebdb0b3-2c32-494c-b6b3-b6162684d288,2026-10-10T06:12:25.840458+00:00,435,forecast,C,EW,2,0,1,6,55,60,0.0,0.0,0.2021,0.0,304,254.5034,921,617,89.8136,90.8136,617,627,144
8ebdb0b3-2c32-494c-b6b3-b6162684d288,2026-10-10T06:12:25.840458+00:00,435,forecast,D,EW,1,0,1,64,77,7,0.0,0.2021,0.4042,0.0,304,254.5034,921,617,89.8136,90.8136,617,627,144
8ebdb0b3-2c32-494c-b6b3-b6162684d288,2026-10-10T06:12:26.832284+00:00,436,forecast,A,NS,2,0,0,0,11,2,0.0,0.0,0.0,0.4033,302,254.6124,921,619,90.4685,91.4685,619,627,144
8ebdb0b3-2c32-494c-b6b3-b6162684d288,2026-10-10T06:12:26.832284+00:00,436,forecast,B,EW,0,0,0,0,12,6,0.2016,1.0082,0.0,0.0,302,254.6124,921,619,90.4685,91.4685,619,627,144
8ebdb0b3-2c32-494c-b6b3-b6162684d288,2026-10-10T06:12:26.832284+00:00,436,forecast,C,EW,1,0,1,7,55,59,0.0,0.0,0.2016,0.0,302,254.6124,921,619,90.4685,91.4685,619,627,144
8ebdb0b3-2c32-494c-b6b3-b6162684d288,2026-10-10T06:12:26.832284+00:00,436,forecast,D,EW,0,0,2,63,77,7,0.0,0.2016,0.4033,0.0,302,254.6124,921,619,90.4685,91.4685,619,627,144
8ebdb0b3-2c32-494c-b6b3-b6162684d288,2026-10-10T06:12:27.833867+00:00,437,forecast,A,NS,1,0,0,0,10,2,0.0,0.0,0.0,0.3989,300,254.7162,921,621,90.7649,91.7649,621,627,144
8ebdb0b3-2c32-494c-b6b3-b6162684d288,2026-10-10T06:12:27.833867+00:00,437,forecast,B,EW,2,0,0,0,12,5,0.1994,0.9972,0.0,0.0,300,254.7162,921,621,90.7649,91.7649,621,627,144
8ebdb0b3-2c32-494c-b6b3-b6162684d288,2026-10-10T06:12:27.833867+00:00,437,forecast,C,EW,0,0,1,7,55,58,0.0,0.0,0.1994,0.0,300,254.7162,921,621,90.7649,91.7649,621,627,144
8ebdb0b3-2c32-494c-b6b3-b6162684d288,2026-10-10T06:12:27.833867+00:00,437,forecast,D,CLEAR,0,1,2,63,77,8,0.0,0.1994,0.3989,0.0,300,254.7162,921,621,90.7649,91.7649,621,627,144
8ebdb0b3-2c32-494c-b6b3-b6162684d288,2026-10-10T06:12:28.865444+00:00,438,forecast,A,NS,0,0,0,0,9,2,0.0,0.0,0.0,0.3957,298,254.8151,921,623,91.1188,92.1188,623,628,144
8ebdb0b3-2c32-494c-b6b3-b6162684d288,2026-10-10T06:12:28.865444+00:00,438,forecast,B,EW,1,0,0,0,12,5,0.1978,0.9892,0.0,0.0,298,254.8151,921,623,91.1188,92.1188,623,628,144
8ebdb0b3-2c32-494c-b6b3-b6162684d288,2026-10-10T06:12:28.865444+00:00,438,forecast,C,EW,5,0,1,6,55,57,0.0,0.0,0.1978,0.0,298,254.8151,921,623,91.1188,92.1188,623,628,144
8ebdb0b3-2c32-494c-b6b3-b6162684d288,2026-10-10T06:12:28.865444+00:00,438,forecast,D,NS,6,0,2,63,77,9,0.0,0.1978,0.3957,0.0,298,254.8151,921,623,91.1188,92.1188,623,628,144
8ebdb0b3-2c32-494c-b6b3-b6162684d288,2026-10-10T06:12:29.834815+00:00,439,forecast,A,CLEAR,0,1,0,0,9,2,0.0,0.0,0.0,0.3966,297,254.9112,921,624,91.4856,92.4856,624,629,144
8ebdb0b3-2c32-494c-b6b3-b6162684d288,2026-10-10T06:12:29.834815+00:00,439,forecast,B,EW,0,0,0,0,12,4,0.1983,0.9916,0.0,0.0,297,254.9112,921,624,91.4856,92.4856,624,629,144
8ebdb0b3-2c32-494c-b6b3-b6162684d288,2026-10-10T06:12:29.834815+00:00,439,forecast,C,EW,4,0,1,5,55,56,0.0,0.0,0.1983,0.0,297,254.9112,921,624,91.4856,92.4856,624,629,144
8ebdb0b3-2c32-494c-b6b3-b6162684d288,2026-10-10T06:12:29.834815+00:00,439,forecast,D,NS,5,0,3,63,77,10,0.0,0.1983,0.3966,0.0,297,254.9112,921,624,91.4856,92.4856,624,629,144
8ebdb0b3-2c32-494c-b6b3-b6162684d288,2026-10-10T06:12:30.839624+00:00,440,forecast,A,EW,2,0,0,0,9,1,0.0,0.0,0.0,0.4,295,255.0023,921,626,91.8323,92.8323,626,630,144
8ebdb0b3-2c32-494c-b6b3-b6162684d288,2026-10-10T06:12:30.839624+00:00,440,forecast,B,EW,2,0,0,0,12,4,0.2,0.9999,0.0,0.0,295,255.0023,921,626,91.8323,92.8323,626,630,144
8ebdb0b3-2c32-494c-b6b3-b6162684d288,2026-10-10T06:12:30.839624+00:00,440,forecast,C,EW,3,0,1,4,55,55,0.0,0.0,0.2,0.0,295,255.0023,921,626,91.8323,92.8323,626,630,144
8ebdb0b3-2c32-494c-b6b3-b6162684d288,2026-10-10T06:12:30.839624+00:00,440,forecast,D,NS,4,0,3,63,77,11,0.0,0.2,0.4,0.0,295,255.0023,921,626,91.8323,92.8323,626,630,144
8ebdb0b3-2c32-494c-b6b3-b6162684d288,2026-10-10T06:12:31.835890+00:00,441,forecast,A,EW,1,0,0,0,9,0,0.0,0.0,0.0,0.4037,293,255.0884,921,628,92.1672,93.1672,628,631,144
8ebdb0b3-2c32-494c-b6b3-b6162684d288,2026-10-10T06:12:31.835890+00:00,441,forecast,B,EW,1,0,0,0,12,4,0.2018,1.0092,0.0,0.0,293,255.0884,921,628,92.1672,93.1672,628,631,144
8ebdb0b3-2c32-494c-b6b3-b6162684d288,2026-10-10T06:12:31.835890+00:00,441,forecast,C,EW,2,0,1,3,55,54,0.0,0.0,0.2018,0.0,293,255.0884,921,628,92.1672,93.1672,628,631,144
8ebdb0b3-2c32-494c-b6b3-b6162684d288,2026-10-10T06:12:31.835890+00:00,441,forecast,D,NS,3,0,3,63,77,12,0.0,0.2018,0.4037,0.0,293,255.0884,921,628,92.1672,93.1672,628,631,144
8ebdb0b3-2c32-494c-b6b3-b6162684d288,2026-10-10T06:12:32.837032+00:00,442,forecast,A,EW,0,0,0,0,9,0,0.0,0.0,0.0,0.4029,290,255.1674,921,631,92.4675,93.4675,631,633,144
8ebdb0b3-2c32-494c-b6b3-b6162684d288,2026-10-10T06:12:32.837032+00:00,442,forecast,B,EW,0,0,0,0,12,3,0.2015,1.0073,0.0,0.0,290,255.1674,921,631,92.4675,93.4675,631,633,144
8ebdb0b3-2c32-494c-b6b3-b6162684d288,2026-10-10T06:12:32.837032+00:00,442,forecast,C,EW,1,0,1,2,55,54,0.0,0.0,0.2015,0.0,290,255.1674,921,631,92.4675,93.4675,631,633,144
8ebdb0b3-2c32-494c-b6b3-b6162684d288,2026-10-10T06:12:32.837032+00:00,442,forecast,D,NS,2,0,2,63,77,12,0.0,0.2015,0.4029,0.0,290,255.1674,921,631,92.4675,93.4675,631,633,144
8ebdb0b3-2c32-494c-b6b3-b6162684d288,2026-10-10T06:12:33.825843+00:00,443,forecast,A,CLEAR,0,1,0,0,9,0,0.0,0.0,0.0,0.4014,289,255.2438,921,632,92.7927,93.7927,632,635,144
8ebdb0b3-2c32-494c-b6b3-b6162684d288,2026-10-10T06:12:33.825843+00:00,443,forecast,B,EW,2,0,0,0,12,3,0.2007,1.0035,0.0,0.0,289,255.2438,921,632,92.7927,93.7927,632,635,144
8ebdb0b3-2c32-494c-b6b3-b6162684d288,2026-10-10T06:12:33.825843+00:00,443,forecast,C,EW,0,0,1,1,55,54,0.0,0.0,0.2007,0.0,289,255.2438,921,632,92.7927,93.7927,632,635,144
8ebdb0b3-2c32-494c-b6b3-b6162684d288,2026-10-10T06:12:33.825843+00:00,443,forecast,D,NS,1,0,2,63,77,12,0.0,0.2007,0.4014,0.0,289,255.2438,921,632,92.7927,93.7927,632,635,144
8ebdb0b3-2c32-494c-b6b3-b6162684d288,2026-10-10T06:12:34.838197+00:00,444,forecast,A,NS,1,0,0,0,8,0,0.0,0.0,0.0,0.3967,287,255.3153,921,634,93.0962,94.0962,634,636,144
8ebdb0b3-2c32-494c-b6b3-b6162684d288,2026-10-10T06:12:34.838197+00:00,444,forecast,B,EW,1,0,0,0,12,3,0.1984,0.9918,0.0,0.0,287,255.3153,921,634,93.0962,94.0962,634,636,144
8ebdb0b3-2c32-494c-b6b3-b6162684d288,2026-10-10T06:12:34.838197+00:00,444,forecast,C,CLEAR,0,1,1,1,55,54,0.0,0.0,0.1984,0.0,287,255.3153,921,634,93.0962,94.0962,634,636,144
8ebdb0b3-2c32-494c-b6b3-b6162684d288,2026-10-10T06:12:34.838197+00:00,444,forecast,D,NS,0,0,1,63,77,12,0.0,0.1984,0.3967,0.0,287,255.3153,921,634,93.0962,94.0962,634,636,144
8ebdb0b3-2c32-494c-b6b3-b6162684d288,2026-10-10T06:12:35.822011+00:00,445,forecast,A,NS,0,0,0,0,8,0,0.0,0.0,0.0,0.3957,285,255.382,921,636,93.3899,94.3899,636,637,144
8ebdb0b3-2c32-494c-b6b3-b6162684d288,2026-10-10T06:12:35.822011+00:00,445,forecast,B,EW,0,0,0,0,12,3,0.1978,0.9892,0.0,0.0,285,255.382,921,636,93.3899,94.3899,636,637,144
8ebdb0b3-2c32-494c-b6b3-b6162684d288,2026-10-10T06:12:35.822011+00:00,445,forecast,C,NS,5,0,0,1,54,54,0.0,0.0,0.1978,0.0,285,255.382,921,636,93.3899,94.3899,636,637,144
8ebdb0b3-2c32-494c-b6b3-b6162684d288,2026-10-10T06:12:35.822011+00:00,445,forecast,D,NS,6,0,1,63,77,12,0.0,0.1978,0.3957,0.0,285,255.382,921,636,93.3899,94.3899,636,637,144
8ebdb0b3-2c32-494c-b6b3-b6162684d288,2026-10-10T06:12:36.821345+00:00,446,forecast,A,NS,1,0,0,0,8,0,0.0,0.0,0.0,0.3992,283,255.4439,921,638,94.0016,95.0016,638,638,144
8ebdb0b3-2c32-494c-b6b3-b6162684d288,2026-10-10T06:12:36.821345+00:00,446,forecast,B,EW,2,0,0,0,12,2,0.1996,0.9979,0.0,0.0,283,255.4439,921,638,94.0016,95.0016,638,638,144
8ebdb0b3-2c32-494c-b6b3-b6162684d288,2026-10-10T06:12:36.821345+00:00,446,forecast,C,NS,4,0,0,1,53,54,0.0,0.0,0.1996,0.0,283,255.4439,921,638,94.0016,95.0016,638,638,144
8ebdb0b3-2c32-494c-b6b3-b6162684d288,2026-10-10T06:12:36.821345+00:00,446,forecast,D,NS,5,0,1,63,77,12,0.0,0.1996,0.3992,0.0,283,255.4439,921,638,94.0016,95.0016,638,638,144
8ebdb0b3-2c32-494c-b6b3-b6162684d288,2026-10-10T06:12:37.823654+00:00,447,forecast,A,NS,0,0,0,0,8,0,0.0,0.0,0.0,0.4027,281,255.5011,921,640,94.2906,95.2906,640,639,144
8ebdb0b3-2c32-494c-b6b3-b6162684d288,2026-10-10T06:12:37.823654+00:00,447,forecast,B,EW,1,0,0,0,12,2,0.2013,1.0067,0.0,0.0,281,255.5011,921,640,94.2906,95.2906,640,639,144
8ebdb0b3-2c32-494c-b6b3-b6162684d288,2026-10-10T06:12:37.823654+00:00,447,forecast,C,NS,3,0,0,1,52,54,0.0,0.0,0.2013,0.0,281,255.5011,921,640,94.2906,95.2906,640,639,144
8ebdb0b3-2c32-494c-b6b3-b6162684d288,2026-10-10T06:12:37.823654+00:00,447,forecast,D,NS,4,0,0,63,77,12,0.0,0.2013,0.4027,0.0,281,255.5011,921,640,94.2906,95.2906,640,639,144
8ebdb0b3-2c32-494c-b6b3-b6162684d288,2026-10-10T06:12:38.860302+00:00,448,forecast,A,NS,1,0,0,0,8,0,0.0,0.0,0.0,0.4029,281,255.558,921,640,94.2906,95.2906,640,640,144
8ebdb0b3-2c32-494c-b6b3-b6162684d288,2026-10-10T06:12:38.860302+00:00,448,forecast,B,EW,0,0,0,0,12,2,0.2015,1.0074,0.0,0.0,281,255.558,921,640,94.2906,95.2906,640,640,144
8ebdb0b3-2c32-494c-b6b3-b6162684d288,2026-10-10T06:12:38.860302+00:00,448,forecast,C,NS,2,0,0,1,51,54,0.0,0.0,0.2015,0.0,281,255.558,921,640,94.2906,95.2906,640,640,144
8ebdb0b3-2c32-494c-b6b3-b6162684d288,2026-10-10T06:12:38.860302+00:00,448,forecast,D,NS,3,0,1,63,77,12,0.0,0.2015,0.4029,0.0,281,255.558,921,640,94.2906,95.2906,640,640,144
8ebdb0b3-2c32-494c-b6b3-b6162684d288,2026-10-10T06:12:39.822831+00:00,449,forecast,A,NS,0,0,0,0,8,0,0.0,0.0,0.0,0.3997,280,255.6125,921,641,94.273,95.273,641,641,144
8ebdb0b3-2c32-494c-b6b3-b6162684d288,2026-10-10T06:12:39.822831+00:00,449,forecast,B,EW,2,0,0,0,12,2,0.1999,0.9993,0.0,0.0,280,255.6125,921,641,94.273,95.273,641,641,144
8ebdb0b3-2c32-494c-b6b3-b6162684d288,2026-10-10T06:12:39.822831+00:00,449,forecast,C,NS,1,0,0,1,50,54,0.0,0.0,0.1999,0.0,280,255.6125,921,641,94.273,95.273,641,641,144
8ebdb0b3-2c32-494c-b6b3-b6162684d288,2026-10-10T06:12:39.822831+00:00,449,forecast,D,NS,2,0,1,63,77,12,0.0,0.1999,0.3997,0.0,280,255.6125,921,641,94.273,95.273,641,641,144
8ebdb0b3-2c32-494c-b6b3-b6162684d288,2026-10-10T06:12:40.827234+00:00,450,forecast,A,NS,1,0,0,0,8,0,0.0,0.0,0.0,0.3968,280,255.6667,921,641,94.273,95.273,641,642,144
8ebdb0b3-2c32-494c-b6b3-b6162684d288,2026-10-10T06:12:40.827234+00:00,450,forecast,B,EW,1,0,0,0,12,3,0.1984,0.9919,0.0,0.0,280,255.6667,921,641,94.273,95.273,641,642,144
8ebdb0b3-2c32-494c-b6b3-b6162684d288,2026-10-10T06:12:40.827234+00:00,450,forecast,C,NS,0,0,0,1,49,54,0.0,0.0,0.1984,0.0,280,255.6667,921,641,94.273,95.273,641,642,144
8ebdb0b3-2c32-494c-b6b3-b6162684d288,2026-10-10T06:12:40.827234+00:00,450,forecast,D,NS,1,0,1,63,77,12,0.0,0.1984,0.3968,0.0,280,255.6667,921,641,94.273,95.273,641,642,144
8ebdb0b3-2c32-494c-b6b3-b6162684d288,2026-10-10T06:12:41.827045+00:00,451,forecast,A,NS,0,0,0,0,7,0,0.0,0.0,0.0,0.3978,279,255.7184,921,642,94.5623,95.5623,642,643,144
8ebdb0b3-2c32-494c-b6b3-b6162684d288,2026-10-10T06:12:41.827045+00:00,451,forecast,B,EW,0,0,0,0,12,3,0.1989,0.9944,0.0,0.0,279,255.7184,921,642,94.5623,95.5623,642,643,144
8ebdb0b3-2c32-494c-b6b3-b6162684d288,2026-10-10T06:12:41.827045+00:00,451,forecast,C,CLEAR,0,1,0,1,49,54,0.0,0.0,0.1989,0.0,279,255.7184,921,642,94.5623,95.5623,642,643,144
8ebdb0b3-2c32-494c-b6b3-b6162684d288,2026-10-10T06:12:41.827045+00:00,451,forecast,D,NS,0,0,1,63,77,12,0.0,0.1989,0.3978,0.0,279,255.7184,921,642,94.5623,95.5623,642,643,144
8ebdb0b3-2c32-494c-b6b3-b6162684d288,2026-10-10T06:12:42.824086+00:00,452,forecast,A,NS,1,0,0,0,6,0,0.0,0.0,0.0,0.3998,277,255.7655,921,644,95.1755,96.1755,644,645,144
8ebdb0b3-2c32-494c-b6b3-b6162684d288,2026-10-10T06:12:42.824086+00:00,452,forecast,B,EW,2,0,0,0,12,3,0.1999,0.9996,0.0,0.0,277,255.7655,921,644,95.1755,96.1755,644,645,144
8ebdb0b3-2c32-494c-b6b3-b6162684d288,2026-10-10T06:12:42.824086+00:00,452,forecast,C,EW,4,0,0,0,49,54,0.0,0.0,0.1999,0.0,277,255.7655,921,644,95.1755,96.1755,644,645,144
8ebdb0b3-2c32-494c-b6b3-b6162684d288,2026-10-10T06:12:42.824086+00:00,452,forecast,D,NS,6,0,1,63,77,12,0.0,0.1999,0.3998,0.0,277,255.7655,921,644,95.1755,96.1755,644,645,144
8ebdb0b3-2c32-494c-b6b3-b6162684d288,2026-10-10T06:12:43.837017+00:00,453,forecast,A,NS,0,0,0,0,5,0,0.0,0.0,0.0,0.4032,276,255.8102,921,645,95.4589,96.4589,645,647,144
8ebdb0b3-2c32-494c-b6b3-b6162684d288,2026-10-10T06:12:43.837017+00:00,453,forecast,B,EW,1,0,0,0,12,3,0.2016,1.0081,0.0,0.0,276,255.8102,921,645,95.4589,96.4589,645,647,144
8ebdb0b3-2c32-494c-b6b3-b6162684d288,2026-10-10T06:12:43.837017+00:00,453,forecast,C,EW,3,0,0,0,49,54,0.0,0.0,0.2016,0.0,276,255.8102,921,645,95.4589,96.4589,645,647,144
8ebdb0b3-2c32-494c-b6b3-b6162684d288,2026-10-10T06:12:43.837017+00:00,453,forecast,D,NS,5,0,1,63,77,12,0.0,0.2016,0.4032,0.0,276,255.8102,921,645,95.4589,96.4589,645,647,144
8ebdb0b3-2c32-494c-b6b3-b6162684d288,2026-10-10T06:12:44.851292+00:00,454,forecast,A,NS,1,0,0,0,4,0,0.0,0.0,0.0,0.4026,276,255.8546,921,645,95.4589,96.4589,645,649,144
8ebdb0b3-2c32-494c-b6b3-b6162684d288,2026-10-10T06:12:44.851292+00:00,454,forecast,B,EW,0,0,0,0,12,4,0.2013,1.0066,0.0,0.0,276,255.8546,921,645,95.4589,96.4589,645,649,144
8ebdb0b3-2c32-494c-b6b3-b6162684d288,2026-10-10T06:12:44.851292+00:00,454,forecast,C,EW,2,0,0,0,49,54,0.0,0.0,0.2013,0.0,276,255.8546,921,645,95.4589,96.4589,645,649,144
8ebdb0b3-2c32-494c-b6b3-b6162684d288,2026-10-10T06:12:44.851292+00:00,454,forecast,D,NS,4,0,1,63,77,12,0.0,0.2013,0.4026,0.0,276,255.8546,921,645,95.4589,96.4589,645,649,144
8ebdb0b3-2c32-494c-b6b3-b6162684d288,2026-10-10T06:12:45.831934+00:00,455,forecast,A,NS,0,0,0,0,3,0,0.0,0.0,0.0,0.3995,276,255.8989,921,645,95.4589,96.4589,645,651,144
8ebdb0b3-2c32-494c-b6b3-b6162684d288,2026-10-10T06:12:45.831934+00:00,455,forecast,B,EW,2,0,0,0,12,5,0.1997,0.9987,0.0,0.0,276,255.8989,921,645,95.4589,96.4589,645,651,144
8ebdb0b3-2c32-494c-b6b3-b6162684d288,2026-10-10T06:12:45.831934+00:00,455,forecast,C,EW,1,0,0,0,49,54,0.0,0.0,0.1997,0.0,276,255.8989,921,645,95.4589,96.4589,645,651,144
8ebdb0b3-2c32-494c-b6b3-b6162684d288,2026-10-10T06:12:45.831934+00:00,455,forecast,D,NS,3,0,1,63,77,12,0.0,0.1997,0.3995,0.0,276,255.8989,921,645,95.4589,96.4589,645,651,144
8ebdb0b3-2c32-494c-b6b3-b6162684d288,2026-10-10T06:12:46.840538+00:00,456,forecast,A,NS,1,0,0,0,2,0,0.0,0.0,0.0,0.397,273,255.9364,921,648,96.0247,97.0247,648,653,144
8ebdb0b3-2c32-494c-b6b3-b6162684d288,2026-10-10T06:12:46.840538+00:00,456,forecast,B,EW,1,0,0,0,12,4,0.1985,0.9926,0.0,0.0,273,255.9364,921,648,96.0247,97.0247,648,653,144
8ebdb0b3-2c32-494c-b6b3-b6162684d288,2026-10-10T06:12:46.840538+00:00,456,forecast,C,EW,0,0,0,0,49,54,0.0,0.0,0.1985,0.0,273,255.9364,921,648,96.0247,97.0247,648,653,144
8ebdb0b3-2c32-494c-b6b3-b6162684d288,2026-10-10T06:12:46.840538+00:00,456,forecast,D,NS,2,0,0,63,77,12,0.0,0.1985,0.397,0.0,273,255.9364,921,648,96.0247,97.0247,648,653,144
8ebdb0b3-2c32-494c-b6b3-b6162684d288,2026-10-10T06:12:47.841027+00:00,457,forecast,A,NS,0,0,0,0,1,0,0.0,0.0,0.0,0.3979,272,255.9716,921,649,96.3205,97.3205,649,655,144
8ebdb0b3-2c32-494c-b6b3-b6162684d288,2026-10-10T06:12:47.841027+00:00,457,forecast,B,EW,0,0,0,0,12,4,0.1989,0.9947,0.0,0.0,272,255.9716,921,649,96.3205,97.3205,649,655,144
8ebdb0b3-2c32-494c-b6b3-b6162684d288,2026-10-10T06:12:47.841027+00:00,457,forecast,C,EW,4,0,0,0,49,54,0.0,0.0,0.1989,0.0,272,255.9716,921,649,96.3205,97.3205,649,655,144
8ebdb0b3-2c32-494c-b6b3-b6162684d288,2026-10-10T06:12:47.841027+00:00,457,forecast,D,NS,1,0,0,63,77,12,0.0,0.1989,0.3979,0.0,272,255.9716,921,649,96.3205,97.3205,649,655,144
8ebdb0b3-2c32-494c-b6b3-b6162684d288,2026-10-10T06:12:48.825017+00:00,458,forecast,A,NS,1,0,0,0,0,0,0.0,0.0,0.0,0.4001,270,256.0022,921,651,96.8863,97.8863,651,657,144
8ebdb0b3-2c32-494c-b6b3-b6162684d288,2026-10-10T06:12:48.825017+00:00,458,forecast,B,EW,2,0,0,0,12,3,0.2001,1.0003,0.0,0.0,270,256.0022,921,651,96.8863,97.8863,651,657,144
8ebdb0b3-2c32-494c-b6b3-b6162684d288,2026-10-10T06:12:48.825017+00:00,458,forecast,C,EW,3,0,0,0,49,54,0.0,0.0,0.2001,0.0,270,256.0022,921,651,96.8863,97.8863,651,657,144
8ebdb0b3-2c32-494c-b6b3-b6162684d288,2026-10-10T06:12:48.825017+00:00,458,forecast,D,NS,0,0,0,63,77,12,0.0,0.2001,0.4001,0.0,270,256.0022,921,651,96.8863,97.8863,651,657,144
8ebdb0b3-2c32-494c-b6b3-b6162684d288,2026-10-10T06:12:49.827529+00:00,459,forecast,A,NS,0,0,0,0,0,0,0.0,0.0,0.0,0.4042,270,256.0327,921,651,96.8863,97.8863,651,658,144
8ebdb0b3-2c32-494c-b6b3-b6162684d288,2026-10-10T06:12:49.827529+00:00,459,forecast,B,EW,1,0,0,0,12,3,0.2021,1.0105,0.0,0.0,270,256.0327,921,651,96.8863,97.8863,651,658,144
8ebdb0b3-2c32-494c-b6b3-b6162684d288,2026-10-10T06:12:49.827529+00:00,459,forecast,C,EW,2,0,0,0,49,54,0.0,0.0,0.2021,0.0,270,256.0327,921,651,96.8863,97.8863,651,658,144
8ebdb0b3-2c32-494c-b6b3-b6162684d288,2026-10-10T06:12:49.827529+00:00,459,forecast,D,CLEAR,0,1,0,63,77,12,0.0,0.2021,0.4042,0.0,270,256.0327,921,651,96.8863,97.8863,651,658,144
8ebdb0b3-2c32-494c-b6b3-b6162684d288,2026-10-10T06:12:50.842210+00:00,460,forecast,A,CLEAR,0,1,0,0,0,0,0.0,0.0,0.0,0.4037,269,256.0609,921,652,97.2316,98.2316,652,659,144
8ebdb0b3-2c32-494c-b6b3-b6162684d288,2026-10-10T06:12:50.842210+00:00,460,forecast,B,EW,0,0,0,0,12,3,0.2018,1.0092,0.0,0.0,269,256.0609,921,652,97.2316,98.2316,652,659,144
8ebdb0b3-2c32-494c-b6b3-b6162684d288,2026-10-10T06:12:50.842210+00:00,460,forecast,C,EW,1,0,0,1,49,54,0.0,0.0,0.2018,0.0,269,256.0609,921,652,97.2316,98.2316,652,659,144
8ebdb0b3-2c32-494c-b6b3-b6162684d288,2026-10-10T06:12:50.842210+00:00,460,forecast,D,EW,6,0,0,62,77,11,0.0,0.2018,0.4037,0.0,269,256.0609,921,652,97.2316,98.2316,652,659,144
8ebdb0b3-2c32-494c-b6b3-b6162684d288,2026-10-10T06:12:51.843287+00:00,461,forecast,A,EW,1,0,0,0,0,0,0.0,0.0,0.0,0.3998,268,256.0868,921,653,97.5712,98.5712,653,659,144
8ebdb0b3-2c32-494c-b6b3-b6162684d288,2026-10-10T06:12:51.843287+00:00,461,forecast,B,EW,2,0,0,0,12,3,0.1999,0.9994,0.0,0.0,268,256.0868,921,653,97.5712,98.5712,653,659,144
8ebdb0b3-2c32-494c-b6b3-b6162684d288,2026-10-10T06:12:51.843287+00:00,461,forecast,C,EW,0,0,0,2,49,53,0.0,0.0,0.1999,0.0,268,256.0868,921,653,97.5712,98.5712,653,659,144
8ebdb0b3-2c32-494c-b6b3-b6162684d288,2026-10-10T06:12:51.843287+00:00,461,forecast,D,EW,5,0,0,61,77,11,0.0,0.1999,0.3998,0.0,268,256.0868,921,653,97.5712,98.5712,653,659,144
8ebdb0b3-2c32-494c-b6b3-b6162684d288,2026-10-10T06:12:52.831893+00:00,462,forecast,A,EW,0,0,0,0,0,0,0.0,0.0,0.0,0.3971,266,256.1082,921,655,98.1878,99.1878,655,659,144
8ebdb0b3-2c32-494c-b6b3-b6162684d288,2026-10-10T06:12:52.831893+00:00,462,forecast,B,EW,1,0,0,0,12,2,0.1986,0.9928,0.0,0.0,266,256.1082,921,655,98.1878,99.1878,655,659,144
8ebdb0b3-2c32-494c-b6b3-b6162684d288,2026-10-10T06:12:52.831893+00:00,462,forecast,C,EW,4,0,0,3,49,52,0.0,0.0,0.1986,0.0,266,256.1082,921,655,98.1878,99.1878,655,659,144
8ebdb0b3-2c32-494c-b6b3-b6162684d288,2026-10-10T06:12:52.831893+00:00,462,forecast,D,EW,4,0,0,60,77,11,0.0,0.1986,0.3971,0.0,266,256.1082,921,655,98.1878,99.1878,655,659,144
8ebdb0b3-2c32-494c-b6b3-b6162684d288,2026-10-10T06:12:53.841305+00:00,463,forecast,A,EW,1,0,0,0,0,0,0.0,0.0,0.0,0.396,264,256.1253,921,657,98.7991,99.7991,657,659,144
8ebdb0b3-2c32-494c-b6b3-b6162684d288,2026-10-10T06:12:53.841305+00:00,463,forecast,B,EW,0,0,0,0,12,1,0.198,0.9899,0.0,0.0,264,256.1253,921,657,98.7991,99.7991,657,659,144
8ebdb0b3-2c32-494c-b6b3-b6162684d288,2026-10-10T06:12:53.841305+00:00,463,forecast,C,EW,3,0,0,4,49,51,0.0,0.0,0.198,0.0,264,256.1253,921,657,98.7991,99.7991,657,659,144
8ebdb0b3-2c32-494c-b6b3-b6162684d288,2026-10-10T06:12:53.841305+00:00,463,forecast,D,EW,3,0,0,59,77,11,0.0,0.198,0.396,0.0,264,256.1253,921,657,98.7991,99.7991,657,659,144
8ebdb0b3-2c32-494c-b6b3-b6162684d288,2026-10-10T06:12:54.833061+00:00,464,forecast,A,EW,0,0,0,0,0,0,0.0,0.0,0.0,0.3999,263,256.1401,921,658,99.1201,100.1201,658,659,144
8ebdb0b3-2c32-494c-b6b3-b6162684d288,2026-10-10T06:12:54.833061+00:00,464,forecast,B,EW,2,0,0,0,12,1,0.1999,0.9997,0.0,0.0,263,256.1401,921,658,99.1201,100.1201,658,659,144
8ebdb0b3-2c32-494c-b6b3-b6162684d288,2026-10-10T06:12:54.833061+00:00,464,forecast,C,EW,2,0,0,5,49,50,0.0,0.0,0.1999,0.0,263,256.1401,921,658,99.1201,100.1201,658,659,144
8ebdb0b3-2c32-494c-b6b3-b6162684d288,2026-10-10T06:12:54.833061+00:00,464,forecast,D,EW,2,0,0,58,77,11,0.0,0.1999,0.3999,0.0,263,256.1401,921,658,99.1201,100.1201,658,659,144
8ebdb0b3-2c32-494c-b6b3-b6162684d288,2026-10-10T06:12:55.826686+00:00,465,forecast,A,EW,1,0,0,0,0,0,0.0,0.0,0.0,0.4033,261,256.1505,921,660,99.7106,100.7106,660,659,144
8ebdb0b3-2c32-494c-b6b3-b6162684d288,2026-10-10T06:12:55.826686+00:00,465,forecast,B,EW,1,0,0,0,12,0,0.2017,1.0083,0.0,0.0,261,256.1505,921,660,99.7106,100.7106,660,659,144
8ebdb0b3-2c32-494c-b6b3-b6162684d288,2026-10-10T06:12:55.826686+00:00,465,forecast,C,EW,1,0,0,6,49,49,0.0,0.0,0.2017,0.0,261,256.1505,921,660,99.7106,100.7106,660,659,144
8ebdb0b3-2c32-494c-b6b3-b6162684d288,2026-10-10T06:12:55.826686+00:00,465,forecast,D,EW,1,0,0,57,77,11,0.0,0.2017,0.4033,0.0,261,256.1505,921,660,99.7106,100.7106,660,659,144
8ebdb0b3-2c32-494c-b6b3-b6162684d288,2026-10-10T06:12:56.853000+00:00,466,forecast,A,EW,0,0,0,0,0,0,0.0,0.0,0.0,0.4053,260,256.1588,921,661,100.0272,101.0272,661,659,144
8ebdb0b3-2c32-494c-b6b3-b6162684d288,2026-10-10T06:12:56.853000+00:00,466,forecast,B,EW,0,0,0,0,12,0,0.2026,1.0132,0.0,0.0,260,256.1588,921,661,100.0272,101.0272,661,659,144
8ebdb0b3-2c32-494c-b6b3-b6162684d288,2026-10-10T06:12:56.853000+00:00,466,forecast,C,EW,0,0,0,7,49,48,0.0,0.0,0.2026,0.0,260,256.1588,921,661,100.0272,101.0272,661,659,144
8ebdb0b3-2c32-494c-b6b3-b6162684d288,2026-10-10T06:12:56.853000+00:00,466,forecast,D,EW,0,0,0,56,77,11,0.0,0.2026,0.4053,0.0,260,256.1588,921,661,100.0272,101.0272,661,659,144
8ebdb0b3-2c32-494c-b6b3-b6162684d288,2026-10-10T06:12:57.833978+00:00,467,forecast,A,EW,1,0,0,0,0,0,0.0,0.0,0.0,0.4003,260,256.167,921,661,100.0272,101.0272,661,659,144
8ebdb0b3-2c32-494c-b6b3-b6162684d288,2026-10-10T06:12:57.833978+00:00,467,forecast,B,CLEAR,0,1,0,0,12,0,0.2001,1.0007,0.0,0.0,260,256.167,921,661,100.0272,101.0272,661,659,144
8ebdb0b3-2c32-494c-b6b3-b6162684d288,2026-10-10T06:12:57.833978+00:00,467,forecast,C,EW,4,0,0,7,49,47,0.0,0.0,0.2001,0.0,260,256.167,921,661,100.0272,101.0272,661,659,144
8ebdb0b3-2c32-494c-b6b3-b6162684d288,2026-10-10T06:12:57.833978+00:00,467,forecast,D,CLEAR,0,1,0,56,77,12,0.0,0.2001,0.4003,0.0,260,256.167,921,661,100.0272,101.0272,661,659,144
8ebdb0b3-2c32-494c-b6b3-b6162684d288,2026-10-10T06:12:58.830997+00:00,468,forecast,A,EW,0,0,0,1,0,0,0.0,0.0,0.0,0.3967,259,256.1731,921,662,100.3595,101.3595,662,660,144
8ebdb0b3-2c32-494c-b6b3-b6162684d288,2026-10-10T06:12:58.830997+00:00,468,forecast,B,NS,2,0,0,0,12,0,0.1984,0.9919,0.0,0.0,259,256.1731,921,662,100.3595,101.3595,662,660,144
8ebdb0b3-2c32-494c-b6b3-b6162684d288,2026-10-10T06:12:58.830997+00:00,468,forecast,C,EW,3,0,0,6,49,47,0.0,0.0,0.1984,0.0,259,256.1731,921,662,100.3595,101.3595,662,660,144
8ebdb0b3-2c32-494c-b6b3-b6162684d288,2026-10-10T06:12:58.830997+00:00,468,forecast,D,NS,5,0,0,56,76,12,0.0,0.1984,0.3967,0.0,259,256.1731,921,662,100.3595,101.3595,662,660,144
8ebdb0b3-2c32-494c-b6b3-b6162684d288,2026-10-10T06:12:59.835090+00:00,469,forecast,A,EW,2,0,0,1,0,0,0.0,0.0,0.0,0.3963,257,256.1748,921,664,100.9413,101.9413,664,661,144
8ebdb0b3-2c32-494c-b6b3-b6162684d288,2026-10-10T06:12:59.835090+00:00,469,forecast,B,NS,1,0,0,0,12,0,0.1982,0.9908,0.0,0.0,257,256.1748,921,664,100.9413,101.9413,664,661,144
8ebdb0b3-2c32-494c-b6b3-b6162684d288,2026-10-10T06:12:59.835090+00:00,469,forecast,C,EW,2,0,0,5,49,47,0.0,0.0,0.1982,0.0,257,256.1748,921,664,100.9413,101.9413,664,661,144
8ebdb0b3-2c32-494c-b6b3-b6162684d288,2026-10-10T06:12:59.835090+00:00,469,forecast,D,NS,4,0,0,56,75,12,0.0,0.1982,0.3963,0.0,257,256.1748,921,664,100.9413,101.9413,664,661,144
8ebdb0b3-2c32-494c-b6b3-b6162684d288,2026-10-10T06:13:00.848089+00:00,470,forecast,A,EW,1,0,0,2,0,0,0.0,0.0,0.0,0.3978,256,256.1745,921,665,101.2617,102.2617,665,662,144
8ebdb0b3-2c32-494c-b6b3-b6162684d288,2026-10-10T06:13:00.848089+00:00,470,forecast,B,NS,0,0,0,0,12,0,0.1989,0.9945,0.0,0.0,256,256.1745,921,665,101.2617,102.2617,665,662,144
8ebdb0b3-2c32-494c-b6b3-b6162684d288,2026-10-10T06:13:00.848089+00:00,470,forecast,C,EW,1,0,0,4,49,47,0.0,0.0,0.1989,0.0,256,256.1745,921,665,101.2617,102.2617,665,662,144
8ebdb0b3-2c32-494c-b6b3-b6162684d288,2026-10-10T06:13:00.848089+00:00,470,forecast,D,NS,3,0,0,56,74,12,0.0,0.1989,0.3978,0.0,256,256.1745,921,665,101.2617,102.2617,665,662,144
8ebdb0b3-2c32-494c-b6b3-b6162684d288,2026-10-10T06:13:01.836957+00:00,471,forecast,A,EW,0,0,0,3,0,0,0.0,0.0,0.0,0.4018,255,256.172,921,666,101.5766,102.5766,666,663,144
8ebdb0b3-2c32-494c-b6b3-b6162684d288,2026-10-10T06:13:01.836957+00:00,471,forecast,B,NS,2,0,0,0,12,0,0.2009,1.0046,0.0,0.0,255,256.172,921,666,101.5766,102.5766,666,663,144
8ebdb0b3-2c32-494c-b6b3-b6162684d288,2026-10-10T06:13:01.836957+00:00,471,forecast,C,EW,0,0,0,3,49,47,0.0,0.0,0.2009,0.0,255,256.172,921,666,101.5766,102.5766,666,663,144
8ebdb0b3-2c32-494c-b6b3-b6162684d288,2026-10-10T06:13:01.836957+00:00,471,forecast,D,NS,2,0,0,56,73,12,0.0,0.2009,0.4018,0.0,255,256.172,921,666,101.5766,102.5766,666,663,144
8ebdb0b3-2c32-494c-b6b3-b6162684d288,2026-10-10T06:13:02.834872+00:00,472,forecast,A,EW,2,0,0,3,0,0,0.0,0.0,0.0,0.4041,253,256.1653,921,668,102.1392,103.1392,668,664,144
8ebdb0b3-2c32-494c-b6b3-b6162684d288,2026-10-10T06:13:02.834872+00:00,472,forecast,B,NS,1,0,0,0,12,0,0.2021,1.0103,0.0,0.0,253,256.1653,921,668,102.1392,103.1392,668,664,144
8ebdb0b3-2c32-494c-b6b3-b6162684d288,2026-10-10T06:13:02.834872+00:00,472,forecast,C,EW,4,0,0,2,49,47,0.0,0.0,0.2021,0.0,253,256.1653,921,668,102.1392,103.1392,668,664,144
8ebdb0b3-2c32-494c-b6b3-b6162684d288,2026-10-10T06:13:02.834872+00:00,472,forecast,D,NS,1,0,0,56,72,12,0.0,0.2021,0.4041,0.0,253,256.1653,921,668,102.1392,103.1392,668,664,144
8ebdb0b3-2c32-494c-b6b3-b6162684d288,2026-10-10T06:13:03.833847+00:00,473,forecast,A,EW,1,0,0,4,0,0,0.0,0.0,0.0,0.4032,252,256.1564,921,669,102.4425,103.4425,669,665,144
8ebdb0b3-2c32-494c-b6b3-b6162684d288,2026-10-10T06:13:03.833847+00:00,473,forecast,B,NS,0,0,0,0,12,0,0.2016,1.008,0.0,0.0,252,256.1564,921,669,102.4425,103.4425,669,665,144
8ebdb0b3-2c32-494c-b6b3-b6162684d288,2026-10-10T06:13:03.833847+00:00,473,forecast,C,EW,3,0,0,1,49,47,0.0,0.0,0.2016,0.0,252,256.1564,921,669,102.4425,103.4425,669,665,144
8ebdb0b3-2c32-494c-b6b3-b6162684d288,2026-10-10T06:13:03.833847+00:00,473,forecast,D,NS,0,0,0,56,71,12,0.0,0.2016,0.4032,0.0,252,256.1564,921,669,102.4425,103.4425,669,665,144
8ebdb0b3-2c32-494c-b6b3-b6162684d288,2026-10-10T06:13:04.834388+00:00,474,forecast,A,EW,0,0,0,4,0,0,0.0,0.0,0.0,0.3988,250,256.1435,921,671,102.9747,103.9747,671,666,144
8ebdb0b3-2c32-494c-b6b3-b6162684d288,2026-10-10T06:13:04.834388+00:00,474,forecast,B,NS,2,0,0,0,11,0,0.1994,0.9969,0.0,0.0,250,256.1435,921,671,102.9747,103.9747,671,666,144
8ebdb0b3-2c32-494c-b6b3-b6162684d288,2026-10-10T06:13:04.834388+00:00,474,forecast,C,EW,2,0,0,0,49,47,0.0,0.0,0.1994,0.0,250,256.1435,921,671,102.9747,103.9747,671,666,144
8ebdb0b3-2c32-494c-b6b3-b6162684d288,2026-10-10T06:13:04.834388+00:00,474,forecast,D,CLEAR,0,1,0,56,71,12,0.0,0.1994,0.3988,0.0,250,256.1435,921,671,102.9747,103.9747,671,666,144
8ebdb0b3-2c32-494c-b6b3-b6162684d288,2026-10-10T06:13:05.936746+00:00,475,forecast,A,EW,2,0,0,4,0,0,0.0,0.0,0.0,0.3956,248,256.1263,921,673,103.5275,104.5275,673,667,144
8ebdb0b3-2c32-494c-b6b3-b6162684d288,2026-10-10T06:13:05.936746+00:00,475,forecast,B,NS,1,0,0,0,10,0,0.1978,0.9891,0.0,0.0,248,256.1263,921,673,103.5275,104.5275,673,667,144
8ebdb0b3-2c32-494c-b6b3-b6162684d288,2026-10-10T06:13:05.936746+00:00,475,forecast,C,EW,1,0,0,1,49,47,0.0,0.0,0.1978,0.0,248,256.1263,921,673,103.5275,104.5275,673,667,144
8ebdb0b3-2c32-494c-b6b3-b6162684d288,2026-10-10T06:13:05.936746+00:00,475,forecast,D,EW,5,0,0,55,71,11,0.0,0.1978,0.3956,0.0,248,256.1263,921,673,103.5275,104.5275,673,667,144
8ebdb0b3-2c32-494c-b6b3-b6162684d288,2026-10-10T06:13:06.832038+00:00,476,forecast,A,EW,1,0,0,4,0,0,0.0,0.0,0.0,0.3968,246,256.105,921,675,104.1022,105.1022,675,667,144
8ebdb0b3-2c32-494c-b6b3-b6162684d288,2026-10-10T06:13:06.832038+00:00,476,forecast,B,NS,0,0,0,0,9,0,0.1984,0.992,0.0,0.0,246,256.105,921,675,104.1022,105.1022,675,667,144
8ebdb0b3-2c32-494c-b6b3-b6162684d288,2026-10-10T06:13:06.832038+00:00,476,forecast,C,EW,0,0,0,2,49,46,0.0,0.0,0.1984,0.0,246,256.105,921,675,104.1022,105.1022,675,667,144
8ebdb0b3-2c32-494c-b6b3-b6162684d288,2026-10-10T06:13:06.832038+00:00,476,forecast,D,EW,4,0,0,54,71,11,0.0,0.1984,0.3968,0.0,246,256.105,921,675,104.1022,105.1022,675,667,144
8ebdb0b3-2c32-494c-b6b3-b6162684d288,2026-10-10T06:13:07.834257+00:00,477,forecast,A,EW,0,0,0,4,0,0,0.0,0.0,0.0,0.4,244,256.0797,921,677,104.6322,105.6322,677,667,144
8ebdb0b3-2c32-494c-b6b3-b6162684d288,2026-10-10T06:13:07.834257+00:00,477,forecast,B,NS,2,0,0,0,8,0,0.2,1.0001,0.0,0.0,244,256.0797,921,677,104.6322,105.6322,677,667,144
8ebdb0b3-2c32-494c-b6b3-b6162684d288,2026-10-10T06:13:07.834257+00:00,477,forecast,C,EW,4,0,0,3,49,45,0.0,0.0,0.2,0.0,244,256.0797,921,677,104.6322,105.6322,677,667,144
8ebdb0b3-2c32-494c-b6b3-b6162684d288,2026-10-10T06:13:07.834257+00:00,477,forecast,D,EW,3,0,0,53,71,11,0.0,0.2,0.4,0.0,244,256.0797,921,677,104.6322,105.6322,677,667,144
8ebdb0b3-2c32-494c-b6b3-b6162684d288,2026-10-10T06:13:08.859904+00:00,478,forecast,A,EW,2,0,0,4,0,0,0.0,0.0,0.0,0.4035,242,256.0502,921,679,105.1811,106.1811,679,667,144
8ebdb0b3-2c32-494c-b6b3-b6162684d288,2026-10-10T06:13:08.859904+00:00,478,forecast,B,NS,1,0,0,0,7,0,0.2018,1.0088,0.0,0.0,242,256.0502,921,679,105.1811,106.1811,679,667,144
8ebdb0b3-2c32-494c-b6b3-b6162684d288,2026-10-10T06:13:08.859904+00:00,478,forecast,C,EW,3,0,0,4,49,44,0.0,0.0,0.2018,0.0,242,256.0502,921,679,105.1811,106.1811,679,667,144
8ebdb0b3-2c32-494c-b6b3-b6162684d288,2026-10-10T06:13:08.859904+00:00,478,forecast,D,EW,2,0,0,52,71,11,0.0,0.2018,0.4035,0.0,242,256.0502,921,679,105.1811,106.1811,679,667,144
8ebdb0b3-2c32-494c-b6b3-b6162684d288,2026-10-10T06:13:09.819865+00:00,479,forecast,A,EW,1,0,0,4,0,0,0.0,0.0,0.0,0.4026,240,256.0167,921,681,105.7269,106.7269,681,667,144
8ebdb0b3-2c32-494c-b6b3-b6162684d288,2026-10-10T06:13:09.819865+00:00,479,forecast,B,NS,0,0,0,0,6,0,0.2013,1.0065,0.0,0.0,240,256.0167,921,681,105.7269,106.7269,681,667,144
8ebdb0b3-2c32-494c-b6b3-b6162684d288,2026-10-10T06:13:09.819865+00:00,479,forecast,C,EW,2,0,0,5,49,43,0.0,0.0,0.2013,0.0,240,256.0167,921,681,105.7269,106.7269,681,667,144
8ebdb0b3-2c32-494c-b6b3-b6162684d288,2026-10-10T06:13:09.819865+00:00,479,forecast,D,EW,1,0,0,51,71,11,0.0,0.2013,0.4026,0.0,240,256.0167,921,681,105.7269,106.7269,681,667,144
8ebdb0b3-2c32-494c-b6b3-b6162684d288,2026-10-10T06:13:10.842005+00:00,480,forecast,A,EW,0,0,0,5,0,0,0.0,0.0,0.0,0.4017,239,255.9812,921,682,106.0205,107.0205,682,667,144
8ebdb0b3-2c32-494c-b6b3-b6162684d288,2026-10-10T06:13:10.842005+00:00,480,forecast,B,NS,2,0,0,0,5,0,0.2009,1.0044,0.0,0.0,239,255.9812,921,682,106.0205,107.0205,682,667,144
8ebdb0b3-2c32-494c-b6b3-b6162684d288,2026-10-10T06:13:10.842005+00:00,480,forecast,C,EW,1,0,0,6,49,42,0.0,0.0,0.2009,0.0,239,255.9812,921,682,106.0205,107.0205,682,667,144
8ebdb0b3-2c32-494c-b6b3-b6162684d288,2026-10-10T06:13:10.842005+00:00,480,forecast,D,EW,0,0,0,50,71,11,0.0,0.2009,0.4017,0.0,239,255.9812,921,682,106.0205,107.0205,682,667,144
8ebdb0b3-2c32-494c-b6b3-b6162684d288,2026-10-10T06:13:11.909850+00:00,481,forecast,A,EW,2,0,0,5,0,0,0.0,0.0,0.0,0.3968,238,255.9439,921,683,106.2679,107.2679,683,667,144
8ebdb0b3-2c32-494c-b6b3-b6162684d288,2026-10-10T06:13:11.909850+00:00,481,forecast,B,NS,1,0,0,0,4,0,0.1984,0.9919,0.0,0.0,238,255.9439,921,683,106.2679,107.2679,683,667,144
8ebdb0b3-2c32-494c-b6b3-b6162684d288,2026-10-10T06:13:11.909850+00:00,481,forecast,C,EW,0,0,0,6,49,41,0.0,0.0,0.1984,0.0,238,255.9439,921,683,106.2679,107.2679,683,667,144
8ebdb0b3-2c32-494c-b6b3-b6162684d288,2026-10-10T06:13:11.909850+00:00,481,forecast,D,CLEAR,0,1,0,50,71,12,0.0,0.1984,0.3968,0.0,238,255.9439,921,683,106.2679,107.2679,683,667,144
8ebdb0b3-2c32-494c-b6b3-b6162684d288,2026-10-10T06:13:12.834686+00:00,482,forecast,A,EW,1,0,0,5,0,0,0.0,0.0,0.0,0.3957,237,255.9046,921,684,106.4883,107.4883,684,668,144
8ebdb0b3-2c32-494c-b6b3-b6162684d288,2026-10-10T06:13:12.834686+00:00,482,forecast,B,NS,0,0,0,0,4,0,0.1978,0.9891,0.0,0.0,237,255.9046,921,684,106.4883,107.4883,684,668,144
8ebdb0b3-2c32-494c-b6b3-b6162684d288,2026-10-10T06:13:12.834686+00:00,482,forecast,C,EW,4,0,0,6,49,41,0.0,0.0,0.1978,0.0,237,255.9046,921,684,106.4883,107.4883,684,668,144
8ebdb0b3-2c32-494c-b6b3-b6162684d288,2026-10-10T06:13:12.834686+00:00,482,forecast,D,NS,5,0,0,50,70,12,0.0,0.1978,0.3957,0.0,237,255.9046,921,684,106.4883,107.4883,684,668,144
8ebdb0b3-2c32-494c-b6b3-b6162684d288,2026-10-10T06:13:13.820156+00:00,483,forecast,A,EW,0,0,0,5,0,0,0.0,0.0,0.0,0.3991,236,255.8634,921,685,106.7781,107.7781,685,669,144
8ebdb0b3-2c32-494c-b6b3-b6162684d288,2026-10-10T06:13:13.820156+00:00,483,forecast,B,CLEAR,0,1,0,0,5,0,0.1996,0.9979,0.0,0.0,236,255.8634,921,685,106.7781,107.7781,685,669,144
8ebdb0b3-2c32-494c-b6b3-b6162684d288,2026-10-10T06:13:13.820156+00:00,483,forecast,C,EW,3,0,0,5,49,41,0.0,0.0,0.1996,0.0,236,255.8634,921,685,106.7781,107.7781,685,669,144
8ebdb0b3-2c32-494c-b6b3-b6162684d288,2026-10-10T06:13:13.820156+00:00,483,forecast,D,NS,4,0,0,50,69,12,0.0,0.1996,0.3991,0.0,236,255.8634,921,685,106.7781,107.7781,685,669,144
8ebdb0b3-2c32-494c-b6b3-b6162684d288,2026-10-10T06:13:14.820595+00:00,484,forecast,A,EW,2,0,0,4,0,0,0.0,0.0,0.0,0.4026,234,255.8182,921,687,107.2984,108.2984,687,670,144
8ebdb0b3-2c32-494c-b6b3-b6162684d288,2026-10-10T06:13:14.820595+00:00,484,forecast,B,EW,1,0,0,0,6,0,0.2013,1.0065,0.0,0.0,234,255.8182,921,687,107.2984,108.2984,687,670,144
8ebdb0b3-2c32-494c-b6b3-b6162684d288,2026-10-10T06:13:14.820595+00:00,484,forecast,C,EW,2,0,0,4,49,41,0.0,0.0,0.2013,0.0,234,255.8182,921,687,107.2984,108.2984,687,670,144
8ebdb0b3-2c32-494c-b6b3-b6162684d288,2026-10-10T06:13:14.820595+00:00,484,forecast,D,NS,3,0,0,50,68,12,0.0,0.2013,0.4026,0.0,234,255.8182,921,687,107.2984,108.2984,687,670,144
8ebdb0b3-2c32-494c-b6b3-b6162684d288,2026-10-10T06:13:15.909594+00:00,485,forecast,A,EW,1,0,0,4,0,0,0.0,0.0,0.0,0.403,233,255.7711,921,688,107.5858,108.5858,688,671,144
8ebdb0b3-2c32-494c-b6b3-b6162684d288,2026-10-10T06:13:15.909594+00:00,485,forecast,B,EW,0,0,0,0,7,0,0.2015,1.0074,0.0,0.0,233,255.7711,921,688,107.5858,108.5858,688,671,144
8ebdb0b3-2c32-494c-b6b3-b6162684d288,2026-10-10T06:13:15.909594+00:00,485,forecast,C,EW,1,0,0,3,49,41,0.0,0.0,0.2015,0.0,233,255.7711,921,688,107.5858,108.5858,688,671,144
8ebdb0b3-2c32-494c-b6b3-b6162684d288,2026-10-10T06:13:15.909594+00:00,485,forecast,D,NS,2,0,0,50,67,12,0.0,0.2015,0.403,0.0,233,255.7711,921,688,107.5858,108.5858,688,671,144
8ebdb0b3-2c32-494c-b6b3-b6162684d288,2026-10-10T06:13:16.890736+00:00,486,forecast,A,EW,0,0,0,3,0,0,0.0,0.0,0.0,0.3998,231,255.7202,921,690,108.1,109.1,690,672,144
8ebdb0b3-2c32-494c-b6b3-b6162684d288,2026-10-10T06:13:16.890736+00:00,486,forecast,B,CLEAR,0,1,0,0,8,0,0.1999,0.9995,0.0,0.0,231,255.7202,921,690,108.1,109.1,690,672,144
8ebdb0b3-2c32-494c-b6b3-b6162684d288,2026-10-10T06:13:16.890736+00:00,486,forecast,C,EW,0,0,0,2,49,41,0.0,0.0,0.1999,0.0,231,255.7202,921,690,108.1,109.1,690,672,144
8ebdb0b3-2c32-494c-b6b3-b6162684d288,2026-10-10T06:13:16.890736+00:00,486,forecast,D,NS,1,0,0,50,66,12,0.0,0.1999,0.3998,0.0,231,255.7202,921,690,108.1,109.1,690,672,144
8ebdb0b3-2c32-494c-b6b3-b6162684d288,2026-10-10T06:13:17.837318+00:00,487,forecast,A,EW,2,0,0,2,0,0,0.0,0.0,0.0,0.397,228,255.6632,921,693,108.8297,109.8297,693,673,144
8ebdb0b3-2c32-494c-b6b3-b6162684d288,2026-10-10T06:13:17.837318+00:00,487,forecast,B,NS,2,0,0,0,8,0,0.1985,0.9924,0.0,0.0,228,255.6632,921,693,108.8297,109.8297,693,673,144
8ebdb0b3-2c32-494c-b6b3-b6162684d288,2026-10-10T06:13:17.837318+00:00,487,forecast,C,EW,4,0,0,1,49,41,0.0,0.0,0.1985,0.0,228,255.6632,921,693,108.8297,109.8297,693,673,144
8ebdb0b3-2c32-494c-b6b3-b6162684d288,2026-10-10T06:13:17.837318+00:00,487,forecast,D,NS,0,0,0,50,65,12,0.0,0.1985,0.397,0.0,228,255.6632,921,693,108.8297,109.8297,693,673,144
8ebdb0b3-2c32-494c-b6b3-b6162684d288,2026-10-10T06:13:18.824194+00:00,488,forecast,A,EW,1,0,0,1,0,0,0.0,0.0,0.0,0.3978,225,255.6004,921,696,109.5489,110.5489,696,674,144
8ebdb0b3-2c32-494c-b6b3-b6162684d288,2026-10-10T06:13:18.824194+00:00,488,forecast,B,NS,1,0,0,0,7,0,0.1989,0.9946,0.0,0.0,225,255.6004,921,696,109.5489,110.5489,696,674,144
8ebdb0b3-2c32-494c-b6b3-b6162684d288,2026-10-10T06:13:18.824194+00:00,488,forecast,C,EW,3,0,0,0,49,41,0.0,0.0,0.1989,0.0,225,255.6004,921,696,109.5489,110.5489,696,674,144
8ebdb0b3-2c32-494c-b6b3-b6162684d288,2026-10-10T06:13:18.824194+00:00,488,forecast,D,CLEAR,0,1,0,50,65,12,0.0,0.1989,0.3978,0.0,225,255.6004,921,696,109.5489,110.5489,696,674,144
8ebdb0b3-2c32-494c-b6b3-b6162684d288,2026-10-10T06:13:19.823347+00:00,489,forecast,A,EW,0,0,0,1,0,0,0.0,0.0,0.0,0.3995,223,255.5337,921,698,110.0659,111.0659,698,675,144
8ebdb0b3-2c32-494c-b6b3-b6162684d288,2026-10-10T06:13:19.823347+00:00,489,forecast,B,NS,0,0,0,0,6,0,0.1997,0.9987,0.0,0.0,223,255.5337,921,698,110.0659,111.0659,698,675,144
8ebdb0b3-2c32-494c-b6b3-b6162684d288,2026-10-10T06:13:19.823347+00:00,489,forecast,C,EW,2,0,0,1,49,41,0.0,0.0,0.1997,0.0,223,255.5337,921,698,110.0659,111.0659,698,675,144
8ebdb0b3-2c32-494c-b6b3-b6162684d288,2026-10-10T06:13:19.823347+00:00,489,forecast,D,EW,5,0,0,49,65,11,0.0,0.1997,0.3995,0.0,223,255.5337,921,698,110.0659,111.0659,698,675,144
8ebdb0b3-2c32-494c-b6b3-b6162684d288,2026-10-10T06:13:20.849750+00:00,490,forecast,A,EW,2,0,0,1,0,0,0.0,0.0,0.0,0.4034,221,255.4633,921,700,110.56,111.56,700,675,144
8ebdb0b3-2c32-494c-b6b3-b6162684d288,2026-10-10T06:13:20.849750+00:00,490,forecast,B,NS,2,0,0,0,5,0,0.2017,1.0086,0.0,0.0,221,255.4633,921,700,110.56,111.56,700,675,144
8ebdb0b3-2c32-494c-b6b3-b6162684d288,2026-10-10T06:13:20.849750+00:00,490,forecast,C,EW,1,0,0,2,49,40,0.0,0.0,0.2017,0.0,221,255.4633,921,700,110.56,111.56,700,675,144
8ebdb0b3-2c32-494c-b6b3-b6162684d288,2026-10-10T06:13:20.849750+00:00,490,forecast,D,EW,4,0,0,48,65,11,0.0,0.2017,0.4034,0.0,221,255.4633,921,700,110.56,111.56,700,675,144
8ebdb0b3-2c32-494c-b6b3-b6162684d288,2026-10-10T06:13:21.847200+00:00,491,forecast,A,EW,1,0,0,2,0,0,0.0,0.0,0.0,0.4027,220,255.391,921,701,110.8402,111.8402,701,675,144
8ebdb0b3-2c32-494c-b6b3-b6162684d288,2026-10-10T06:13:21.847200+00:00,491,forecast,B,NS,1,0,0,0,4,0,0.2013,1.0067,0.0,0.0,220,255.391,921,701,110.8402,111.8402,701,675,144
8ebdb0b3-2c32-494c-b6b3-b6162684d288,2026-10-10T06:13:21.847200+00:00,491,forecast,C,EW,0,0,0,3,49,39,0.0,0.0,0.2013,0.0,220,255.391,921,701,110.8402,111.8402,701,675,144
8ebdb0b3-2c32-494c-b6b3-b6162684d288,2026-10-10T06:13:21.847200+00:00,491,forecast,D,EW,3,0,0,47,65,11,0.0,0.2013,0.4027,0.0,220,255.391,921,701,110.8402,111.8402,701,675,144
8ebdb0b3-2c32-494c-b6b3-b6162684d288,2026-10-10T06:13:22.824161+00:00,492,forecast,A,EW,0,0,0,2,0,0,0.0,0.0,0.0,0.3995,218,255.315,921,703,111.3229,112.3229,703,675,144
8ebdb0b3-2c32-494c-b6b3-b6162684d288,2026-10-10T06:13:22.824161+00:00,492,forecast,B,NS,0,0,0,0,3,0,0.1998,0.9988,0.0,0.0,218,255.315,921,703,111.3229,112.3229,703,675,144
8ebdb0b3-2c32-494c-b6b3-b6162684d288,2026-10-10T06:13:22.824161+00:00,492,forecast,C,EW,4,0,0,4,49,38,0.0,0.0,0.1998,0.0,218,255.315,921,703,111.3229,112.3229,703,675,144
8ebdb0b3-2c32-494c-b6b3-b6162684d288,2026-10-10T06:13:22.824161+00:00,492,forecast,D,EW,2,0,0,46,65,11,0.0,0.1998,0.3995,0.0,218,255.315,921,703,111.3229,112.3229,703,675,144
8ebdb0b3-2c32-494c-b6b3-b6162684d288,2026-10-10T06:13:23.825526+00:00,493,forecast,A,EW,2,0,0,2,0,0,0.0,0.0,0.0,0.3969,217,255.2373,921,704,111.598,112.598,704,675,144
8ebdb0b3-2c32-494c-b6b3-b6162684d288,2026-10-10T06:13:23.825526+00:00,493,forecast,B,CLEAR,0,1,0,0,3,0,0.1984,0.9922,0.0,0.0,217,255.2373,921,704,111.598,112.598,704,675,144
8ebdb0b3-2c32-494c-b6b3-b6162684d288,2026-10-10T06:13:23.825526+00:00,493,forecast,C,EW,3,0,0,5,49,37,0.0,0.0,0.1984,0.0,217,255.2373,921,704,111.598,112.598,704,675,144
8ebdb0b3-2c32-494c-b6b3-b6162684d288,2026-10-10T06:13:23.825526+00:00,493,forecast,D,EW,1,0,0,45,65,11,0.0,0.1984,0.3969,0.0,217,255.2373,921,704,111.598,112.598,704,675,144
8ebdb0b3-2c32-494c-b6b3-b6162684d288,2026-10-10T06:13:24.826127+00:00,494,forecast,A,EW,1,0,0,2,0,0,0.0,0.0,0.0,0.3978,216,255.1579,921,705,111.8695,112.8695,705,675,144
8ebdb0b3-2c32-494c-b6b3-b6162684d288,2026-10-10T06:13:24.826127+00:00,494,forecast,B,EW,1,0,0,0,3,0,0.1989,0.9945,0.0,0.0,216,255.1579,921,705,111.8695,112.8695,705,675,144
8ebdb0b3-2c32-494c-b6b3-b6162684d288,2026-10-10T06:13:24.826127+00:00,494,forecast,C,EW,2,0,0,6,49,36,0.0,0.0,0.1989,0.0,216,255.1579,921,705,111.8695,112.8695,705,675,144
8ebdb0b3-2c32-494c-b6b3-b6162684d288,2026-10-10T06:13:24.826127+00:00,494,forecast,D,EW,0,0,0,44,65,11,0.0,0.1989,0.3978,0.0,216,255.1579,921,705,111.8695,112.8695,705,675,144
8ebdb0b3-2c32-494c-b6b3-b6162684d288,2026-10-10T06:13:25.830514+00:00,495,forecast,A,EW,0,0,0,2,0,0,0.0,0.0,0.0,0.4004,216,255.0788,921,705,111.8695,112.8695,705,675,144
8ebdb0b3-2c32-494c-b6b3-b6162684d288,2026-10-10T06:13:25.830514+00:00,495,forecast,B,EW,0,0,0,0,3,0,0.2002,1.001,0.0,0.0,216,255.0788,921,705,111.8695,112.8695,705,675,144
8ebdb0b3-2c32-494c-b6b3-b6162684d288,2026-10-10T06:13:25.830514+00:00,495,forecast,C,EW,1,0,0,6,49,35,0.0,0.0,0.2002,0.0,216,255.0788,921,705,111.8695,112.8695,705,675,144
8ebdb0b3-2c32-494c-b6b3-b6162684d288,2026-10-10T06:13:25.830514+00:00,495,forecast,D,CLEAR,0,1,0,44,65,12,0.0,0.2002,0.4004,0.0,216,255.0788,921,705,111.8695,112.8695,705,675,144
8ebdb0b3-2c32-494c-b6b3-b6162684d288,2026-10-10T06:13:26.846246+00:00,496,forecast,A,EW,2,0,0,2,0,0,0.0,0.0,0.0,0.4041,216,255.0,921,705,111.8695,112.8695,705,676,144
8ebdb0b3-2c32-494c-b6b3-b6162684d288,2026-10-10T06:13:26.846246+00:00,496,forecast,B,EW,2,0,0,0,4,0,0.202,1.0102,0.0,0.0,216,255.0,921,705,111.8695,112.8695,705,676,144
8ebdb0b3-2c32-494c-b6b3-b6162684d288,2026-10-10T06:13:26.846246+00:00,496,forecast,C,EW,0,0,0,6,49,35,0.0,0.0,0.202,0.0,216,255.0,921,705,111.8695,112.8695,705,676,144
8ebdb0b3-2c32-494c-b6b3-b6162684d288,2026-10-10T06:13:26.846246+00:00,496,forecast,D,NS,5,0,0,44,64,12,0.0,0.202,0.4041,0.0,216,255.0,921,705,111.8695,112.8695,705,676,144
8ebdb0b3-2c32-494c-b6b3-b6162684d288,2026-10-10T06:13:27.825419+00:00,497,forecast,A,EW,1,0,0,1,0,0,0.0,0.0,0.0,0.4037,215,254.9195,921,706,112.0836,113.0836,706,676,144
8ebdb0b3-2c32-494c-b6b3-b6162684d288,2026-10-10T06:13:27.825419+00:00,497,forecast,B,EW,1,0,0,0,5,0,0.2019,1.0093,0.0,0.0,215,254.9195,921,706,112.0836,113.0836,706,676,144
8ebdb0b3-2c32-494c-b6b3-b6162684d288,2026-10-10T06:13:27.825419+00:00,497,forecast,C,CLEAR,0,1,0,6,49,35,0.0,0.0,0.2019,0.0,215,254.9195,921,706,112.0836,113.0836,706,676,144
8ebdb0b3-2c32-494c-b6b3-b6162684d288,2026-10-10T06:13:27.825419+00:00,497,forecast,D,NS,4,0,0,44,63,12,0.0,0.2019,0.4037,0.0,215,254.9195,921,706,112.0836,113.0836,706,676,144
8ebdb0b3-2c32-494c-b6b3-b6162684d288,2026-10-10T06:13:28.910879+00:00,498,forecast,A,EW,0,0,0,1,1,0,0.0,0.0,0.0,0.3999,215,254.8394,921,706,112.0836,113.0836,706,676,144
8ebdb0b3-2c32-494c-b6b3-b6162684d288,2026-10-10T06:13:28.910879+00:00,498,forecast,B,EW,0,0,0,0,6,0,0.1999,0.9997,0.0,0.0,215,254.8394,921,706,112.0836,113.0836,706,676,144
8ebdb0b3-2c32-494c-b6b3-b6162684d288,2026-10-10T06:13:28.910879+00:00,498,forecast,C,NS,4,0,0,6,48,35,0.0,0.0,0.1999,0.0,215,254.8394,921,706,112.0836,113.0836,706,676,144
8ebdb0b3-2c32-494c-b6b3-b6162684d288,2026-10-10T06:13:28.910879+00:00,498,forecast,D,NS,3,0,0,44,62,12,0.0,0.1999,0.3999,0.0,215,254.8394,921,706,112.0836,113.0836,706,676,144
8ebdb0b3-2c32-494c-b6b3-b6162684d288,2026-10-10T06:13:29.830303+00:00,499,forecast,A,EW,2,0,0,0,2,0,0.0,0.0,0.0,0.3971,214,254.7575,921,707,112.2984,113.2984,707,676,144
8ebdb0b3-2c32-494c-b6b3-b6162684d288,2026-10-10T06:13:29.830303+00:00,499,forecast,B,CLEAR,0,1,0,0,7,0,0.1985,0.9927,0.0,0.0,214,254.7575,921,707,112.2984,113.2984,707,676,144
8ebdb0b3-2c32-494c-b6b3-b6162684d288,2026-10-10T06:13:29.830303+00:00,499,forecast,C,NS,3,0,0,6,47,35,0.0,0.0,0.1985,0.0,214,254.7575,921,707,112.2984,113.2984,707,676,144
8ebdb0b3-2c32-494c-b6b3-b6162684d288,2026-10-10T06:13:29.830303+00:00,499,forecast,D,NS,2,0,0,44,61,12,0.0,0.1985,0.3971,0.0,214,254.7575,921,707,112.2984,113.2984,707,676,144
8ebdb0b3-2c32-494c-b6b3-b6162684d288,2026-10-10T06:13:30.853627+00:00,500,forecast,A,EW,1,0,0,1,3,0,0.0,0.0,0.0,0.3959,214,254.676,921,707,112.2984,113.2984,707,676,144
8ebdb0b3-2c32-494c-b6b3-b6162684d288,2026-10-10T06:13:30.853627+00:00,500,forecast,B,NS,2,0,0,0,7,0,0.1979,0.9897,0.0,0.0,214,254.676,921,707,112.2984,113.2984,707,676,144
8ebdb0b3-2c32-494c-b6b3-b6162684d288,2026-10-10T06:13:30.853627+00:00,500,forecast,C,NS,2,0,0,6,46,35,0.0,0.0,0.1979,0.0,214,254.676,921,707,112.2984,113.2984,707,676,144
8ebdb0b3-2c32-494c-b6b3-b6162684d288,2026-10-10T06:13:30.853627+00:00,500,forecast,D,NS,1,0,0,44,60,12,0.0,0.1979,0.3959,0.0,214,254.676,921,707,112.2984,113.2984,707,676,144
8ebdb0b3-2c32-494c-b6b3-b6162684d288,2026-10-10T06:13:31.828557+00:00,501,forecast,A,EW,0,0,0,2,4,0,0.0,0.0,0.0,0.3999,214,254.5948,921,707,112.2984,113.2984,707,676,144
8ebdb0b3-2c32-494c-b6b3-b6162684d288,2026-10-10T06:13:31.828557+00:00,501,forecast,B,NS,1,0,0,0,7,0,0.2,0.9998,0.0,0.0,214,254.5948,921,707,112.2984,113.2984,707,676,144
8ebdb0b3-2c32-494c-b6b3-b6162684d288,2026-10-10T06:13:31.828557+00:00,501,forecast,C,NS,1,0,0,6,45,35,0.0,0.0,0.2,0.0,214,254.5948,921,707,112.2984,113.2984,707,676,144
8ebdb0b3-2c32-494c-b6b3-b6162684d288,2026-10-10T06:13:31.828557+00:00,501,forecast,D,NS,0,0,0,44,59,12,0.0,0.2,0.3999,0.0,214,254.5948,921,707,112.2984,113.2984,707,676,144
8ebdb0b3-2c32-494c-b6b3-b6162684d288,2026-10-10T06:13:32.846267+00:00,502,forecast,A,EW,2,0,0,3,5,0,0.0,0.0,0.0,0.4033,214,254.5139,921,707,112.2984,113.2984,707,676,144
8ebdb0b3-2c32-494c-b6b3-b6162684d288,2026-10-10T06:13:32.846267+00:00,502,forecast,B,NS,0,0,0,0,6,0,0.2016,1.0082,0.0,0.0,214,254.5139,921,707,112.2984,113.2984,707,676,144
8ebdb0b3-2c32-494c-b6b3-b6162684d288,2026-10-10T06:13:32.846267+00:00,502,forecast,C,NS,0,0,0,6,44,35,0.0,0.0,0.2016,0.0,214,254.5139,921,707,112.2984,113.2984,707,676,144
8ebdb0b3-2c32-494c-b6b3-b6162684d288,2026-10-10T06:13:32.846267+00:00,502,forecast,D,CLEAR,0,1,0,44,59,12,0.0,0.2016,0.4033,0.0,214,254.5139,921,707,112.2984,113.2984,707,676,144
8ebdb0b3-2c32-494c-b6b3-b6162684d288,2026-10-10T06:13:33.827627+00:00,503,forecast,A,EW,1,0,0,3,5,0,0.0,0.0,0.0,0.4055,213,254.4314,921,708,112.5664,113.5664,708,676,144
8ebdb0b3-2c32-494c-b6b3-b6162684d288,2026-10-10T06:13:33.827627+00:00,503,forecast,B,NS,2,0,0,0,6,0,0.2028,1.0138,0.0,0.0,213,254.4314,921,708,112.5664,113.5664,708,676,144
8ebdb0b3-2c32-494c-b6b3-b6162684d288,2026-10-10T06:13:33.827627+00:00,503,forecast,C,CLEAR,0,1,0,7,44,35,0.0,0.0,0.2028,0.0,213,254.4314,921,708,112.5664,113.5664,708,676,144
8ebdb0b3-2c32-494c-b6b3-b6162684d288,2026-10-10T06:13:33.827627+00:00,503,forecast,D,EW,5,0,0,43,59,11,0.0,0.2028,0.4055,0.0,213,254.4314,921,708,112.5664,113.5664,708,676,144
8ebdb0b3-2c32-494c-b6b3-b6162684d288,2026-10-10T06:13:34.850819+00:00,504,forecast,A,EW,0,0,0,4,5,0,0.0,0.0,0.0,0.4002,211,254.3452,921,710,113.107,114.107,710,676,144
8ebdb0b3-2c32-494c-b6b3-b6162684d288,2026-10-10T06:13:34.850819+00:00,504,forecast,B,NS,1,0,0,0,5,0,0.2001,1.0006,0.0,0.0,211,254.3452,921,710,113.107,114.107,710,676,144
8ebdb0b3-2c32-494c-b6b3-b6162684d288,2026-10-10T06:13:34.850819+00:00,504,forecast,C,EW,4,0,0,7,44,34,0.0,0.0,0.2001,0.0,211,254.3452,921,710,113.107,114.107,710,676,144
8ebdb0b3-2c32-494c-b6b3-b6162684d288,2026-10-10T06:13:34.850819+00:00,504,forecast,D,EW,4,0,0,42,59,11,0.0,0.2001,0.4002,0.0,211,254.3452,921,710,113.107,114.107,710,676,144
8ebdb0b3-2c32-494c-b6b3-b6162684d288,2026-10-10T06:13:35.831296+00:00,505,forecast,A,EW,2,0,0,4,5,0,0.0,0.0,0.0,0.3966,208,254.2535,921,713,113.8261,114.8261,713,676,144
8ebdb0b3-2c32-494c-b6b3-b6162684d288,2026-10-10T06:13:35.831296+00:00,505,forecast,B,NS,0,0,0,0,4,0,0.1983,0.9915,0.0,0.0,208,254.2535,921,713,113.8261,114.8261,713,676,144
8ebdb0b3-2c32-494c-b6b3-b6162684d288,2026-10-10T06:13:35.831296+00:00,505,forecast,C,EW,3,0,0,7,44,33,0.0,0.0,0.1983,0.0,208,254.2535,921,713,113.8261,114.8261,713,676,144
8ebdb0b3-2c32-494c-b6b3-b6162684d288,2026-10-10T06:13:35.831296+00:00,505,forecast,D,EW,3,0,0,41,59,11,0.0,0.1983,0.3966,0.0,208,254.2535,921,713,113.8261,114.8261,713,676,144
8ebdb0b3-2c32-494c-b6b3-b6162684d288,2026-10-10T06:13:36.830800+00:00,506,forecast,A,EW,1,0,0,4,5,0,0.0,0.0,0.0,0.3964,206,254.1581,921,715,114.3371,115.3371,715,676,144
8ebdb0b3-2c32-494c-b6b3-b6162684d288,2026-10-10T06:13:36.830800+00:00,506,forecast,B,CLEAR,0,1,0,0,4,0,0.1982,0.991,0.0,0.0,206,254.1581,921,715,114.3371,115.3371,715,676,144
8ebdb0b3-2c32-494c-b6b3-b6162684d288,2026-10-10T06:13:36.830800+00:00,506,forecast,C,EW,2,0,0,7,44,32,0.0,0.0,0.1982,0.0,206,254.1581,921,715,114.3371,115.3371,715,676,144
8ebdb0b3-2c32-494c-b6b3-b6162684d288,2026-10-10T06:13:36.830800+00:00,506,forecast,D,EW,2,0,0,40,59,11,0.0,0.1982,0.3964,0.0,206,254.1581,921,715,114.3371,115.3371,715,676,144
8ebdb0b3-2c32-494c-b6b3-b6162684d288,2026-10-10T06:13:37.831878+00:00,507,forecast,A,EW,0,0,0,4,5,0,0.0,0.0,0.0,0.3975,204,254.0592,921,717,114.8452,115.8452,717,676,144
8ebdb0b3-2c32-494c-b6b3-b6162684d288,2026-10-10T06:13:37.831878+00:00,507,forecast,B,EW,1,0,0,0,4,0,0.1988,0.9938,0.0,0.0,204,254.0592,921,717,114.8452,115.8452,717,676,144
8ebdb0b3-2c32-494c-b6b3-b6162684d288,2026-10-10T06:13:37.831878+00:00,507,forecast,C,EW,1,0,0,7,44,31,0.0,0.0,0.1988,0.0,204,254.0592,921,717,114.8452,115.8452,717,676,144
8ebdb0b3-2c32-494c-b6b3-b6162684d288,2026-10-10T06:13:37.831878+00:00,507,forecast,D,EW,1,0,0,39,59,11,0.0,0.1988,0.3975,0.0,204,254.0592,921,717,114.8452,115.8452,717,676,144
8ebdb0b3-2c32-494c-b6b3-b6162684d288,2026-10-10T06:13:38.830597+00:00,508,forecast,A,EW,2,0,0,3,5,0,0.0,0.0,0.0,0.4019,201,253.9547,921,720,115.5611,116.5611,720,676,144
8ebdb0b3-2c32-494c-b6b3-b6162684d288,2026-10-10T06:13:38.830597+00:00,508,forecast,B,EW,0,0,0,0,4,0,0.2009,1.0047,0.0,0.0,201,253.9547,921,720,115.5611,116.5611,720,676,144
8ebdb0b3-2c32-494c-b6b3-b6162684d288,2026-10-10T06:13:38.830597+00:00,508,forecast,C,EW,0,0,0,7,44,30,0.0,0.0,0.2009,0.0,201,253.9547,921,720,115.5611,116.5611,720,676,144
8ebdb0b3-2c32-494c-b6b3-b6162684d288,2026-10-10T06:13:38.830597+00:00,508,forecast,D,EW,0,0,0,38,59,11,0.0,0.2009,0.4019,0.0,201,253.9547,921,720,115.5611,116.5611,720,676,144
8ebdb0b3-2c32-494c-b6b3-b6162684d288,2026-10-10T06:13:39.842532+00:00,509,forecast,A,EW,1,0,0,2,5,0,0.0,0.0,0.0,0.4039,199,253.8468,921,722,116.0305,117.0305,722,676,144
8ebdb0b3-2c32-494c-b6b3-b6162684d288,2026-10-10T06:13:39.842532+00:00,509,forecast,B,EW,2,0,0,0,4,0,0.2019,1.0097,0.0,0.0,199,253.8468,921,722,116.0305,117.0305,722,676,144
8ebdb0b3-2c32-494c-b6b3-b6162684d288,2026-10-10T06:13:39.842532+00:00,509,forecast,C,EW,4,0,0,6,44,29,0.0,0.0,0.2019,0.0,199,253.8468,921,722,116.0305,117.0305,722,676,144
8ebdb0b3-2c32-494c-b6b3-b6162684d288,2026-10-10T06:13:39.842532+00:00,509,forecast,D,CLEAR,0,1,0,38,59,12,0.0,0.2019,0.4039,0.0,199,253.8468,921,722,116.0305,117.0305,722,676,144
8ebdb0b3-2c32-494c-b6b3-b6162684d288,2026-10-10T06:13:40.831775+00:00,510,forecast,A,EW,0,0,0,1,5,0,0.0,0.0,0.0,0.4028,198,253.7373,921,723,116.2393,117.2393,723,677,144
8ebdb0b3-2c32-494c-b6b3-b6162684d288,2026-10-10T06:13:40.831775+00:00,510,forecast,B,EW,1,0,0,0,5,0,0.2014,1.007,0.0,0.0,198,253.7373,921,723,116.2393,117.2393,723,677,144
8ebdb0b3-2c32-494c-b6b3-b6162684d288,2026-10-10T06:13:40.831775+00:00,510,forecast,C,EW,3,0,0,6,44,29,0.0,0.0,0.2014,0.0,198,253.7373,921,723,116.2393,117.2393,723,677,144
8ebdb0b3-2c32-494c-b6b3-b6162684d288,2026-10-10T06:13:40.831775+00:00,510,forecast,D,NS,4,0,0,38,58,12,0.0,0.2014,0.4028,0.0,198,253.7373,921,723,116.2393,117.2393,723,677,144
8ebdb0b3-2c32-494c-b6b3-b6162684d288,2026-10-10T06:13:41.873698+00:00,511,forecast,A,EW,2,0,0,1,5,0,0.0,0.0,0.0,0.3991,197,253.6262,921,724,116.4862,117.4862,724,678,144
8ebdb0b3-2c32-494c-b6b3-b6162684d288,2026-10-10T06:13:41.873698+00:00,511,forecast,B,EW,0,0,0,0,6,0,0.1995,0.9976,0.0,0.0,197,253.6262,921,724,116.4862,117.4862,724,678,144
8ebdb0b3-2c32-494c-b6b3-b6162684d288,2026-10-10T06:13:41.873698+00:00,511,forecast,C,EW,2,0,0,5,44,29,0.0,0.0,0.1995,0.0,197,253.6262,921,724,116.4862,117.4862,724,678,144
8ebdb0b3-2c32-494c-b6b3-b6162684d288,2026-10-10T06:13:41.873698+00:00,511,forecast,D,NS,3,0,0,38,57,12,0.0,0.1995,0.3991,0.0,197,253.6262,921,724,116.4862,117.4862,724,678,144
8ebdb0b3-2c32-494c-b6b3-b6162684d288,2026-10-10T06:13:42.995494+00:00,512,forecast,A,EW,1,0,0,0,5,0,0.0,0.0,0.0,0.3957,195,253.5117,921,726,116.938,117.938,726,679,144
8ebdb0b3-2c32-494c-b6b3-b6162684d288,2026-10-10T06:13:42.995494+00:00,512,forecast,B,CLEAR,0,1,0,0,7,0,0.1979,0.9893,0.0,0.0,195,253.5117,921,726,116.938,117.938,726,679,144
8ebdb0b3-2c32-494c-b6b3-b6162684d288,2026-10-10T06:13:42.995494+00:00,512,forecast,C,EW,1,0,0,4,44,29,0.0,0.0,0.1979,0.0,195,253.5117,921,726,116.938,117.938,726,679,144
8ebdb0b3-2c32-494c-b6b3-b6162684d288,2026-10-10T06:13:42.995494+00:00,512,forecast,D,NS,2,0,0,38,56,12,0.0,0.1979,0.3957,0.0,195,253.5117,921,726,116.938,117.938,726,679,144
8ebdb0b3-2c32-494c-b6b3-b6162684d288,2026-10-10T06:13:43.866614+00:00,513,forecast,A,EW,0,0,0,0,5,0,0.0,0.0,0.0,0.397,193,253.3938,921,728,117.3764,118.3764,728,680,144
8ebdb0b3-2c32-494c-b6b3-b6162684d288,2026-10-10T06:13:43.866614+00:00,513,forecast,B,NS,2,0,0,0,7,0,0.1985,0.9925,0.0,0.0,193,253.3938,921,728,117.3764,118.3764,728,680,144
8ebdb0b3-2c32-494c-b6b3-b6162684d288,2026-10-10T06:13:43.866614+00:00,513,forecast,C,EW,0,0,0,3,44,29,0.0,0.0,0.1985,0.0,193,253.3938,921,728,117.3764,118.3764,728,680,144
8ebdb0b3-2c32-494c-b6b3-b6162684d288,2026-10-10T06:13:43.866614+00:00,513,forecast,D,NS,1,0,0,38,55,12,0.0,0.1985,0.397,0.0,193,253.3938,921,728,117.3764,118.3764,728,680,144
8ebdb0b3-2c32-494c-b6b3-b6162684d288,2026-10-10T06:13:44.881655+00:00,514,forecast,A,CLEAR,0,1,0,0,5,0,0.0,0.0,0.0,0.4002,192,253.2743,921,729,117.5748,118.5748,729,680,144
8ebdb0b3-2c32-494c-b6b3-b6162684d288,2026-10-10T06:13:44.881655+00:00,514,forecast,B,NS,1,0,0,0,7,0,0.2001,1.0006,0.0,0.0,192,253.2743,921,729,117.5748,118.5748,729,680,144
8ebdb0b3-2c32-494c-b6b3-b6162684d288,2026-10-10T06:13:44.881655+00:00,514,forecast,C,CLEAR,0,1,0,3,44,29,0.0,0.0,0.2001,0.0,192,253.2743,921,729,117.5748,118.5748,729,680,144
8ebdb0b3-2c32-494c-b6b3-b6162684d288,2026-10-10T06:13:44.881655+00:00,514,forecast,D,NS,0,0,0,38,54,12,0.0,0.2001,0.4002,0.0,192,253.2743,921,729,117.5748,118.5748,729,680,144
8ebdb0b3-2c32-494c-b6b3-b6162684d288,2026-10-10T06:13:45.870188+00:00,515,forecast,A,NS,1,0,0,0,5,0,0.0,0.0,0.0,0.4034,191,253.1534,921,730,117.7726,118.7726,730,680,144
8ebdb0b3-2c32-494c-b6b3-b6162684d288,2026-10-10T06:13:45.870188+00:00,515,forecast,B,NS,0,0,0,0,6,1,0.2017,1.0084,0.0,0.0,191,253.1534,921,730,117.7726,118.7726,730,680,144
8ebdb0b3-2c32-494c-b6b3-b6162684d288,2026-10-10T06:13:45.870188+00:00,515,forecast,C,NS,4,0,0,3,43,29,0.0,0.0,0.2017,0.0,191,253.1534,921,730,117.7726,118.7726,730,680,144
8ebdb0b3-2c32-494c-b6b3-b6162684d288,2026-10-10T06:13:45.870188+00:00,515,forecast,D,CLEAR,0,1,0,38,54,12,0.0,0.2017,0.4034,0.0,191,253.1534,921,730,117.7726,118.7726,730,680,144
8ebdb0b3-2c32-494c-b6b3-b6162684d288,2026-10-10T06:13:46.868961+00:00,516,forecast,A,NS,0,0,0,0,5,0,0.0,0.0,0.0,0.4028,190,253.031,921,731,118.0137,119.0137,731,680,144
8ebdb0b3-2c32-494c-b6b3-b6162684d288,2026-10-10T06:13:46.868961+00:00,516,forecast,B,CLEAR,0,1,0,0,6,2,0.2014,1.0069,0.0,0.0,190,253.031,921,731,118.0137,119.0137,731,680,144
8ebdb0b3-2c32-494c-b6b3-b6162684d288,2026-10-10T06:13:46.868961+00:00,516,forecast,C,NS,3,0,0,4,42,29,0.0,0.0,0.2014,0.0,190,253.031,921,731,118.0137,119.0137,731,680,144
8ebdb0b3-2c32-494c-b6b3-b6162684d288,2026-10-10T06:13:46.868961+00:00,516,forecast,D,EW,4,0,0,37,54,11,0.0,0.2014,0.4028,0.0,190,253.031,921,731,118.0137,119.0137,731,680,144
8ebdb0b3-2c32-494c-b6b3-b6162684d288,2026-10-10T06:13:47.873943+00:00,517,forecast,A,NS,1,0,0,0,5,0,0.0,0.0,0.0,0.4015,189,252.9072,921,732,118.2459,119.2459,732,680,144
8ebdb0b3-2c32-494c-b6b3-b6162684d288,2026-10-10T06:13:47.873943+00:00,517,forecast,B,EW,2,0,0,0,6,3,0.2007,1.0037,0.0,0.0,189,252.9072,921,732,118.2459,119.2459,732,680,144
8ebdb0b3-2c32-494c-b6b3-b6162684d288,2026-10-10T06:13:47.873943+00:00,517,forecast,C,NS,2,0,0,5,41,29,0.0,0.0,0.2007,0.0,189,252.9072,921,732,118.2459,119.2459,732,680,144
8ebdb0b3-2c32-494c-b6b3-b6162684d288,2026-10-10T06:13:47.873943+00:00,517,forecast,D,EW,3,0,0,36,54,10,0.0,0.2007,0.4015,0.0,189,252.9072,921,732,118.2459,119.2459,732,680,144
8ebdb0b3-2c32-494c-b6b3-b6162684d288,2026-10-10T06:13:48.867037+00:00,518,forecast,A,NS,0,0,0,0,5,0,0.0,0.0,0.0,0.3968,188,252.7819,921,733,118.4775,119.4775,733,680,144
8ebdb0b3-2c32-494c-b6b3-b6162684d288,2026-10-10T06:13:48.867037+00:00,518,forecast,B,EW,1,0,0,0,6,4,0.1984,0.992,0.0,0.0,188,252.7819,921,733,118.4775,119.4775,733,680,144
8ebdb0b3-2c32-494c-b6b3-b6162684d288,2026-10-10T06:13:48.867037+00:00,518,forecast,C,NS,1,0,0,6,40,29,0.0,0.0,0.1984,0.0,188,252.7819,921,733,118.4775,119.4775,733,680,144
8ebdb0b3-2c32-494c-b6b3-b6162684d288,2026-10-10T06:13:48.867037+00:00,518,forecast,D,EW,2,0,0,35,54,9,0.0,0.1984,0.3968,0.0,188,252.7819,921,733,118.4775,119.4775,733,680,144
8ebdb0b3-2c32-494c-b6b3-b6162684d288,2026-10-10T06:13:49.888241+00:00,519,forecast,A,NS,1,0,0,0,5,0,0.0,0.0,0.0,0.3958,186,252.6532,921,735,118.9864,119.9864,735,680,144
8ebdb0b3-2c32-494c-b6b3-b6162684d288,2026-10-10T06:13:49.888241+00:00,519,forecast,B,EW,0,0,0,0,6,4,0.1979,0.9894,0.0,0.0,186,252.6532,921,735,118.9864,119.9864,735,680,144
8ebdb0b3-2c32-494c-b6b3-b6162684d288,2026-10-10T06:13:49.888241+00:00,519,forecast,C,NS,0,0,0,7,39,29,0.0,0.0,0.1979,0.0,186,252.6532,921,735,118.9864,119.9864,735,680,144
8ebdb0b3-2c32-494c-b6b3-b6162684d288,2026-10-10T06:13:49.888241+00:00,519,forecast,D,EW,1,0,0,34,54,8,0.0,0.1979,0.3958,0.0,186,252.6532,921,735,118.9864,119.9864,735,680,144
8ebdb0b3-2c32-494c-b6b3-b6162684d288,2026-10-10T06:13:50.836215+00:00,520,forecast,A,NS,0,0,0,0,5,0,0.0,0.0,0.0,0.3996,185,252.5231,921,736,119.2065,120.2065,736,680,144
8ebdb0b3-2c32-494c-b6b3-b6162684d288,2026-10-10T06:13:50.836215+00:00,520,forecast,B,EW,2,0,0,0,6,4,0.1998,0.9989,0.0,0.0,185,252.5231,921,736,119.2065,120.2065,736,680,144
8ebdb0b3-2c32-494c-b6b3-b6162684d288,2026-10-10T06:13:50.836215+00:00,520,forecast,C,CLEAR,0,1,0,8,39,29,0.0,0.0,0.1998,0.0,185,252.5231,921,736,119.2065,120.2065,736,680,144
8ebdb0b3-2c32-494c-b6b3-b6162684d288,2026-10-10T06:13:50.836215+00:00,520,forecast,D,EW,0,0,0,33,54,7,0.0,0.1998,0.3996,0.0,185,252.5231,921,736,119.2065,120.2065,736,680,144
8ebdb0b3-2c32-494c-b6b3-b6162684d288,2026-10-10T06:13:51.941387+00:00,521,forecast,A,NS,1,0,0,0,5,0,0.0,0.0,0.0,0.4026,184,252.3916,921,737,119.4396,120.4396,737,680,144
8ebdb0b3-2c32-494c-b6b3-b6162684d288,2026-10-10T06:13:51.941387+00:00,521,forecast,B,EW,1,0,0,0,6,4,0.2013,1.0066,0.0,0.0,184,252.3916,921,737,119.4396,120.4396,737,680,144
8ebdb0b3-2c32-494c-b6b3-b6162684d288,2026-10-10T06:13:51.941387+00:00,521,forecast,C,EW,3,0,0,7,39,28,0.0,0.0,0.2013,0.0,184,252.3916,921,737,119.4396,120.4396,737,680,144
8ebdb0b3-2c32-494c-b6b3-b6162684d288,2026-10-10T06:13:51.941387+00:00,521,forecast,D,CLEAR,0,1,0,33,54,8,0.0,0.2013,0.4026,0.0,184,252.3916,921,737,119.4396,120.4396,737,680,144
8ebdb0b3-2c32-494c-b6b3-b6162684d288,2026-10-10T06:13:52.823461+00:00,522,forecast,A,NS,0,0,0,0,5,0,0.0,0.0,0.0,0.4032,183,252.2586,921,738,119.6734,120.6734,738,680,144
8ebdb0b3-2c32-494c-b6b3-b6162684d288,2026-10-10T06:13:52.823461+00:00,522,forecast,B,EW,0,0,0,0,7,4,0.2016,1.008,0.0,0.0,183,252.2586,921,738,119.6734,120.6734,738,680,144
8ebdb0b3-2c32-494c-b6b3-b6162684d288,2026-10-10T06:13:52.823461+00:00,522,forecast,C,EW,2,0,0,6,39,27,0.0,0.0,0.2016,0.0,183,252.2586,921,738,119.6734,120.6734,738,680,144
8ebdb0b3-2c32-494c-b6b3-b6162684d288,2026-10-10T06:13:52.823461+00:00,522,forecast,D,NS,4,0,0,33,53,9,0.0,0.2016,0.4032,0.0,183,252.2586,921,738,119.6734,120.6734,738,680,144
8ebdb0b3-2c32-494c-b6b3-b6162684d288,2026-10-10T06:13:53.820577+00:00,523,forecast,A,NS,1,0,0,0,4,0,0.0,0.0,0.0,0.403,180,252.1205,921,741,120.471,121.471,741,680,144
8ebdb0b3-2c32-494c-b6b3-b6162684d288,2026-10-10T06:13:53.820577+00:00,523,forecast,B,EW,2,0,0,0,8,3,0.2015,1.0075,0.0,0.0,180,252.1205,921,741,120.471,121.471,741,680,144
8ebdb0b3-2c32-494c-b6b3-b6162684d288,2026-10-10T06:13:53.820577+00:00,523,forecast,C,EW,1,0,0,5,39,26,0.0,0.0,0.2015,0.0,180,252.1205,921,741,120.471,121.471,741,680,144
8ebdb0b3-2c32-494c-b6b3-b6162684d288,2026-10-10T06:13:53.820577+00:00,523,forecast,D,NS,3,0,0,33,52,10,0.0,0.2015,0.403,0.0,180,252.1205,921,741,120.471,121.471,741,680,144
8ebdb0b3-2c32-494c-b6b3-b6162684d288,2026-10-10T06:13:54.830390+00:00,524,forecast,A,NS,0,0,0,0,3,0,0.0,0.0,0.0,0.3984,178,251.979,921,743,120.9812,121.9812,743,680,144
8ebdb0b3-2c32-494c-b6b3-b6162684d288,2026-10-10T06:13:54.830390+00:00,524,forecast,B,EW,1,0,0,0,9,3,0.1992,0.9959,0.0,0.0,178,251.979,921,743,120.9812,121.9812,743,680,144
8ebdb0b3-2c32-494c-b6b3-b6162684d288,2026-10-10T06:13:54.830390+00:00,524,forecast,C,EW,0,0,0,4,39,25,0.0,0.0,0.1992,0.0,178,251.979,921,743,120.9812,121.9812,743,680,144
8ebdb0b3-2c32-494c-b6b3-b6162684d288,2026-10-10T06:13:54.830390+00:00,524,forecast,D,NS,2,0,0,33,51,11,0.0,0.1992,0.3984,0.0,178,251.979,921,743,120.9812,121.9812,743,680,144
8ebdb0b3-2c32-494c-b6b3-b6162684d288,2026-10-10T06:13:55.823329+00:00,525,forecast,A,NS,1,0,0,0,2,0,0.0,0.0,0.0,0.3955,176,251.8343,921,745,121.5369,122.5369,745,680,144
8ebdb0b3-2c32-494c-b6b3-b6162684d288,2026-10-10T06:13:55.823329+00:00,525,forecast,B,EW,0,0,0,0,10,2,0.1978,0.9888,0.0,0.0,176,251.8343,921,745,121.5369,122.5369,745,680,144
8ebdb0b3-2c32-494c-b6b3-b6162684d288,2026-10-10T06:13:55.823329+00:00,525,forecast,C,CLEAR,0,1,0,4,39,25,0.0,0.0,0.1978,0.0,176,251.8343,921,745,121.5369,122.5369,745,680,144
8ebdb0b3-2c32-494c-b6b3-b6162684d288,2026-10-10T06:13:55.823329+00:00,525,forecast,D,NS,1,0,0,33,50,11,0.0,0.1978,0.3955,0.0,176,251.8343,921,745,121.5369,122.5369,745,680,144
8ebdb0b3-2c32-494c-b6b3-b6162684d288,2026-10-10T06:13:56.841054+00:00,526,forecast,A,NS,0,0,0,0,2,0,0.0,0.0,0.0,0.397,174,251.6863,921,747,122.0884,123.0884,747,680,144
8ebdb0b3-2c32-494c-b6b3-b6162684d288,2026-10-10T06:13:56.841054+00:00,526,forecast,B,EW,2,0,0,0,11,1,0.1985,0.9925,0.0,0.0,174,251.6863,921,747,122.0884,123.0884,747,680,144
8ebdb0b3-2c32-494c-b6b3-b6162684d288,2026-10-10T06:13:56.841054+00:00,526,forecast,C,NS,3,0,0,4,38,25,0.0,0.0,0.1985,0.0,174,251.6863,921,747,122.0884,123.0884,747,680,144
8ebdb0b3-2c32-494c-b6b3-b6162684d288,2026-10-10T06:13:56.841054+00:00,526,forecast,D,NS,0,0,0,33,49,11,0.0,0.1985,0.397,0.0,174,251.6863,921,747,122.0884,123.0884,747,680,144
8ebdb0b3-2c32-494c-b6b3-b6162684d288,2026-10-10T06:13:57.829980+00:00,527,forecast,A,NS,1,0,0,0,2,0,0.0,0.0,0.0,0.4021,173,251.537,921,748,122.3516,123.3516,748,680,144
8ebdb0b3-2c32-494c-b6b3-b6162684d288,2026-10-10T06:13:57.829980+00:00,527,forecast,B,EW,1,0,0,0,11,1,0.201,1.0052,0.0,0.0,173,251.537,921,748,122.3516,123.3516,748,680,144
8ebdb0b3-2c32-494c-b6b3-b6162684d288,2026-10-10T06:13:57.829980+00:00,527,forecast,C,NS,2,0,0,4,37,25,0.0,0.0,0.201,0.0,173,251.537,921,748,122.3516,123.3516,748,680,144
8ebdb0b3-2c32-494c-b6b3-b6162684d288,2026-10-10T06:13:57.829980+00:00,527,forecast,D,CLEAR,0,1,0,33,49,11,0.0,0.201,0.4021,0.0,173,251.537,921,748,122.3516,123.3516,748,680,144
8ebdb0b3-2c32-494c-b6b3-b6162684d288,2026-10-10T06:13:58.829774+00:00,528,forecast,A,NS,0,0,0,0,3,0,0.0,0.0,0.0,0.404,172,251.3864,921,749,122.5714,123.5714,749,680,144
8ebdb0b3-2c32-494c-b6b3-b6162684d288,2026-10-10T06:13:58.829774+00:00,528,forecast,B,EW,0,0,0,0,11,1,0.202,1.01,0.0,0.0,172,251.3864,921,749,122.5714,123.5714,749,680,144
8ebdb0b3-2c32-494c-b6b3-b6162684d288,2026-10-10T06:13:58.829774+00:00,528,forecast,C,NS,1,0,0,5,36,25,0.0,0.0,0.202,0.0,172,251.3864,921,749,122.5714,123.5714,749,680,144
8ebdb0b3-2c32-494c-b6b3-b6162684d288,2026-10-10T06:13:58.829774+00:00,528,forecast,D,EW,4,0,0,32,49,10,0.0,0.202,0.404,0.0,172,251.3864,921,749,122.5714,123.5714,749,680,144
8ebdb0b3-2c32-494c-b6b3-b6162684d288,2026-10-10T06:13:59.852914+00:00,529,forecast,A,NS,1,0,0,0,4,0,0.0,0.0,0.0,0.4032,171,251.2344,921,750,122.7867,123.7867,750,680,144
8ebdb0b3-2c32-494c-b6b3-b6162684d288,2026-10-10T06:13:59.852914+00:00,529,forecast,B,EW,2,0,0,0,11,1,0.2016,1.0079,0.0,0.0,171,251.2344,921,750,122.7867,123.7867,750,680,144
8ebdb0b3-2c32-494c-b6b3-b6162684d288,2026-10-10T06:13:59.852914+00:00,529,forecast,C,NS,0,0,0,6,35,25,0.0,0.0,0.2016,0.0,171,251.2344,921,750,122.7867,123.7867,750,680,144
8ebdb0b3-2c32-494c-b6b3-b6162684d288,2026-10-10T06:13:59.852914+00:00,529,forecast,D,EW,3,0,0,31,49,9,0.0,0.2016,0.4032,0.0,171,251.2344,921,750,122.7867,123.7867,750,680,144
8ebdb0b3-2c32-494c-b6b3-b6162684d288,2026-10-10T06:14:00.856721+00:00,530,forecast,A,NS,0,0,0,0,4,0,0.0,0.0,0.0,0.3995,170,251.0811,921,751,123.0013,124.0013,751,680,144
8ebdb0b3-2c32-494c-b6b3-b6162684d288,2026-10-10T06:14:00.856721+00:00,530,forecast,B,EW,1,0,0,0,11,1,0.1998,0.9988,0.0,0.0,170,251.0811,921,751,123.0013,124.0013,751,680,144
8ebdb0b3-2c32-494c-b6b3-b6162684d288,2026-10-10T06:14:00.856721+00:00,530,forecast,C,CLEAR,0,1,0,7,35,25,0.0,0.0,0.1998,0.0,170,251.0811,921,751,123.0013,124.0013,751,680,144
8ebdb0b3-2c32-494c-b6b3-b6162684d288,2026-10-10T06:14:00.856721+00:00,530,forecast,D,EW,2,0,0,30,49,8,0.0,0.1998,0.3995,0.0,170,251.0811,921,751,123.0013,124.0013,751,680,144
8ebdb0b3-2c32-494c-b6b3-b6162684d288,2026-10-10T06:14:01.824996+00:00,531,forecast,A,NS,1,0,0,0,4,0,0.0,0.0,0.0,0.396,168,250.9247,921,753,123.4422,124.4422,753,680,144
8ebdb0b3-2c32-494c-b6b3-b6162684d288,2026-10-10T06:14:01.824996+00:00,531,forecast,B,EW,0,0,0,0,11,1,0.198,0.99,0.0,0.0,168,250.9247,921,753,123.4422,124.4422,753,680,144
8ebdb0b3-2c32-494c-b6b3-b6162684d288,2026-10-10T06:14:01.824996+00:00,531,forecast,C,EW,3,0,0,7,35,24,0.0,0.0,0.198,0.0,168,250.9247,921,753,123.4422,124.4422,753,680,144
8ebdb0b3-2c32-494c-b6b3-b6162684d288,2026-10-10T06:14:01.824996+00:00,531,forecast,D,EW,1,0,0,29,49,8,0.0,0.198,0.396,0.0,168,250.9247,921,753,123.4422,124.4422,753,680,144
8ebdb0b3-2c32-494c-b6b3-b6162684d288,2026-10-10T06:14:02.875604+00:00,532,forecast,A,NS,0,0,0,0,4,0,0.0,0.0,0.0,0.3961,165,250.7632,921,756,124.1574,125.1574,756,680,144
8ebdb0b3-2c32-494c-b6b3-b6162684d288,2026-10-10T06:14:02.875604+00:00,532,forecast,B,EW,2,0,0,0,11,0,0.198,0.9902,0.0,0.0,165,250.7632,921,756,124.1574,125.1574,756,680,144
8ebdb0b3-2c32-494c-b6b3-b6162684d288,2026-10-10T06:14:02.875604+00:00,532,forecast,C,EW,2,0,0,7,35,23,0.0,0.0,0.198,0.0,165,250.7632,921,756,124.1574,125.1574,756,680,144
8ebdb0b3-2c32-494c-b6b3-b6162684d288,2026-10-10T06:14:02.875604+00:00,532,forecast,D,EW,0,0,0,28,49,8,0.0,0.198,0.3961,0.0,165,250.7632,921,756,124.1574,125.1574,756,680,144
8ebdb0b3-2c32-494c-b6b3-b6162684d288,2026-10-10T06:14:03.827200+00:00,533,forecast,A,NS,1,0,0,0,4,0,0.0,0.0,0.0,0.3995,164,250.6004,921,757,124.3791,125.3791,757,680,144
8ebdb0b3-2c32-494c-b6b3-b6162684d288,2026-10-10T06:14:03.827200+00:00,533,forecast,B,EW,1,0,0,0,11,0,0.1997,0.9987,0.0,0.0,164,250.6004,921,757,124.3791,125.3791,757,680,144
8ebdb0b3-2c32-494c-b6b3-b6162684d288,2026-10-10T06:14:03.827200+00:00,533,forecast,C,EW,1,0,0,6,35,22,0.0,0.0,0.1997,0.0,164,250.6004,921,757,124.3791,125.3791,757,680,144
8ebdb0b3-2c32-494c-b6b3-b6162684d288,2026-10-10T06:14:03.827200+00:00,533,forecast,D,CLEAR,0,1,0,28,49,9,0.0,0.1997,0.3995,0.0,164,250.6004,921,757,124.3791,125.3791,757,680,144
8ebdb0b3-2c32-494c-b6b3-b6162684d288,2026-10-10T06:14:04.833418+00:00,534,forecast,A,NS,0,0,0,0,3,0,0.0,0.0,0.0,0.4031,162,250.4345,921,759,124.8669,125.8669,759,680,144
8ebdb0b3-2c32-494c-b6b3-b6162684d288,2026-10-10T06:14:04.833418+00:00,534,forecast,B,EW,0,0,0,0,12,0,0.2016,1.0078,0.0,0.0,162,250.4345,921,759,124.8669,125.8669,759,680,144
8ebdb0b3-2c32-494c-b6b3-b6162684d288,2026-10-10T06:14:04.833418+00:00,534,forecast,C,EW,0,0,0,5,35,21,0.0,0.0,0.2016,0.0,162,250.4345,921,759,124.8669,125.8669,759,680,144
8ebdb0b3-2c32-494c-b6b3-b6162684d288,2026-10-10T06:14:04.833418+00:00,534,forecast,D,NS,4,0,0,28,48,10,0.0,0.2016,0.4031,0.0,162,250.4345,921,759,124.8669,125.8669,759,680,144
8ebdb0b3-2c32-494c-b6b3-b6162684d288,2026-10-10T06:14:05.827395+00:00,535,forecast,A,NS,1,0,0,0,2,0,0.0,0.0,0.0,0.4027,162,250.2692,921,759,124.8669,125.8669,759,681,144
8ebdb0b3-2c32-494c-b6b3-b6162684d288,2026-10-10T06:14:05.827395+00:00,535,forecast,B,CLEAR,0,1,0,0,12,1,0.2014,1.0068,0.0,0.0,162,250.2692,921,759,124.8669,125.8669,759,681,144
8ebdb0b3-2c32-494c-b6b3-b6162684d288,2026-10-10T06:14:05.827395+00:00,535,forecast,C,CLEAR,0,1,0,5,35,21,0.0,0.0,0.2014,0.0,162,250.2692,921,759,124.8669,125.8669,759,681,144
8ebdb0b3-2c32-494c-b6b3-b6162684d288,2026-10-10T06:14:05.827395+00:00,535,forecast,D,NS,3,0,0,28,48,10,0.0,0.2014,0.4027,0.0,162,250.2692,921,759,124.8669,125.8669,759,681,144
8ebdb0b3-2c32-494c-b6b3-b6162684d288,2026-10-10T06:14:06.833017+00:00,536,forecast,A,NS,0,0,0,1,2,0,0.0,0.0,0.0,0.4026,161,250.1026,921,760,125.1316,126.1316,760,681,144
8ebdb0b3-2c32-494c-b6b3-b6162684d288,2026-10-10T06:14:06.833017+00:00,536,forecast,B,NS,2,0,0,0,12,1,0.2013,1.0066,0.0,0.0,161,250.1026,921,760,125.1316,126.1316,760,681,144
8ebdb0b3-2c32-494c-b6b3-b6162684d288,2026-10-10T06:14:06.833017+00:00,536,forecast,C,NS,3,0,0,5,34,21,0.0,0.0,0.2013,0.0,161,250.1026,921,760,125.1316,126.1316,760,681,144
8ebdb0b3-2c32-494c-b6b3-b6162684d288,2026-10-10T06:14:06.833017+00:00,536,forecast,D,NS,2,0,0,28,47,10,0.0,0.2013,0.4026,0.0,161,250.1026,921,760,125.1316,126.1316,760,681,144
8ebdb0b3-2c32-494c-b6b3-b6162684d288,2026-10-10T06:14:07.831329+00:00,537,forecast,A,CLEAR,0,1,0,1,3,0,0.0,0.0,0.0,0.3975,160,249.9348,921,761,125.3364,126.3364,761,681,144
8ebdb0b3-2c32-494c-b6b3-b6162684d288,2026-10-10T06:14:07.831329+00:00,537,forecast,B,NS,1,0,0,0,12,1,0.1987,0.9936,0.0,0.0,160,249.9348,921,761,125.3364,126.3364,761,681,144
8ebdb0b3-2c32-494c-b6b3-b6162684d288,2026-10-10T06:14:07.831329+00:00,537,forecast,C,NS,2,0,0,5,33,21,0.0,0.0,0.1987,0.0,160,249.9348,921,761,125.3364,126.3364,761,681,144
8ebdb0b3-2c32-494c-b6b3-b6162684d288,2026-10-10T06:14:07.831329+00:00,537,forecast,D,NS,1,0,0,28,46,10,0.0,0.1987,0.3975,0.0,160,249.9348,921,761,125.3364,126.3364,761,681,144
8ebdb0b3-2c32-494c-b6b3-b6162684d288,2026-10-10T06:14:08.825470+00:00,538,forecast,A,EW,2,0,0,2,4,0,0.0,0.0,0.0,0.3964,160,249.7677,921,761,125.3364,126.3364,761,681,144
8ebdb0b3-2c32-494c-b6b3-b6162684d288,2026-10-10T06:14:08.825470+00:00,538,forecast,B,NS,0,0,0,0,12,1,0.1982,0.991,0.0,0.0,160,249.7677,921,761,125.3364,126.3364,761,681,144
8ebdb0b3-2c32-494c-b6b3-b6162684d288,2026-10-10T06:14:08.825470+00:00,538,forecast,C,NS,1,0,0,5,32,21,0.0,0.0,0.1982,0.0,160,249.7677,921,761,125.3364,126.3364,761,681,144
8ebdb0b3-2c32-494c-b6b3-b6162684d288,2026-10-10T06:14:08.825470+00:00,538,forecast,D,NS,0,0,0,28,45,10,0.0,0.1982,0.3964,0.0,160,249.7677,921,761,125.3364,126.3364,761,681,144
8ebdb0b3-2c32-494c-b6b3-b6162684d288,2026-10-10T06:14:09.835152+00:00,539,forecast,A,EW,1,0,0,2,5,0,0.0,0.0,0.0,0.3978,160,249.6011,921,761,125.3364,126.3364,761,682,144
8ebdb0b3-2c32-494c-b6b3-b6162684d288,2026-10-10T06:14:09.835152+00:00,539,forecast,B,CLEAR,0,1,0,0,12,1,0.1989,0.9946,0.0,0.0,160,249.6011,921,761,125.3364,126.3364,761,682,144
8ebdb0b3-2c32-494c-b6b3-b6162684d288,2026-10-10T06:14:09.835152+00:00,539,forecast,C,NS,0,0,0,5,31,21,0.0,0.0,0.1989,0.0,160,249.6011,921,761,125.3364,126.3364,761,682,144
8ebdb0b3-2c32-494c-b6b3-b6162684d288,2026-10-10T06:14:09.835152+00:00,539,forecast,D,NS,4,0,0,28,45,10,0.0,0.1989,0.3978,0.0,160,249.6011,921,761,125.3364,126.3364,761,682,144
8ebdb0b3-2c32-494c-b6b3-b6162684d288,2026-10-10T06:14:10.854949+00:00,540,forecast,A,EW,0,0,0,2,5,0,0.0,0.0,0.0,0.4021,160,249.4352,921,761,125.3364,126.3364,761,683,144
8ebdb0b3-2c32-494c-b6b3-b6162684d288,2026-10-10T06:14:10.854949+00:00,540,forecast,B,EW,2,0,0,0,12,1,0.201,1.0052,0.0,0.0,160,249.4352,921,761,125.3364,126.3364,761,683,144
8ebdb0b3-2c32-494c-b6b3-b6162684d288,2026-10-10T06:14:10.854949+00:00,540,forecast,C,CLEAR,0,1,0,5,31,21,0.0,0.0,0.201,0.0,160,249.4352,921,761,125.3364,126.3364,761,683,144
8ebdb0b3-2c32-494c-b6b3-b6162684d288,2026-10-10T06:14:10.854949+00:00,540,forecast,D,NS,3,0,0,28,45,10,0.0,0.201,0.4021,0.0,160,249.4352,921,761,125.3364,126.3364,761,683,144
8ebdb0b3-2c32-494c-b6b3-b6162684d288,2026-10-10T06:14:11.847763+00:00,541,forecast,A,EW,2,0,0,2,5,0,0.0,0.0,0.0,0.4033,159,249.268,921,762,125.5604,126.5604,762,684,144
8ebdb0b3-2c32-494c-b6b3-b6162684d288,2026-10-10T06:14:11.847763+00:00,541,forecast,B,EW,1,0,0,0,12,1,0.2017,1.0084,0.0,0.0,159,249.268,921,762,125.5604,126.5604,762,684,144
8ebdb0b3-2c32-494c-b6b3-b6162684d288,2026-10-10T06:14:11.847763+00:00,541,forecast,C,EW,3,0,0,4,31,20,0.0,0.0,0.2017,0.0,159,249.268,921,762,125.5604,126.5604,762,684,144
8ebdb0b3-2c32-494c-b6b3-b6162684d288,2026-10-10T06:14:11.847763+00:00,541,forecast,D,NS,2,0,0,28,45,11,0.0,0.2017,0.4033,0.0,159,249.268,921,762,125.5604,126.5604,762,684,144
8ebdb0b3-2c32-494c-b6b3-b6162684d288,2026-10-10T06:14:12.832253+00:00,542,forecast,A,EW,1,0,0,2,5,0,0.0,0.0,0.0,0.4004,158,249.0996,921,763,125.772,126.772,763,685,144
8ebdb0b3-2c32-494c-b6b3-b6162684d288,2026-10-10T06:14:12.832253+00:00,542,forecast,B,EW,0,0,0,0,12,1,0.2002,1.0011,0.0,0.0,158,249.0996,921,763,125.772,126.772,763,685,144
8ebdb0b3-2c32-494c-b6b3-b6162684d288,2026-10-10T06:14:12.832253+00:00,542,forecast,C,EW,2,0,0,3,31,19,0.0,0.0,0.2002,0.0,158,249.0996,921,763,125.772,126.772,763,685,144
8ebdb0b3-2c32-494c-b6b3-b6162684d288,2026-10-10T06:14:12.832253+00:00,542,forecast,D,NS,1,0,0,28,45,12,0.0,0.2002,0.4004,0.0,158,249.0996,921,763,125.772,126.772,763,685,144
8ebdb0b3-2c32-494c-b6b3-b6162684d288,2026-10-10T06:14:13.833586+00:00,543,forecast,A,EW,0,0,0,2,5,0,0.0,0.0,0.0,0.4008,156,248.9282,921,765,126.2497,127.2497,765,687,144
8ebdb0b3-2c32-494c-b6b3-b6162684d288,2026-10-10T06:14:13.833586+00:00,543,forecast,B,EW,2,0,0,0,12,0,0.2004,1.0019,0.0,0.0,156,248.9282,921,765,126.2497,127.2497,765,687,144
8ebdb0b3-2c32-494c-b6b3-b6162684d288,2026-10-10T06:14:13.833586+00:00,543,forecast,C,EW,1,0,0,2,31,19,0.0,0.0,0.2004,0.0,156,248.9282,921,765,126.2497,127.2497,765,687,144
8ebdb0b3-2c32-494c-b6b3-b6162684d288,2026-10-10T06:14:13.833586+00:00,543,forecast,D,NS,0,0,0,28,45,12,0.0,0.2004,0.4008,0.0,156,248.9282,921,765,126.2497,127.2497,765,687,144
8ebdb0b3-2c32-494c-b6b3-b6162684d288,2026-10-10T06:14:14.840162+00:00,544,forecast,A,EW,2,0,0,1,5,0,0.0,0.0,0.0,0.3969,154,248.7537,921,767,126.6597,127.6597,767,688,144
8ebdb0b3-2c32-494c-b6b3-b6162684d288,2026-10-10T06:14:14.840162+00:00,544,forecast,B,EW,1,0,0,0,12,0,0.1985,0.9923,0.0,0.0,154,248.7537,921,767,126.6597,127.6597,767,688,144
8ebdb0b3-2c32-494c-b6b3-b6162684d288,2026-10-10T06:14:14.840162+00:00,544,forecast,C,EW,0,0,0,1,31,19,0.0,0.0,0.1985,0.0,154,248.7537,921,767,126.6597,127.6597,767,688,144
8ebdb0b3-2c32-494c-b6b3-b6162684d288,2026-10-10T06:14:14.840162+00:00,544,forecast,D,CLEAR,0,1,0,28,45,12,0.0,0.1985,0.3969,0.0,154,248.7537,921,767,126.6597,127.6597,767,688,144
8ebdb0b3-2c32-494c-b6b3-b6162684d288,2026-10-10T06:14:15.850328+00:00,545,forecast,A,EW,1,0,0,1,5,0,0.0,0.0,0.0,0.397,153,248.578,921,768,126.8802,127.8802,768,688,144
8ebdb0b3-2c32-494c-b6b3-b6162684d288,2026-10-10T06:14:15.850328+00:00,545,forecast,B,EW,0,0,0,0,12,0,0.1985,0.9924,0.0,0.0,153,248.578,921,768,126.8802,127.8802,768,688,144
8ebdb0b3-2c32-494c-b6b3-b6162684d288,2026-10-10T06:14:15.850328+00:00,545,forecast,C,CLEAR,0,1,0,2,31,19,0.0,0.0,0.1985,0.0,153,248.578,921,768,126.8802,127.8802,768,688,144
8ebdb0b3-2c32-494c-b6b3-b6162684d288,2026-10-10T06:14:15.850328+00:00,545,forecast,D,EW,4,0,0,27,45,11,0.0,0.1985,0.397,0.0,153,248.578,921,768,126.8802,127.8802,768,688,144
8ebdb0b3-2c32-494c-b6b3-b6162684d288,2026-10-10T06:14:16.832399+00:00,546,forecast,A,EW,0,0,0,0,6,0,0.0,0.0,0.0,0.3998,151,248.3993,921,770,127.3026,128.3026,770,688,144
8ebdb0b3-2c32-494c-b6b3-b6162684d288,2026-10-10T06:14:16.832399+00:00,546,forecast,B,CLEAR,0,1,0,0,12,0,0.1999,0.9995,0.0,0.0,151,248.3993,921,770,127.3026,128.3026,770,688,144
8ebdb0b3-2c32-494c-b6b3-b6162684d288,2026-10-10T06:14:16.832399+00:00,546,forecast,C,NS,3,0,0,3,30,19,0.0,0.0,0.1999,0.0,151,248.3993,921,770,127.3026,128.3026,770,688,144
8ebdb0b3-2c32-494c-b6b3-b6162684d288,2026-10-10T06:14:16.832399+00:00,546,forecast,D,EW,3,0,0,26,45,10,0.0,0.1999,0.3998,0.0,151,248.3993,921,770,127.3026,128.3026,770,688,144
8ebdb0b3-2c32-494c-b6b3-b6162684d288,2026-10-10T06:14:17.833047+00:00,547,forecast,A,CLEAR,0,1,0,1,7,0,0.0,0.0,0.0,0.4038,150,248.2194,921,771,127.5123,128.5123,771,688,144
8ebdb0b3-2c32-494c-b6b3-b6162684d288,2026-10-10T06:14:17.833047+00:00,547,forecast,B,NS,2,0,0,0,11,0,0.2019,1.0094,0.0,0.0,150,248.2194,921,771,127.5123,128.5123,771,688,144
8ebdb0b3-2c32-494c-b6b3-b6162684d288,2026-10-10T06:14:17.833047+00:00,547,forecast,C,NS,2,0,0,4,29,19,0.0,0.0,0.2019,0.0,150,248.2194,921,771,127.5123,128.5123,771,688,144
8ebdb0b3-2c32-494c-b6b3-b6162684d288,2026-10-10T06:14:17.833047+00:00,547,forecast,D,EW,2,0,0,25,45,9,0.0,0.2019,0.4038,0.0,150,248.2194,921,771,127.5123,128.5123,771,688,144
8ebdb0b3-2c32-494c-b6b3-b6162684d288,2026-10-10T06:14:18.837017+00:00,548,forecast,A,NS,1,0,0,2,7,0,0.0,0.0,0.0,0.402,149,248.0383,921,772,127.7215,128.7215,772,688,144
8ebdb0b3-2c32-494c-b6b3-b6162684d288,2026-10-10T06:14:18.837017+00:00,548,forecast,B,NS,1,0,0,0,10,1,0.201,1.0049,0.0,0.0,149,248.0383,921,772,127.7215,128.7215,772,688,144
8ebdb0b3-2c32-494c-b6b3-b6162684d288,2026-10-10T06:14:18.837017+00:00,548,forecast,C,NS,1,0,0,5,28,19,0.0,0.0,0.201,0.0,149,248.0383,921,772,127.7215,128.7215,772,688,144
8ebdb0b3-2c32-494c-b6b3-b6162684d288,2026-10-10T06:14:18.837017+00:00,548,forecast,D,EW,1,0,0,24,45,8,0.0,0.201,0.402,0.0,149,248.0383,921,772,127.7215,128.7215,772,688,144
8ebdb0b3-2c32-494c-b6b3-b6162684d288,2026-10-10T06:14:19.851345+00:00,549,forecast,A,NS,0,0,0,2,7,0,0.0,0.0,0.0,0.4017,146,247.8525,921,775,128.3948,129.3948,775,688,144
8ebdb0b3-2c32-494c-b6b3-b6162684d288,2026-10-10T06:14:19.851345+00:00,549,forecast,B,NS,0,0,0,0,9,1,0.2009,1.0043,0.0,0.0,146,247.8525,921,775,128.3948,129.3948,775,688,144
8ebdb0b3-2c32-494c-b6b3-b6162684d288,2026-10-10T06:14:19.851345+00:00,549,forecast,C,NS,0,0,0,6,27,19,0.0,0.0,0.2009,0.0,146,247.8525,921,775,128.3948,129.3948,775,688,144
8ebdb0b3-2c32-494c-b6b3-b6162684d288,2026-10-10T06:14:19.851345+00:00,549,forecast,D,EW,0,0,0,23,45,7,0.0,0.2009,0.4017,0.0,146,247.8525,921,775,128.3948,129.3948,775,688,144
8ebdb0b3-2c32-494c-b6b3-b6162684d288,2026-10-10T06:14:20.838360+00:00,550,forecast,A,CLEAR,0,1,0,2,7,0,0.0,0.0,0.0,0.397,146,247.6673,921,775,128.3948,129.3948,775,688,144
8ebdb0b3-2c32-494c-b6b3-b6162684d288,2026-10-10T06:14:20.838360+00:00,550,forecast,B,CLEAR,0,1,0,0,9,1,0.1985,0.9926,0.0,0.0,146,247.6673,921,775,128.3948,129.3948,775,688,144
8ebdb0b3-2c32-494c-b6b3-b6162684d288,2026-10-10T06:14:20.838360+00:00,550,forecast,C,CLEAR,0,1,0,6,27,19,0.0,0.0,0.1985,0.0,146,247.6673,921,775,128.3948,129.3948,775,688,144
8ebdb0b3-2c32-494c-b6b3-b6162684d288,2026-10-10T06:14:20.838360+00:00,550,forecast,D,CLEAR,0,1,0,23,45,7,0.0,0.1985,0.397,0.0,146,247.6673,921,775,128.3948,129.3948,775,688,144
8ebdb0b3-2c32-494c-b6b3-b6162684d288,2026-10-10T06:14:21.832892+00:00,551,forecast,A,EW,2,0,0,2,7,0,0.0,0.0,0.0,0.3961,145,247.4809,921,776,128.5941,129.5941,776,688,144
8ebdb0b3-2c32-494c-b6b3-b6162684d288,2026-10-10T06:14:21.832892+00:00,551,forecast,B,EW,2,0,0,0,10,1,0.1981,0.9904,0.0,0.0,145,247.4809,921,776,128.5941,129.5941,776,688,144
8ebdb0b3-2c32-494c-b6b3-b6162684d288,2026-10-10T06:14:21.832892+00:00,551,forecast,C,EW,3,0,0,5,27,18,0.0,0.0,0.1981,0.0,145,247.4809,921,776,128.5941,129.5941,776,688,144
8ebdb0b3-2c32-494c-b6b3-b6162684d288,2026-10-10T06:14:21.832892+00:00,551,forecast,D,NS,4,0,0,23,44,8,0.0,0.1981,0.3961,0.0,145,247.4809,921,776,128.5941,129.5941,776,688,144
8ebdb0b3-2c32-494c-b6b3-b6162684d288,2026-10-10T06:14:22.836607+00:00,552,forecast,A,EW,1,0,0,2,7,0,0.0,0.0,0.0,0.3989,145,247.2953,921,776,128.5941,129.5941,776,688,144
8ebdb0b3-2c32-494c-b6b3-b6162684d288,2026-10-10T06:14:22.836607+00:00,552,forecast,B,EW,1,0,0,0,11,1,0.1994,0.9972,0.0,0.0,145,247.2953,921,776,128.5941,129.5941,776,688,144
8ebdb0b3-2c32-494c-b6b3-b6162684d288,2026-10-10T06:14:22.836607+00:00,552,forecast,C,EW,2,0,0,5,27,17,0.0,0.0,0.1994,0.0,145,247.2953,921,776,128.5941,129.5941,776,688,144
8ebdb0b3-2c32-494c-b6b3-b6162684d288,2026-10-10T06:14:22.836607+00:00,552,forecast,D,NS,3,0,0,23,43,9,0.0,0.1994,0.3989,0.0,145,247.2953,921,776,128.5941,129.5941,776,688,144
8ebdb0b3-2c32-494c-b6b3-b6162684d288,2026-10-10T06:14:23.840837+00:00,553,forecast,A,EW,0,0,0,2,7,0,0.0,0.0,0.0,0.4023,144,247.1085,921,777,128.7954,129.7954,777,688,144
8ebdb0b3-2c32-494c-b6b3-b6162684d288,2026-10-10T06:14:23.840837+00:00,553,forecast,B,EW,0,0,0,0,12,1,0.2012,1.0059,0.0,0.0,144,247.1085,921,777,128.7954,129.7954,777,688,144
8ebdb0b3-2c32-494c-b6b3-b6162684d288,2026-10-10T06:14:23.840837+00:00,553,forecast,C,EW,1,0,0,4,27,16,0.0,0.0,0.2012,0.0,144,247.1085,921,777,128.7954,129.7954,777,688,144
8ebdb0b3-2c32-494c-b6b3-b6162684d288,2026-10-10T06:14:23.840837+00:00,553,forecast,D,NS,2,0,0,23,42,10,0.0,0.2012,0.4023,0.0,144,247.1085,921,777,128.7954,129.7954,777,688,144
8ebdb0b3-2c32-494c-b6b3-b6162684d288,2026-10-10T06:14:24.836143+00:00,554,forecast,A,EW,2,0,0,2,7,0,0.0,0.0,0.0,0.4036,143,246.9206,921,778,128.9897,129.9897,778,689,144
8ebdb0b3-2c32-494c-b6b3-b6162684d288,2026-10-10T06:14:24.836143+00:00,554,forecast,B,EW,2,0,0,0,12,1,0.2018,1.009,0.0,0.0,143,246.9206,921,778,128.9897,129.9897,778,689,144
8ebdb0b3-2c32-494c-b6b3-b6162684d288,2026-10-10T06:14:24.836143+00:00,554,forecast,C,EW,0,0,0,3,27,15,0.0,0.0,0.2018,0.0,143,246.9206,921,778,128.9897,129.9897,778,689,144
8ebdb0b3-2c32-494c-b6b3-b6162684d288,2026-10-10T06:14:24.836143+00:00,554,forecast,D,NS,1,0,0,23,42,11,0.0,0.2018,0.4036,0.0,143,246.9206,921,778,128.9897,129.9897,778,689,144
8ebdb0b3-2c32-494c-b6b3-b6162684d288,2026-10-10T06:14:25.848584+00:00,555,forecast,A,EW,1,0,0,1,7,0,0.0,0.0,0.0,0.403,142,246.7315,921,779,129.199,130.199,779,690,144
8ebdb0b3-2c32-494c-b6b3-b6162684d288,2026-10-10T06:14:25.848584+00:00,555,forecast,B,EW,1,0,0,0,12,1,0.2015,1.0075,0.0,0.0,142,246.7315,921,779,129.199,130.199,779,690,144
8ebdb0b3-2c32-494c-b6b3-b6162684d288,2026-10-10T06:14:25.848584+00:00,555,forecast,C,CLEAR,0,1,0,3,27,15,0.0,0.0,0.2015,0.0,142,246.7315,921,779,129.199,130.199,779,690,144
8ebdb0b3-2c32-494c-b6b3-b6162684d288,2026-10-10T06:14:25.848584+00:00,555,forecast,D,NS,0,0,0,23,42,11,0.0,0.2015,0.403,0.0,142,246.7315,921,779,129.199,130.199,779,690,144
8ebdb0b3-2c32-494c-b6b3-b6162684d288,2026-10-10T06:14:26.829825+00:00,556,forecast,A,EW,0,0,0,0,8,0,0.0,0.0,0.0,0.3983,140,246.5396,921,781,129.6812,130.6812,781,691,144
8ebdb0b3-2c32-494c-b6b3-b6162684d288,2026-10-10T06:14:26.829825+00:00,556,forecast,B,EW,0,0,0,0,12,0,0.1991,0.9956,0.0,0.0,140,246.5396,921,781,129.6812,130.6812,781,691,144
8ebdb0b3-2c32-494c-b6b3-b6162684d288,2026-10-10T06:14:26.829825+00:00,556,forecast,C,NS,3,0,0,3,26,15,0.0,0.0,0.1991,0.0,140,246.5396,921,781,129.6812,130.6812,781,691,144
8ebdb0b3-2c32-494c-b6b3-b6162684d288,2026-10-10T06:14:26.829825+00:00,556,forecast,D,NS,4,0,0,23,42,11,0.0,0.1991,0.3983,0.0,140,246.5396,921,781,129.6812,130.6812,781,691,144
8ebdb0b3-2c32-494c-b6b3-b6162684d288,2026-10-10T06:14:27.849915+00:00,557,forecast,A,CLEAR,0,1,0,0,9,0,0.0,0.0,0.0,0.396,140,246.3483,921,781,129.6812,130.6812,781,692,144
8ebdb0b3-2c32-494c-b6b3-b6162684d288,2026-10-10T06:14:27.849915+00:00,557,forecast,B,CLEAR,0,1,0,0,12,0,0.198,0.9901,0.0,0.0,140,246.3483,921,781,129.6812,130.6812,781,692,144
8ebdb0b3-2c32-494c-b6b3-b6162684d288,2026-10-10T06:14:27.849915+00:00,557,forecast,C,NS,2,0,0,3,25,15,0.0,0.0,0.198,0.0,140,246.3483,921,781,129.6812,130.6812,781,692,144
8ebdb0b3-2c32-494c-b6b3-b6162684d288,2026-10-10T06:14:27.849915+00:00,557,forecast,D,NS,3,0,0,23,42,11,0.0,0.198,0.396,0.0,140,246.3483,921,781,129.6812,130.6812,781,692,144
8ebdb0b3-2c32-494c-b6b3-b6162684d288,2026-10-10T06:14:28.821730+00:00,558,forecast,A,NS,1,0,0,1,9,0,0.0,0.0,0.0,0.397,140,246.1577,921,781,129.6812,130.6812,781,692,144
8ebdb0b3-2c32-494c-b6b3-b6162684d288,2026-10-10T06:14:28.821730+00:00,558,forecast,B,NS,2,0,0,0,12,1,0.1985,0.9924,0.0,0.0,140,246.1577,921,781,129.6812,130.6812,781,692,144
8ebdb0b3-2c32-494c-b6b3-b6162684d288,2026-10-10T06:14:28.821730+00:00,558,forecast,C,NS,1,0,0,3,24,15,0.0,0.0,0.1985,0.0,140,246.1577,921,781,129.6812,130.6812,781,692,144
8ebdb0b3-2c32-494c-b6b3-b6162684d288,2026-10-10T06:14:28.821730+00:00,558,forecast,D,NS,2,0,0,23,41,11,0.0,0.1985,0.397,0.0,140,246.1577,921,781,129.6812,130.6812,781,692,144
8ebdb0b3-2c32-494c-b6b3-b6162684d288,2026-10-10T06:14:29.832616+00:00,559,forecast,A,NS,0,0,0,1,9,0,0.0,0.0,0.0,0.4014,139,245.966,921,782,129.89,130.89,782,692,144
8ebdb0b3-2c32-494c-b6b3-b6162684d288,2026-10-10T06:14:29.832616+00:00,559,forecast,B,NS,1,0,0,0,12,2,0.2007,1.0035,0.0,0.0,139,245.966,921,782,129.89,130.89,782,692,144
8ebdb0b3-2c32-494c-b6b3-b6162684d288,2026-10-10T06:14:29.832616+00:00,559,forecast,C,NS,0,0,0,3,23,15,0.0,0.0,0.2007,0.0,139,245.966,921,782,129.89,130.89,782,692,144
8ebdb0b3-2c32-494c-b6b3-b6162684d288,2026-10-10T06:14:29.832616+00:00,559,forecast,D,NS,1,0,0,23,40,11,0.0,0.2007,0.4014,0.0,139,245.966,921,782,129.89,130.89,782,692,144
8ebdb0b3-2c32-494c-b6b3-b6162684d288,2026-10-10T06:14:30.860940+00:00,560,forecast,A,CLEAR,0,1,0,1,9,0,0.0,0.0,0.0,0.4042,138,245.7732,921,783,130.0996,131.0996,783,692,144
8ebdb0b3-2c32-494c-b6b3-b6162684d288,2026-10-10T06:14:30.860940+00:00,560,forecast,B,NS,0,0,0,0,12,2,0.2021,1.0104,0.0,0.0,138,245.7732,921,783,130.0996,131.0996,783,692,144
8ebdb0b3-2c32-494c-b6b3-b6162684d288,2026-10-10T06:14:30.860940+00:00,560,forecast,C,CLEAR,0,1,0,3,23,15,0.0,0.0,0.2021,0.0,138,245.7732,921,783,130.0996,131.0996,783,692,144
8ebdb0b3-2c32-494c-b6b3-b6162684d288,2026-10-10T06:14:30.860940+00:00,560,forecast,D,NS,0,0,0,23,39,11,0.0,0.2021,0.4042,0.0,138,245.7732,921,783,130.0996,131.0996,783,692,144
8ebdb0b3-2c32-494c-b6b3-b6162684d288,2026-10-10T06:14:31.826596+00:00,561,forecast,A,EW,2,0,0,1,9,0,0.0,0.0,0.0,0.4019,137,245.5793,921,784,130.2895,131.2895,784,692,144
8ebdb0b3-2c32-494c-b6b3-b6162684d288,2026-10-10T06:14:31.826596+00:00,561,forecast,B,CLEAR,0,1,0,0,12,2,0.201,1.0049,0.0,0.0,137,245.5793,921,784,130.2895,131.2895,784,692,144
8ebdb0b3-2c32-494c-b6b3-b6162684d288,2026-10-10T06:14:31.826596+00:00,561,forecast,C,EW,3,0,0,2,23,14,0.0,0.0,0.201,0.0,137,245.5793,921,784,130.2895,131.2895,784,692,144
8ebdb0b3-2c32-494c-b6b3-b6162684d288,2026-10-10T06:14:31.826596+00:00,561,forecast,D,CLEAR,0,1,0,23,39,12,0.0,0.201,0.4019,0.0,137,245.5793,921,784,130.2895,131.2895,784,692,144
8ebdb0b3-2c32-494c-b6b3-b6162684d288,2026-10-10T06:14:32.824328+00:00,562,forecast,A,EW,1,0,0,1,9,0,0.0,0.0,0.0,0.3998,135,245.3826,921,786,130.6832,131.6832,786,693,144
8ebdb0b3-2c32-494c-b6b3-b6162684d288,2026-10-10T06:14:32.824328+00:00,562,forecast,B,EW,2,0,0,0,12,2,0.1999,0.9996,0.0,0.0,135,245.3826,921,786,130.6832,131.6832,786,693,144
8ebdb0b3-2c32-494c-b6b3-b6162684d288,2026-10-10T06:14:32.824328+00:00,562,forecast,C,EW,2,0,0,2,23,14,0.0,0.0,0.1999,0.0,135,245.3826,921,786,130.6832,131.6832,786,693,144
8ebdb0b3-2c32-494c-b6b3-b6162684d288,2026-10-10T06:14:32.824328+00:00,562,forecast,D,EW,4,0,0,22,39,11,0.0,0.1999,0.3998,0.0,135,245.3826,921,786,130.6832,131.6832,786,693,144
8ebdb0b3-2c32-494c-b6b3-b6162684d288,2026-10-10T06:14:33.847004+00:00,563,forecast,A,EW,0,0,0,1,9,0,0.0,0.0,0.0,0.3969,133,245.1829,921,788,131.0609,132.0609,788,693,144
8ebdb0b3-2c32-494c-b6b3-b6162684d288,2026-10-10T06:14:33.847004+00:00,563,forecast,B,EW,1,0,0,0,12,2,0.1985,0.9923,0.0,0.0,133,245.1829,921,788,131.0609,132.0609,788,693,144
8ebdb0b3-2c32-494c-b6b3-b6162684d288,2026-10-10T06:14:33.847004+00:00,563,forecast,C,EW,1,0,0,2,23,13,0.0,0.0,0.1985,0.0,133,245.1829,921,788,131.0609,132.0609,788,693,144
8ebdb0b3-2c32-494c-b6b3-b6162684d288,2026-10-10T06:14:33.847004+00:00,563,forecast,D,EW,3,0,0,21,39,11,0.0,0.1985,0.3969,0.0,133,245.1829,921,788,131.0609,132.0609,788,693,144
8ebdb0b3-2c32-494c-b6b3-b6162684d288,2026-10-10T06:14:34.846817+00:00,564,forecast,A,EW,2,0,0,1,9,0,0.0,0.0,0.0,0.3966,132,244.9823,921,789,131.2395,132.2395,789,693,144
8ebdb0b3-2c32-494c-b6b3-b6162684d288,2026-10-10T06:14:34.846817+00:00,564,forecast,B,EW,0,0,0,0,12,2,0.1983,0.9914,0.0,0.0,132,244.9823,921,789,131.2395,132.2395,789,693,144
8ebdb0b3-2c32-494c-b6b3-b6162684d288,2026-10-10T06:14:34.846817+00:00,564,forecast,C,EW,0,0,0,3,23,12,0.0,0.0,0.1983,0.0,132,244.9823,921,789,131.2395,132.2395,789,693,144
8ebdb0b3-2c32-494c-b6b3-b6162684d288,2026-10-10T06:14:34.846817+00:00,564,forecast,D,EW,2,0,0,20,39,11,0.0,0.1983,0.3966,0.0,132,244.9823,921,789,131.2395,132.2395,789,693,144
8ebdb0b3-2c32-494c-b6b3-b6162684d288,2026-10-10T06:14:35.852276+00:00,565,forecast,A,EW,1,0,0,1,9,0,0.0,0.0,0.0,0.399,131,244.7805,921,790,131.4152,132.4152,790,693,144
8ebdb0b3-2c32-494c-b6b3-b6162684d288,2026-10-10T06:14:35.852276+00:00,565,forecast,B,EW,2,0,0,0,12,2,0.1995,0.9974,0.0,0.0,131,244.7805,921,790,131.4152,132.4152,790,693,144
8ebdb0b3-2c32-494c-b6b3-b6162684d288,2026-10-10T06:14:35.852276+00:00,565,forecast,C,CLEAR,0,1,0,4,23,12,0.0,0.0,0.1995,0.0,131,244.7805,921,790,131.4152,132.4152,790,693,144
8ebdb0b3-2c32-494c-b6b3-b6162684d288,2026-10-10T06:14:35.852276+00:00,565,forecast,D,EW,1,0,0,19,39,10,0.0,0.1995,0.399,0.0,131,244.7805,921,790,131.4152,132.4152,790,693,144
8ebdb0b3-2c32-494c-b6b3-b6162684d288,2026-10-10T06:14:36.848754+00:00,566,forecast,A,EW,0,0,0,0,10,0,0.0,0.0,0.0,0.4031,128,244.5742,921,793,132.0656,133.0656,793,693,144
8ebdb0b3-2c32-494c-b6b3-b6162684d288,2026-10-10T06:14:36.848754+00:00,566,forecast,B,EW,1,0,0,0,12,1,0.2015,1.0077,0.0,0.0,128,244.5742,921,793,132.0656,133.0656,793,693,144
8ebdb0b3-2c32-494c-b6b3-b6162684d288,2026-10-10T06:14:36.848754+00:00,566,forecast,C,NS,2,0,0,5,22,12,0.0,0.0,0.2015,0.0,128,244.5742,921,793,132.0656,133.0656,793,693,144
8ebdb0b3-2c32-494c-b6b3-b6162684d288,2026-10-10T06:14:36.848754+00:00,566,forecast,D,EW,0,0,0,18,39,9,0.0,0.2015,0.4031,0.0,128,244.5742,921,793,132.0656,133.0656,793,693,144
8ebdb0b3-2c32-494c-b6b3-b6162684d288,2026-10-10T06:14:37.826821+00:00,567,forecast,A,CLEAR,0,1,0,0,11,0,0.0,0.0,0.0,0.4021,127,244.3668,921,794,132.3325,133.3325,794,693,144
8ebdb0b3-2c32-494c-b6b3-b6162684d288,2026-10-10T06:14:37.826821+00:00,567,forecast,B,EW,0,0,0,0,12,0,0.2011,1.0053,0.0,0.0,127,244.3668,921,794,132.3325,133.3325,794,693,144
8ebdb0b3-2c32-494c-b6b3-b6162684d288,2026-10-10T06:14:37.826821+00:00,567,forecast,C,NS,1,0,0,5,21,12,0.0,0.0,0.2011,0.0,127,244.3668,921,794,132.3325,133.3325,794,693,144
8ebdb0b3-2c32-494c-b6b3-b6162684d288,2026-10-10T06:14:37.826821+00:00,567,forecast,D,CLEAR,0,1,0,18,39,9,0.0,0.2011,0.4021,0.0,127,244.3668,921,794,132.3325,133.3325,794,693,144
8ebdb0b3-2c32-494c-b6b3-b6162684d288,2026-10-10T06:14:38.843152+00:00,568,forecast,A,NS,2,0,0,0,11,0,0.0,0.0,0.0,0.3994,127,244.1602,921,794,132.3325,133.3325,794,694,144
8ebdb0b3-2c32-494c-b6b3-b6162684d288,2026-10-10T06:14:38.843152+00:00,568,forecast,B,CLEAR,0,1,0,0,12,1,0.1997,0.9984,0.0,0.0,127,244.1602,921,794,132.3325,133.3325,794,694,144
8ebdb0b3-2c32-494c-b6b3-b6162684d288,2026-10-10T06:14:38.843152+00:00,568,forecast,C,NS,0,0,0,5,20,12,0.0,0.0,0.1997,0.0,127,244.1602,921,794,132.3325,133.3325,794,694,144
8ebdb0b3-2c32-494c-b6b3-b6162684d288,2026-10-10T06:14:38.843152+00:00,568,forecast,D,NS,3,0,0,18,39,9,0.0,0.1997,0.3994,0.0,127,244.1602,921,794,132.3325,133.3325,794,694,144
8ebdb0b3-2c32-494c-b6b3-b6162684d288,2026-10-10T06:14:39.826052+00:00,569,forecast,A,NS,1,0,0,0,10,0,0.0,0.0,0.0,0.3976,125,243.9508,921,796,132.8116,133.8116,796,694,144
8ebdb0b3-2c32-494c-b6b3-b6162684d288,2026-10-10T06:14:39.826052+00:00,569,forecast,B,NS,2,0,0,0,12,1,0.1988,0.994,0.0,0.0,125,243.9508,921,796,132.8116,133.8116,796,694,144
8ebdb0b3-2c32-494c-b6b3-b6162684d288,2026-10-10T06:14:39.826052+00:00,569,forecast,C,CLEAR,0,1,0,5,20,12,0.0,0.0,0.1988,0.0,125,243.9508,921,796,132.8116,133.8116,796,694,144
8ebdb0b3-2c32-494c-b6b3-b6162684d288,2026-10-10T06:14:39.826052+00:00,569,forecast,D,NS,2,0,0,18,38,9,0.0,0.1988,0.3976,0.0,125,243.9508,921,796,132.8116,133.8116,796,694,144
8ebdb0b3-2c32-494c-b6b3-b6162684d288,2026-10-10T06:14:40.830791+00:00,570,forecast,A,NS,0,0,0,0,9,0,0.0,0.0,0.0,0.3979,122,243.7368,921,799,133.4693,134.4693,799,694,144
8ebdb0b3-2c32-494c-b6b3-b6162684d288,2026-10-10T06:14:40.830791+00:00,570,forecast,B,NS,1,0,0,0,12,1,0.1989,0.9947,0.0,0.0,122,243.7368,921,799,133.4693,134.4693,799,694,144
8ebdb0b3-2c32-494c-b6b3-b6162684d288,2026-10-10T06:14:40.830791+00:00,570,forecast,C,EW,3,0,0,4,20,11,0.0,0.0,0.1989,0.0,122,243.7368,921,799,133.4693,134.4693,799,694,144
8ebdb0b3-2c32-494c-b6b3-b6162684d288,2026-10-10T06:14:40.830791+00:00,570,forecast,D,NS,1,0,0,18,37,10,0.0,0.1989,0.3979,0.0,122,243.7368,921,799,133.4693,134.4693,799,694,144
8ebdb0b3-2c32-494c-b6b3-b6162684d288,2026-10-10T06:14:41.841373+00:00,571,forecast,A,NS,1,0,0,1,8,0,0.0,0.0,0.0,0.3998,120,243.5201,921,801,133.9114,134.9114,801,694,144
8ebdb0b3-2c32-494c-b6b3-b6162684d288,2026-10-10T06:14:41.841373+00:00,571,forecast,B,NS,0,0,0,0,12,1,0.1999,0.9996,0.0,0.0,120,243.5201,921,801,133.9114,134.9114,801,694,144
8ebdb0b3-2c32-494c-b6b3-b6162684d288,2026-10-10T06:14:41.841373+00:00,571,forecast,C,EW,2,0,0,3,20,10,0.0,0.0,0.1999,0.0,120,243.5201,921,801,133.9114,134.9114,801,694,144
8ebdb0b3-2c32-494c-b6b3-b6162684d288,2026-10-10T06:14:41.841373+00:00,571,forecast,D,NS,0,0,0,18,36,11,0.0,0.1999,0.3998,0.0,120,243.5201,921,801,133.9114,134.9114,801,694,144
8ebdb0b3-2c32-494c-b6b3-b6162684d288,2026-10-10T06:14:42.830933+00:00,572,forecast,A,NS,0,0,0,1,7,0,0.0,0.0,0.0,0.4027,118,243.3007,921,803,134.3474,135.3474,803,695,144
8ebdb0b3-2c32-494c-b6b3-b6162684d288,2026-10-10T06:14:42.830933+00:00,572,forecast,B,CLEAR,0,1,0,0,12,1,0.2014,1.0069,0.0,0.0,118,243.3007,921,803,134.3474,135.3474,803,695,144
8ebdb0b3-2c32-494c-b6b3-b6162684d288,2026-10-10T06:14:42.830933+00:00,572,forecast,C,EW,1,0,0,2,20,9,0.0,0.0,0.2014,0.0,118,243.3007,921,803,134.3474,135.3474,803,695,144
8ebdb0b3-2c32-494c-b6b3-b6162684d288,2026-10-10T06:14:42.830933+00:00,572,forecast,D,NS,3,0,0,18,36,12,0.0,0.2014,0.4027,0.0,118,243.3007,921,803,134.3474,135.3474,803,695,144
8ebdb0b3-2c32-494c-b6b3-b6162684d288,2026-10-10T06:14:43.829837+00:00,573,forecast,A,CLEAR,0,1,0,1,7,0,0.0,0.0,0.0,0.4026,117,243.0803,921,804,134.5149,135.5149,804,697,144
8ebdb0b3-2c32-494c-b6b3-b6162684d288,2026-10-10T06:14:43.829837+00:00,573,forecast,B,EW,2,0,0,0,12,1,0.2013,1.0066,0.0,0.0,117,243.0803,921,804,134.5149,135.5149,804,697,144
8ebdb0b3-2c32-494c-b6b3-b6162684d288,2026-10-10T06:14:43.829837+00:00,573,forecast,C,EW,0,0,0,1,20,9,0.0,0.0,0.2013,0.0,117,243.0803,921,804,134.5149,135.5149,804,697,144
8ebdb0b3-2c32-494c-b6b3-b6162684d288,2026-10-10T06:14:43.829837+00:00,573,forecast,D,NS,2,0,0,18,36,12,0.0,0.2013,0.4026,0.0,117,243.0803,921,804,134.5149,135.5149,804,697,144
8ebdb0b3-2c32-494c-b6b3-b6162684d288,2026-10-10T06:14:44.829330+00:00,574,forecast,A,EW,2,0,0,1,7,0,0.0,0.0,0.0,0.3991,117,242.8606,921,804,134.5149,135.5149,804,698,144
8ebdb0b3-2c32-494c-b6b3-b6162684d288,2026-10-10T06:14:44.829330+00:00,574,forecast,B,EW,1,0,0,0,12,1,0.1996,0.9978,0.0,0.0,117,242.8606,921,804,134.5149,135.5149,804,698,144
8ebdb0b3-2c32-494c-b6b3-b6162684d288,2026-10-10T06:14:44.829330+00:00,574,forecast,C,CLEAR,0,1,0,1,20,9,0.0,0.0,0.1996,0.0,117,242.8606,921,804,134.5149,135.5149,804,698,144
8ebdb0b3-2c32-494c-b6b3-b6162684d288,2026-10-10T06:14:44.829330+00:00,574,forecast,D,NS,1,0,0,18,36,12,0.0,0.1996,0.3991,0.0,117,242.8606,921,804,134.5149,135.5149,804,698,144
8ebdb0b3-2c32-494c-b6b3-b6162684d288,2026-10-10T06:14:45.829051+00:00,575,forecast,A,EW,1,0,0,1,8,0,0.0,0.0,0.0,0.3979,117,242.6417,921,804,134.5149,135.5149,804,699,144
8ebdb0b3-2c32-494c-b6b3-b6162684d288,2026-10-10T06:14:45.829051+00:00,575,forecast,B,EW,0,0,0,0,12,1,0.199,0.9948,0.0,0.0,117,242.6417,921,804,134.5149,135.5149,804,699,144
8ebdb0b3-2c32-494c-b6b3-b6162684d288,2026-10-10T06:14:45.829051+00:00,575,forecast,C,NS,2,0,0,1,19,9,0.0,0.0,0.199,0.0,117,242.6417,921,804,134.5149,135.5149,804,699,144
8ebdb0b3-2c32-494c-b6b3-b6162684d288,2026-10-10T06:14:45.829051+00:00,575,forecast,D,NS,0,0,0,18,36,12,0.0,0.199,0.3979,0.0,117,242.6417,921,804,134.5149,135.5149,804,699,144
8ebdb0b3-2c32-494c-b6b3-b6162684d288,2026-10-10T06:14:46.829823+00:00,576,forecast,A,EW,0,0,0,1,9,0,0.0,0.0,0.0,0.3976,116,242.4219,921,805,134.7851,135.7851,805,699,144
8ebdb0b3-2c32-494c-b6b3-b6162684d288,2026-10-10T06:14:46.829823+00:00,576,forecast,B,EW,2,0,0,0,12,0,0.1988,0.994,0.0,0.0,116,242.4219,921,805,134.7851,135.7851,805,699,144
8ebdb0b3-2c32-494c-b6b3-b6162684d288,2026-10-10T06:14:46.829823+00:00,576,forecast,C,NS,1,0,0,1,18,9,0.0,0.0,0.1988,0.0,116,242.4219,921,805,134.7851,135.7851,805,699,144
8ebdb0b3-2c32-494c-b6b3-b6162684d288,2026-10-10T06:14:46.829823+00:00,576,forecast,D,CLEAR,0,1,0,18,36,12,0.0,0.1988,0.3976,0.0,116,242.4219,921,805,134.7851,135.7851,805,699,144
8ebdb0b3-2c32-494c-b6b3-b6162684d288,2026-10-10T06:14:47.831949+00:00,577,forecast,A,EW,2,0,0,1,10,0,0.0,0.0,0.0,0.4006,115,242.201,921,806,134.9541,135.9541,806,699,144
8ebdb0b3-2c32-494c-b6b3-b6162684d288,2026-10-10T06:14:47.831949+00:00,577,forecast,B,EW,1,0,0,0,12,0,0.2003,1.0016,0.0,0.0,115,242.201,921,806,134.9541,135.9541,806,699,144
8ebdb0b3-2c32-494c-b6b3-b6162684d288,2026-10-10T06:14:47.831949+00:00,577,forecast,C,NS,0,0,0,2,17,9,0.0,0.0,0.2003,0.0,115,242.201,921,806,134.9541,135.9541,806,699,144
8ebdb0b3-2c32-494c-b6b3-b6162684d288,2026-10-10T06:14:47.831949+00:00,577,forecast,D,EW,3,0,0,17,36,11,0.0,0.2003,0.4006,0.0,115,242.201,921,806,134.9541,135.9541,806,699,144
8ebdb0b3-2c32-494c-b6b3-b6162684d288,2026-10-10T06:14:48.830592+00:00,578,forecast,A,EW,1,0,0,1,10,0,0.0,0.0,0.0,0.4034,114,241.9792,921,807,135.1214,136.1214,807,699,144
8ebdb0b3-2c32-494c-b6b3-b6162684d288,2026-10-10T06:14:48.830592+00:00,578,forecast,B,EW,0,0,0,0,12,0,0.2017,1.0085,0.0,0.0,114,241.9792,921,807,135.1214,136.1214,807,699,144
8ebdb0b3-2c32-494c-b6b3-b6162684d288,2026-10-10T06:14:48.830592+00:00,578,forecast,C,CLEAR,0,1,0,3,17,9,0.0,0.0,0.2017,0.0,114,241.9792,921,807,135.1214,136.1214,807,699,144
8ebdb0b3-2c32-494c-b6b3-b6162684d288,2026-10-10T06:14:48.830592+00:00,578,forecast,D,EW,2,0,0,16,36,10,0.0,0.2017,0.4034,0.0,114,241.9792,921,807,135.1214,136.1214,807,699,144
8ebdb0b3-2c32-494c-b6b3-b6162684d288,2026-10-10T06:14:49.830395+00:00,579,forecast,A,EW,0,0,0,0,10,0,0.0,0.0,0.0,0.4039,111,241.753,921,810,135.6593,136.6593,810,699,144
8ebdb0b3-2c32-494c-b6b3-b6162684d288,2026-10-10T06:14:49.830395+00:00,579,forecast,B,CLEAR,0,1,0,0,12,0,0.202,1.0099,0.0,0.0,111,241.753,921,810,135.6593,136.6593,810,699,144
8ebdb0b3-2c32-494c-b6b3-b6162684d288,2026-10-10T06:14:49.830395+00:00,579,forecast,C,EW,2,0,0,3,17,8,0.0,0.0,0.202,0.0,111,241.753,921,810,135.6593,136.6593,810,699,144
8ebdb0b3-2c32-494c-b6b3-b6162684d288,2026-10-10T06:14:49.830395+00:00,579,forecast,D,EW,1,0,0,15,36,10,0.0,0.202,0.4039,0.0,111,241.753,921,810,135.6593,136.6593,810,699,144
8ebdb0b3-2c32-494c-b6b3-b6162684d288,2026-10-10T06:14:50.839762+00:00,580,forecast,A,CLEAR,0,1,0,0,10,0,0.0,0.0,0.0,0.3996,109,241.5241,921,812,136.0259,137.0259,812,699,144
8ebdb0b3-2c32-494c-b6b3-b6162684d288,2026-10-10T06:14:50.839762+00:00,580,forecast,B,NS,2,0,0,0,11,0,0.1998,0.999,0.0,0.0,109,241.5241,921,812,136.0259,137.0259,812,699,144
8ebdb0b3-2c32-494c-b6b3-b6162684d288,2026-10-10T06:14:50.839762+00:00,580,forecast,C,EW,1,0,0,4,17,7,0.0,0.0,0.1998,0.0,109,241.5241,921,812,136.0259,137.0259,812,699,144
8ebdb0b3-2c32-494c-b6b3-b6162684d288,2026-10-10T06:14:50.839762+00:00,580,forecast,D,EW,0,0,0,14,36,10,0.0,0.1998,0.3996,0.0,109,241.5241,921,812,136.0259,137.0259,812,699,144
8ebdb0b3-2c32-494c-b6b3-b6162684d288,2026-10-10T06:14:51.898890+00:00,581,forecast,A,NS,2,0,0,1,9,0,0.0,0.0,0.0,0.3978,109,241.296,921,812,136.0259,137.0259,812,699,144
8ebdb0b3-2c32-494c-b6b3-b6162684d288,2026-10-10T06:14:51.898890+00:00,581,forecast,B,NS,1,0,0,0,10,1,0.1989,0.9946,0.0,0.0,109,241.296,921,812,136.0259,137.0259,812,699,144
8ebdb0b3-2c32-494c-b6b3-b6162684d288,2026-10-10T06:14:51.898890+00:00,581,forecast,C,EW,0,0,0,4,17,6,0.0,0.0,0.1989,0.0,109,241.296,921,812,136.0259,137.0259,812,699,144
8ebdb0b3-2c32-494c-b6b3-b6162684d288,2026-10-10T06:14:51.898890+00:00,581,forecast,D,CLEAR,0,1,0,14,36,11,0.0,0.1989,0.3978,0.0,109,241.296,921,812,136.0259,137.0259,812,699,144
8ebdb0b3-2c32-494c-b6b3-b6162684d288,2026-10-10T06:14:52.930475+00:00,582,forecast,A,NS,1,0,0,1,8,0,0.0,0.0,0.0,0.3958,108,241.067,921,813,136.2362,137.2362,813,699,144
8ebdb0b3-2c32-494c-b6b3-b6162684d288,2026-10-10T06:14:52.930475+00:00,582,forecast,B,NS,0,0,0,0,10,2,0.1979,0.9896,0.0,0.0,108,241.067,921,813,136.2362,137.2362,813,699,144
8ebdb0b3-2c32-494c-b6b3-b6162684d288,2026-10-10T06:14:52.930475+00:00,582,forecast,C,EW,2,0,0,4,17,5,0.0,0.0,0.1979,0.0,108,241.067,921,813,136.2362,137.2362,813,699,144
8ebdb0b3-2c32-494c-b6b3-b6162684d288,2026-10-10T06:14:52.930475+00:00,582,forecast,D,NS,3,0,0,14,35,12,0.0,0.1979,0.3958,0.0,108,241.067,921,813,136.2362,137.2362,813,699,144
8ebdb0b3-2c32-494c-b6b3-b6162684d288,2026-10-10T06:14:53.885957+00:00,583,forecast,A,NS,0,0,0,1,7,0,0.0,0.0,0.0,0.3999,107,240.837,921,814,136.4975,137.4975,814,700,144
8ebdb0b3-2c32-494c-b6b3-b6162684d288,2026-10-10T06:14:53.885957+00:00,583,forecast,B,CLEAR,0,1,0,0,11,2,0.2,0.9998,0.0,0.0,107,240.837,921,814,136.4975,137.4975,814,700,144
8ebdb0b3-2c32-494c-b6b3-b6162684d288,2026-10-10T06:14:53.885957+00:00,583,forecast,C,EW,1,0,0,4,17,5,0.0,0.0,0.2,0.0,107,240.837,921,814,136.4975,137.4975,814,700,144
8ebdb0b3-2c32-494c-b6b3-b6162684d288,2026-10-10T06:14:53.885957+00:00,583,forecast,D,NS,2,0,0,14,34,12,0.0,0.2,0.3999,0.0,107,240.837,921,814,136.4975,137.4975,814,700,144
8ebdb0b3-2c32-494c-b6b3-b6162684d288,2026-10-10T06:14:54.885462+00:00,584,forecast,A,CLEAR,0,1,0,1,7,0,0.0,0.0,0.0,0.4025,107,240.6079,921,814,136.4975,137.4975,814,701,144
8ebdb0b3-2c32-494c-b6b3-b6162684d288,2026-10-10T06:14:54.885462+00:00,584,forecast,B,EW,2,0,0,0,12,2,0.2013,1.0063,0.0,0.0,107,240.6079,921,814,136.4975,137.4975,814,701,144
8ebdb0b3-2c32-494c-b6b3-b6162684d288,2026-10-10T06:14:54.885462+00:00,584,forecast,C,EW,0,0,0,4,17,5,0.0,0.0,0.2013,0.0,107,240.6079,921,814,136.4975,137.4975,814,701,144
8ebdb0b3-2c32-494c-b6b3-b6162684d288,2026-10-10T06:14:54.885462+00:00,584,forecast,D,NS,1,0,0,14,33,12,0.0,0.2013,0.4025,0.0,107,240.6079,921,814,136.4975,137.4975,814,701,144
8ebdb0b3-2c32-494c-b6b3-b6162684d288,2026-10-10T06:14:55.866142+00:00,585,forecast,A,EW,2,0,0,1,7,0,0.0,0.0,0.0,0.4051,107,240.3795,921,814,136.4975,137.4975,814,702,144
8ebdb0b3-2c32-494c-b6b3-b6162684d288,2026-10-10T06:14:55.866142+00:00,585,forecast,B,EW,1,0,0,0,12,2,0.2025,1.0127,0.0,0.0,107,240.3795,921,814,136.4975,137.4975,814,702,144
8ebdb0b3-2c32-494c-b6b3-b6162684d288,2026-10-10T06:14:55.866142+00:00,585,forecast,C,CLEAR,0,1,0,4,17,5,0.0,0.0,0.2025,0.0,107,240.3795,921,814,136.4975,137.4975,814,702,144
8ebdb0b3-2c32-494c-b6b3-b6162684d288,2026-10-10T06:14:55.866142+00:00,585,forecast,D,NS,0,0,0,14,33,12,0.0,0.2025,0.4051,0.0,107,240.3795,921,814,136.4975,137.4975,814,702,144
8ebdb0b3-2c32-494c-b6b3-b6162684d288,2026-10-10T06:14:56.992476+00:00,586,forecast,A,EW,1,0,0,1,8,0,0.0,0.0,0.0,0.4003,107,240.1519,921,814,136.4975,137.4975,814,703,144
8ebdb0b3-2c32-494c-b6b3-b6162684d288,2026-10-10T06:14:56.992476+00:00,586,forecast,B,EW,0,0,0,0,12,2,0.2002,1.0009,0.0,0.0,107,240.1519,921,814,136.4975,137.4975,814,703,144
8ebdb0b3-2c32-494c-b6b3-b6162684d288,2026-10-10T06:14:56.992476+00:00,586,forecast,C,NS,2,0,0,4,16,5,0.0,0.0,0.2002,0.0,107,240.1519,921,814,136.4975,137.4975,814,703,144
8ebdb0b3-2c32-494c-b6b3-b6162684d288,2026-10-10T06:14:56.992476+00:00,586,forecast,D,NS,3,0,0,14,33,12,0.0,0.2002,0.4003,0.0,107,240.1519,921,814,136.4975,137.4975,814,703,144
8ebdb0b3-2c32-494c-b6b3-b6162684d288,2026-10-10T06:14:57.879180+00:00,587,forecast,A,EW,0,0,0,1,9,0,0.0,0.0,0.0,0.3977,107,239.925,921,814,136.4975,137.4975,814,704,144
8ebdb0b3-2c32-494c-b6b3-b6162684d288,2026-10-10T06:14:57.879180+00:00,587,forecast,B,EW,2,0,0,0,12,2,0.1988,0.9942,0.0,0.0,107,239.925,921,814,136.4975,137.4975,814,704,144
8ebdb0b3-2c32-494c-b6b3-b6162684d288,2026-10-10T06:14:57.879180+00:00,587,forecast,C,NS,1,0,0,4,15,5,0.0,0.0,0.1988,0.0,107,239.925,921,814,136.4975,137.4975,814,704,144
8ebdb0b3-2c32-494c-b6b3-b6162684d288,2026-10-10T06:14:57.879180+00:00,587,forecast,D,NS,2,0,0,14,33,12,0.0,0.1988,0.3977,0.0,107,239.925,921,814,136.4975,137.4975,814,704,144
8ebdb0b3-2c32-494c-b6b3-b6162684d288,2026-10-10T06:14:58.875824+00:00,588,forecast,A,EW,2,0,0,1,10,0,0.0,0.0,0.0,0.3962,107,239.699,921,814,136.4975,137.4975,814,705,144
8ebdb0b3-2c32-494c-b6b3-b6162684d288,2026-10-10T06:14:58.875824+00:00,588,forecast,B,EW,1,0,0,0,12,2,0.1981,0.9906,0.0,0.0,107,239.699,921,814,136.4975,137.4975,814,705,144
8ebdb0b3-2c32-494c-b6b3-b6162684d288,2026-10-10T06:14:58.875824+00:00,588,forecast,C,NS,0,0,0,4,14,5,0.0,0.0,0.1981,0.0,107,239.699,921,814,136.4975,137.4975,814,705,144
8ebdb0b3-2c32-494c-b6b3-b6162684d288,2026-10-10T06:14:58.875824+00:00,588,forecast,D,NS,1,0,0,14,33,12,0.0,0.1981,0.3962,0.0,107,239.699,921,814,136.4975,137.4975,814,705,144
8ebdb0b3-2c32-494c-b6b3-b6162684d288,2026-10-10T06:14:59.832532+00:00,589,forecast,A,EW,1,0,0,0,10,0,0.0,0.0,0.0,0.3975,105,239.4703,921,816,136.9877,137.9877,816,706,144
8ebdb0b3-2c32-494c-b6b3-b6162684d288,2026-10-10T06:14:59.832532+00:00,589,forecast,B,EW,0,0,0,0,12,1,0.1988,0.9938,0.0,0.0,105,239.4703,921,816,136.9877,137.9877,816,706,144
8ebdb0b3-2c32-494c-b6b3-b6162684d288,2026-10-10T06:14:59.832532+00:00,589,forecast,C,CLEAR,0,1,0,4,14,5,0.0,0.0,0.1988,0.0,105,239.4703,921,816,136.9877,137.9877,816,706,144
8ebdb0b3-2c32-494c-b6b3-b6162684d288,2026-10-10T06:14:59.832532+00:00,589,forecast,D,NS,0,0,0,14,33,12,0.0,0.1988,0.3975,0.0,105,239.4703,921,816,136.9877,137.9877,816,706,144
8ebdb0b3-2c32-494c-b6b3-b6162684d288,2026-10-10T06:15:00.831240+00:00,590,forecast,A,EW,0,0,0,0,10,0,0.0,0.0,0.0,0.4019,103,239.239,921,818,137.4377,138.4377,818,708,144
8ebdb0b3-2c32-494c-b6b3-b6162684d288,2026-10-10T06:15:00.831240+00:00,590,forecast,B,EW,2,0,0,0,12,0,0.2009,1.0047,0.0,0.0,103,239.239,921,818,137.4377,138.4377,818,708,144
8ebdb0b3-2c32-494c-b6b3-b6162684d288,2026-10-10T06:15:00.831240+00:00,590,forecast,C,EW,2,0,0,3,14,5,0.0,0.0,0.2009,0.0,103,239.239,921,818,137.4377,138.4377,818,708,144
8ebdb0b3-2c32-494c-b6b3-b6162684d288,2026-10-10T06:15:00.831240+00:00,590,forecast,D,NS,3,0,0,14,33,12,0.0,0.2009,0.4019,0.0,103,239.239,921,818,137.4377,138.4377,818,708,144
8ebdb0b3-2c32-494c-b6b3-b6162684d288,2026-10-10T06:15:01.837386+00:00,591,forecast,A,CLEAR,0,1,0,0,10,0,0.0,0.0,0.0,0.4039,102,239.0068,921,819,137.6166,138.6166,819,710,144
8ebdb0b3-2c32-494c-b6b3-b6162684d288,2026-10-10T06:15:01.837386+00:00,591,forecast,B,EW,1,0,0,0,12,0,0.2019,1.0097,0.0,0.0,102,239.0068,921,819,137.6166,138.6166,819,710,144
8ebdb0b3-2c32-494c-b6b3-b6162684d288,2026-10-10T06:15:01.837386+00:00,591,forecast,C,EW,1,0,0,2,14,5,0.0,0.0,0.2019,0.0,102,239.0068,921,819,137.6166,138.6166,819,710,144
8ebdb0b3-2c32-494c-b6b3-b6162684d288,2026-10-10T06:15:01.837386+00:00,591,forecast,D,NS,2,0,0,14,33,12,0.0,0.2019,0.4039,0.0,102,239.0068,921,819,137.6166,138.6166,819,710,144
8ebdb0b3-2c32-494c-b6b3-b6162684d288,2026-10-10T06:15:02.833703+00:00,592,forecast,A,NS,2,0,0,0,9,0,0.0,0.0,0.0,0.4025,100,238.772,921,821,138.0609,139.0609,821,712,144
8ebdb0b3-2c32-494c-b6b3-b6162684d288,2026-10-10T06:15:02.833703+00:00,592,forecast,B,EW,0,0,0,0,12,0,0.2013,1.0063,0.0,0.0,100,238.772,921,821,138.0609,139.0609,821,712,144
8ebdb0b3-2c32-494c-b6b3-b6162684d288,2026-10-10T06:15:02.833703+00:00,592,forecast,C,EW,0,0,0,1,14,5,0.0,0.0,0.2013,0.0,100,238.772,921,821,138.0609,139.0609,821,712,144
8ebdb0b3-2c32-494c-b6b3-b6162684d288,2026-10-10T06:15:02.833703+00:00,592,forecast,D,NS,1,0,0,14,33,12,0.0,0.2013,0.4025,0.0,100,238.772,921,821,138.0609,139.0609,821,712,144
8ebdb0b3-2c32-494c-b6b3-b6162684d288,2026-10-10T06:15:03.835260+00:00,593,forecast,A,NS,1,0,0,0,8,0,0.0,0.0,0.0,0.3992,100,238.5379,921,821,138.0609,139.0609,821,713,144
8ebdb0b3-2c32-494c-b6b3-b6162684d288,2026-10-10T06:15:03.835260+00:00,593,forecast,B,CLEAR,0,1,0,0,12,1,0.1996,0.998,0.0,0.0,100,238.5379,921,821,138.0609,139.0609,821,713,144
8ebdb0b3-2c32-494c-b6b3-b6162684d288,2026-10-10T06:15:03.835260+00:00,593,forecast,C,CLEAR,0,1,0,1,14,5,0.0,0.0,0.1996,0.0,100,238.5379,921,821,138.0609,139.0609,821,713,144
8ebdb0b3-2c32-494c-b6b3-b6162684d288,2026-10-10T06:15:03.835260+00:00,593,forecast,D,NS,0,0,0,14,33,12,0.0,0.1996,0.3992,0.0,100,238.5379,921,821,138.0609,139.0609,821,713,144
8ebdb0b3-2c32-494c-b6b3-b6162684d288,2026-10-10T06:15:04.957904+00:00,594,forecast,A,NS,0,0,0,1,8,0,0.0,0.0,0.0,0.3962,99,238.303,921,822,138.326,139.326,822,713,144
8ebdb0b3-2c32-494c-b6b3-b6162684d288,2026-10-10T06:15:04.957904+00:00,594,forecast,B,NS,2,0,0,0,12,1,0.1981,0.9905,0.0,0.0,99,238.303,921,822,138.326,139.326,822,713,144
8ebdb0b3-2c32-494c-b6b3-b6162684d288,2026-10-10T06:15:04.957904+00:00,594,forecast,C,NS,2,0,0,1,13,5,0.0,0.0,0.1981,0.0,99,238.303,921,822,138.326,139.326,822,713,144
8ebdb0b3-2c32-494c-b6b3-b6162684d288,2026-10-10T06:15:04.957904+00:00,594,forecast,D,NS,3,0,0,14,32,12,0.0,0.1981,0.3962,0.0,99,238.303,921,822,138.326,139.326,822,713,144
8ebdb0b3-2c32-494c-b6b3-b6162684d288,2026-10-10T06:15:05.886071+00:00,595,forecast,A,CLEAR,0,1,0,2,9,0,0.0,0.0,0.0,0.397,99,238.0689,921,822,138.326,139.326,822,713,144
8ebdb0b3-2c32-494c-b6b3-b6162684d288,2026-10-10T06:15:05.886071+00:00,595,forecast,B,NS,1,0,0,0,12,1,0.1985,0.9925,0.0,0.0,99,238.0689,921,822,138.326,139.326,822,713,144
8ebdb0b3-2c32-494c-b6b3-b6162684d288,2026-10-10T06:15:05.886071+00:00,595,forecast,C,NS,1,0,0,1,12,5,0.0,0.0,0.1985,0.0,99,238.0689,921,822,138.326,139.326,822,713,144
8ebdb0b3-2c32-494c-b6b3-b6162684d288,2026-10-10T06:15:05.886071+00:00,595,forecast,D,NS,2,0,0,14,31,12,0.0,0.1985,0.397,0.0,99,238.0689,921,822,138.326,139.326,822,713,144
8ebdb0b3-2c32-494c-b6b3-b6162684d288,2026-10-10T06:15:06.851043+00:00,596,forecast,A,EW,2,0,0,2,10,0,0.0,0.0,0.0,0.4,98,237.8339,921,823,138.5419,139.5419,823,713,144
8ebdb0b3-2c32-494c-b6b3-b6162684d288,2026-10-10T06:15:06.851043+00:00,596,forecast,B,NS,0,0,0,0,12,1,0.2,1.0,0.0,0.0,98,237.8339,921,823,138.5419,139.5419,823,713,144
8ebdb0b3-2c32-494c-b6b3-b6162684d288,2026-10-10T06:15:06.851043+00:00,596,forecast,C,NS,0,0,0,1,11,5,0.0,0.0,0.2,0.0,98,237.8339,921,823,138.5419,139.5419,823,713,144
8ebdb0b3-2c32-494c-b6b3-b6162684d288,2026-10-10T06:15:06.851043+00:00,596,forecast,D,NS,1,0,0,14,30,12,0.0,0.2,0.4,0.0,98,237.8339,921,823,138.5419,139.5419,823,713,144
8ebdb0b3-2c32-494c-b6b3-b6162684d288,2026-10-10T06:15:07.829434+00:00,597,forecast,A,EW,1,0,0,2,10,0,0.0,0.0,0.0,0.4031,98,237.5997,921,823,138.5419,139.5419,823,714,144
8ebdb0b3-2c32-494c-b6b3-b6162684d288,2026-10-10T06:15:07.829434+00:00,597,forecast,B,CLEAR,0,1,0,0,12,1,0.2016,1.0079,0.0,0.0,98,237.5997,921,823,138.5419,139.5419,823,714,144
8ebdb0b3-2c32-494c-b6b3-b6162684d288,2026-10-10T06:15:07.829434+00:00,597,forecast,C,CLEAR,0,1,0,1,11,5,0.0,0.0,0.2016,0.0,98,237.5997,921,823,138.5419,139.5419,823,714,144
8ebdb0b3-2c32-494c-b6b3-b6162684d288,2026-10-10T06:15:07.829434+00:00,597,forecast,D,NS,0,0,0,14,30,12,0.0,0.2016,0.4031,0.0,98,237.5997,921,823,138.5419,139.5419,823,714,144
8ebdb0b3-2c32-494c-b6b3-b6162684d288,2026-10-10T06:15:08.836479+00:00,598,forecast,A,EW,0,0,0,2,10,0,0.0,0.0,0.0,0.4028,97,237.3645,921,824,138.7233,139.7233,824,715,144
8ebdb0b3-2c32-494c-b6b3-b6162684d288,2026-10-10T06:15:08.836479+00:00,598,forecast,B,EW,2,0,0,0,12,1,0.2014,1.0069,0.0,0.0,97,237.3645,921,824,138.7233,139.7233,824,715,144
8ebdb0b3-2c32-494c-b6b3-b6162684d288,2026-10-10T06:15:08.836479+00:00,598,forecast,C,EW,2,0,0,0,11,5,0.0,0.0,0.2014,0.0,97,237.3645,921,824,138.7233,139.7233,824,715,144
8ebdb0b3-2c32-494c-b6b3-b6162684d288,2026-10-10T06:15:08.836479+00:00,598,forecast,D,CLEAR,0,1,0,14,30,12,0.0,0.2014,0.4028,0.0,97,237.3645,921,824,138.7233,139.7233,824,715,144
8ebdb0b3-2c32-494c-b6b3-b6162684d288,2026-10-10T06:15:09.823053+00:00,599,forecast,A,EW,2,0,0,2,10,0,0.0,0.0,0.0,0.4017,96,237.1285,921,825,138.8958,139.8958,825,716,144
8ebdb0b3-2c32-494c-b6b3-b6162684d288,2026-10-10T06:15:09.823053+00:00,599,forecast,B,EW,1,0,0,0,12,1,0.2008,1.0042,0.0,0.0,96,237.1285,921,825,138.8958,139.8958,825,716,144
8ebdb0b3-2c32-494c-b6b3-b6162684d288,2026-10-10T06:15:09.823053+00:00,599,forecast,C,EW,1,0,0,1,11,5,0.0,0.0,0.2008,0.0,96,237.1285,921,825,138.8958,139.8958,825,716,144
8ebdb0b3-2c32-494c-b6b3-b6162684d288,2026-10-10T06:15:09.823053+00:00,599,forecast,D,EW,3,0,0,13,30,11,0.0,0.2008,0.4017,0.0,96,237.1285,921,825,138.8958,139.8958,825,716,144
8ebdb0b3-2c32-494c-b6b3-b6162684d288,2026-10-10T06:15:10.846637+00:00,600,forecast,A,EW,1,0,0,2,10,0,0.0,0.0,0.0,0.3967,95,236.8917,921,826,139.0617,140.0617,826,716,144
8ebdb0b3-2c32-494c-b6b3-b6162684d288,2026-10-10T06:15:10.846637+00:00,600,forecast,B,EW,0,0,0,0,12,1,0.1983,0.9916,0.0,0.0,95,236.8917,921,826,139.0617,140.0617,826,716,144
8ebdb0b3-2c32-494c-b6b3-b6162684d288,2026-10-10T06:15:10.846637+00:00,600,forecast,C,EW,0,0,0,2,11,4,0.0,0.0,0.1983,0.0,95,236.8917,921,826,139.0617,140.0617,826,716,144
8ebdb0b3-2c32-494c-b6b3-b6162684d288,2026-10-10T06:15:10.846637+00:00,600,forecast,D,EW,2,0,0,12,30,11,0.0,0.1983,0.3967,0.0,95,236.8917,921,826,139.0617,140.0617,826,716,144
8ebdb0b3-2c32-494c-b6b3-b6162684d288,2026-10-10T06:15:11.837773+00:00,601,forecast,A,EW,0,0,0,2,10,0,0.0,0.0,0.0,0.3961,93,236.6522,921,828,139.4976,140.4976,828,716,144
8ebdb0b3-2c32-494c-b6b3-b6162684d288,2026-10-10T06:15:11.837773+00:00,601,forecast,B,EW,2,0,0,0,12,0,0.1981,0.9903,0.0,0.0,93,236.6522,921,828,139.4976,140.4976,828,716,144
8ebdb0b3-2c32-494c-b6b3-b6162684d288,2026-10-10T06:15:11.837773+00:00,601,forecast,C,EW,2,0,0,3,11,3,0.0,0.0,0.1981,0.0,93,236.6522,921,828,139.4976,140.4976,828,716,144
8ebdb0b3-2c32-494c-b6b3-b6162684d288,2026-10-10T06:15:11.837773+00:00,601,forecast,D,EW,1,0,0,11,30,11,0.0,0.1981,0.3961,0.0,93,236.6522,921,828,139.4976,140.4976,828,716,144
8ebdb0b3-2c32-494c-b6b3-b6162684d288,2026-10-10T06:15:12.964369+00:00,602,forecast,A,EW,2,0,0,1,10,0,0.0,0.0,0.0,0.3991,91,236.4103,921,830,139.8831,140.8831,830,716,144
8ebdb0b3-2c32-494c-b6b3-b6162684d288,2026-10-10T06:15:12.964369+00:00,602,forecast,B,EW,1,0,0,0,12,0,0.1995,0.9976,0.0,0.0,91,236.4103,921,830,139.8831,140.8831,830,716,144
8ebdb0b3-2c32-494c-b6b3-b6162684d288,2026-10-10T06:15:12.964369+00:00,602,forecast,C,EW,1,0,0,4,11,2,0.0,0.0,0.1995,0.0,91,236.4103,921,830,139.8831,140.8831,830,716,144
8ebdb0b3-2c32-494c-b6b3-b6162684d288,2026-10-10T06:15:12.964369+00:00,602,forecast,D,EW,0,0,0,10,30,11,0.0,0.1995,0.3991,0.0,91,236.4103,921,830,139.8831,140.8831,830,716,144
8ebdb0b3-2c32-494c-b6b3-b6162684d288,2026-10-10T06:15:13.851702+00:00,603,forecast,A,EW,1,0,0,0,10,0,0.0,0.0,0.0,0.4022,90,236.1675,921,831,140.1047,141.1047,831,716,144
8ebdb0b3-2c32-494c-b6b3-b6162684d288,2026-10-10T06:15:13.851702+00:00,603,forecast,B,EW,0,0,0,0,12,0,0.2011,1.0056,0.0,0.0,90,236.1675,921,831,140.1047,141.1047,831,716,144
8ebdb0b3-2c32-494c-b6b3-b6162684d288,2026-10-10T06:15:13.851702+00:00,603,forecast,C,EW,0,0,0,4,11,1,0.0,0.0,0.2011,0.0,90,236.1675,921,831,140.1047,141.1047,831,716,144
8ebdb0b3-2c32-494c-b6b3-b6162684d288,2026-10-10T06:15:13.851702+00:00,603,forecast,D,CLEAR,0,1,0,10,30,12,0.0,0.2011,0.4022,0.0,90,236.1675,921,831,140.1047,141.1047,831,716,144
8ebdb0b3-2c32-494c-b6b3-b6162684d288,2026-10-10T06:15:14.824915+00:00,604,forecast,A,EW,0,0,0,0,10,0,0.0,0.0,0.0,0.4031,90,235.9255,921,831,140.1047,141.1047,831,718,144
8ebdb0b3-2c32-494c-b6b3-b6162684d288,2026-10-10T06:15:14.824915+00:00,604,forecast,B,CLEAR,0,1,0,0,12,0,0.2016,1.0078,0.0,0.0,90,235.9255,921,831,140.1047,141.1047,831,718,144
8ebdb0b3-2c32-494c-b6b3-b6162684d288,2026-10-10T06:15:14.824915+00:00,604,forecast,C,EW,2,0,0,4,11,1,0.0,0.0,0.2016,0.0,90,235.9255,921,831,140.1047,141.1047,831,718,144
8ebdb0b3-2c32-494c-b6b3-b6162684d288,2026-10-10T06:15:14.824915+00:00,604,forecast,D,NS,3,0,0,10,30,12,0.0,0.2016,0.4031,0.0,90,235.9255,921,831,140.1047,141.1047,831,718,144
8ebdb0b3-2c32-494c-b6b3-b6162684d288,2026-10-10T06:15:15.870042+00:00,605,forecast,A,CLEAR,0,1,0,0,10,0,0.0,0.0,0.0,0.4002,89,235.6826,921,832,140.3269,141.3269,832,719,144
8ebdb0b3-2c32-494c-b6b3-b6162684d288,2026-10-10T06:15:15.870042+00:00,605,forecast,B,NS,2,0,0,0,12,0,0.2001,1.0004,0.0,0.0,89,235.6826,921,832,140.3269,141.3269,832,719,144
8ebdb0b3-2c32-494c-b6b3-b6162684d288,2026-10-10T06:15:15.870042+00:00,605,forecast,C,EW,1,0,0,4,11,1,0.0,0.0,0.2001,0.0,89,235.6826,921,832,140.3269,141.3269,832,719,144
8ebdb0b3-2c32-494c-b6b3-b6162684d288,2026-10-10T06:15:15.870042+00:00,605,forecast,D,NS,2,0,0,10,29,12,0.0,0.2001,0.4002,0.0,89,235.6826,921,832,140.3269,141.3269,832,719,144
8ebdb0b3-2c32-494c-b6b3-b6162684d288,2026-10-10T06:15:16.827528+00:00,606,forecast,A,NS,2,0,0,0,9,0,0.0,0.0,0.0,0.3974,88,235.4389,921,833,140.5486,141.5486,833,720,144
8ebdb0b3-2c32-494c-b6b3-b6162684d288,2026-10-10T06:15:16.827528+00:00,606,forecast,B,NS,1,0,0,0,12,1,0.1987,0.9935,0.0,0.0,88,235.4389,921,833,140.5486,141.5486,833,720,144
8ebdb0b3-2c32-494c-b6b3-b6162684d288,2026-10-10T06:15:16.827528+00:00,606,forecast,C,EW,0,0,0,4,11,1,0.0,0.0,0.1987,0.0,88,235.4389,921,833,140.5486,141.5486,833,720,144
8ebdb0b3-2c32-494c-b6b3-b6162684d288,2026-10-10T06:15:16.827528+00:00,606,forecast,D,NS,1,0,0,10,28,12,0.0,0.1987,0.3974,0.0,88,235.4389,921,833,140.5486,141.5486,833,720,144
8ebdb0b3-2c32-494c-b6b3-b6162684d288,2026-10-10T06:15:17.850753+00:00,607,forecast,A,NS,1,0,0,0,8,0,0.0,0.0,0.0,0.3978,86,235.1928,921,835,140.9473,141.9473,835,721,144
8ebdb0b3-2c32-494c-b6b3-b6162684d288,2026-10-10T06:15:17.850753+00:00,607,forecast,B,NS,0,0,0,0,12,2,0.1989,0.9944,0.0,0.0,86,235.1928,921,835,140.9473,141.9473,835,721,144
8ebdb0b3-2c32-494c-b6b3-b6162684d288,2026-10-10T06:15:17.850753+00:00,607,forecast,C,EW,2,0,0,3,11,1,0.0,0.0,0.1989,0.0,86,235.1928,921,835,140.9473,141.9473,835,721,144
8ebdb0b3-2c32-494c-b6b3-b6162684d288,2026-10-10T06:15:17.850753+00:00,607,forecast,D,NS,0,0,0,10,27,12,0.0,0.1989,0.3978,0.0,86,235.1928,921,835,140.9473,141.9473,835,721,144
8ebdb0b3-2c32-494c-b6b3-b6162684d288,2026-10-10T06:15:18.829864+00:00,608,forecast,A,NS,0,0,0,0,7,0,0.0,0.0,0.0,0.3988,85,234.9457,921,836,141.1256,142.1256,836,722,144
8ebdb0b3-2c32-494c-b6b3-b6162684d288,2026-10-10T06:15:18.829864+00:00,608,forecast,B,CLEAR,0,1,0,0,12,3,0.1994,0.997,0.0,0.0,85,234.9457,921,836,141.1256,142.1256,836,722,144
8ebdb0b3-2c32-494c-b6b3-b6162684d288,2026-10-10T06:15:18.829864+00:00,608,forecast,C,EW,1,0,0,2,11,1,0.0,0.0,0.1994,0.0,85,234.9457,921,836,141.1256,142.1256,836,722,144
8ebdb0b3-2c32-494c-b6b3-b6162684d288,2026-10-10T06:15:18.829864+00:00,608,forecast,D,CLEAR,0,1,0,10,27,12,0.0,0.1994,0.3988,0.0,85,234.9457,921,836,141.1256,142.1256,836,722,144
8ebdb0b3-2c32-494c-b6b3-b6162684d288,2026-10-10T06:15:19.833926+00:00,609,forecast,A,NS,1,0,0,0,6,0,0.0,0.0,0.0,0.4028,83,234.6962,921,838,141.4702,142.4702,838,723,144
8ebdb0b3-2c32-494c-b6b3-b6162684d288,2026-10-10T06:15:19.833926+00:00,609,forecast,B,EW,2,0,0,0,12,4,0.2014,1.007,0.0,0.0,83,234.6962,921,838,141.4702,142.4702,838,723,144
8ebdb0b3-2c32-494c-b6b3-b6162684d288,2026-10-10T06:15:19.833926+00:00,609,forecast,C,EW,0,0,0,2,11,1,0.0,0.0,0.2014,0.0,83,234.6962,921,838,141.4702,142.4702,838,723,144
8ebdb0b3-2c32-494c-b6b3-b6162684d288,2026-10-10T06:15:19.833926+00:00,609,forecast,D,EW,3,0,0,9,27,11,0.0,0.2014,0.4028,0.0,83,234.6962,921,838,141.4702,142.4702,838,723,144
8ebdb0b3-2c32-494c-b6b3-b6162684d288,2026-10-10T06:15:20.840017+00:00,610,forecast,A,NS,0,0,0,0,5,0,0.0,0.0,0.0,0.4031,81,234.4443,921,840,141.8964,142.8964,840,723,144
8ebdb0b3-2c32-494c-b6b3-b6162684d288,2026-10-10T06:15:20.840017+00:00,610,forecast,B,EW,1,0,0,0,12,4,0.2016,1.0078,0.0,0.0,81,234.4443,921,840,141.8964,142.8964,840,723,144
8ebdb0b3-2c32-494c-b6b3-b6162684d288,2026-10-10T06:15:20.840017+00:00,610,forecast,C,CLEAR,0,1,0,3,11,1,0.0,0.0,0.2016,0.0,81,234.4443,921,840,141.8964,142.8964,840,723,144
8ebdb0b3-2c32-494c-b6b3-b6162684d288,2026-10-10T06:15:20.840017+00:00,610,forecast,D,EW,2,0,0,8,27,10,0.0,0.2016,0.4031,0.0,81,234.4443,921,840,141.8964,142.8964,840,723,144
8ebdb0b3-2c32-494c-b6b3-b6162684d288,2026-10-10T06:15:21.827605+00:00,611,forecast,A,NS,1,0,0,0,5,0,0.0,0.0,0.0,0.4002,80,234.1915,921,841,142.0618,143.0618,841,723,144
8ebdb0b3-2c32-494c-b6b3-b6162684d288,2026-10-10T06:15:21.827605+00:00,611,forecast,B,EW,0,0,0,0,12,5,0.2001,1.0004,0.0,0.0,80,234.1915,921,841,142.0618,143.0618,841,723,144
8ebdb0b3-2c32-494c-b6b3-b6162684d288,2026-10-10T06:15:21.827605+00:00,611,forecast,C,NS,2,0,0,4,10,1,0.0,0.0,0.2001,0.0,80,234.1915,921,841,142.0618,143.0618,841,723,144
8ebdb0b3-2c32-494c-b6b3-b6162684d288,2026-10-10T06:15:21.827605+00:00,611,forecast,D,EW,1,0,0,7,27,9,0.0,0.2001,0.4002,0.0,80,234.1915,921,841,142.0618,143.0618,841,723,144
8ebdb0b3-2c32-494c-b6b3-b6162684d288,2026-10-10T06:15:22.830244+00:00,612,forecast,A,NS,0,0,0,0,5,0,0.0,0.0,0.0,0.3973,78,233.9363,921,843,142.4781,143.4781,843,723,144
8ebdb0b3-2c32-494c-b6b3-b6162684d288,2026-10-10T06:15:22.830244+00:00,612,forecast,B,EW,2,0,0,0,12,5,0.1986,0.9932,0.0,0.0,78,233.9363,921,843,142.4781,143.4781,843,723,144
8ebdb0b3-2c32-494c-b6b3-b6162684d288,2026-10-10T06:15:22.830244+00:00,612,forecast,C,NS,1,0,0,5,9,1,0.0,0.0,0.1986,0.0,78,233.9363,921,843,142.4781,143.4781,843,723,144
8ebdb0b3-2c32-494c-b6b3-b6162684d288,2026-10-10T06:15:22.830244+00:00,612,forecast,D,EW,0,0,0,6,27,8,0.0,0.1986,0.3973,0.0,78,233.9363,921,843,142.4781,143.4781,843,723,144
8ebdb0b3-2c32-494c-b6b3-b6162684d288,2026-10-10T06:15:23.830326+00:00,613,forecast,A,NS,1,0,0,0,5,0,0.0,0.0,0.0,0.3976,78,233.6819,921,843,142.4781,143.4781,843,723,144
8ebdb0b3-2c32-494c-b6b3-b6162684d288,2026-10-10T06:15:23.830326+00:00,613,forecast,B,EW,1,0,0,0,12,6,0.1988,0.9939,0.0,0.0,78,233.6819,921,843,142.4781,143.4781,843,723,144
8ebdb0b3-2c32-494c-b6b3-b6162684d288,2026-10-10T06:15:23.830326+00:00,613,forecast,C,NS,0,0,0,5,8,1,0.0,0.0,0.1988,0.0,78,233.6819,921,843,142.4781,143.4781,843,723,144
8ebdb0b3-2c32-494c-b6b3-b6162684d288,2026-10-10T06:15:23.830326+00:00,613,forecast,D,CLEAR,0,1,0,6,27,8,0.0,0.1988,0.3976,0.0,78,233.6819,921,843,142.4781,143.4781,843,723,144
8ebdb0b3-2c32-494c-b6b3-b6162684d288,2026-10-10T06:15:24.858080+00:00,614,forecast,A,NS,0,0,0,0,4,0,0.0,0.0,0.0,0.3994,77,233.4267,921,844,142.7524,143.7524,844,724,144
8ebdb0b3-2c32-494c-b6b3-b6162684d288,2026-10-10T06:15:24.858080+00:00,614,forecast,B,EW,0,0,0,0,12,6,0.1997,0.9984,0.0,0.0,77,233.4267,921,844,142.7524,143.7524,844,724,144
8ebdb0b3-2c32-494c-b6b3-b6162684d288,2026-10-10T06:15:24.858080+00:00,614,forecast,C,CLEAR,0,1,0,5,8,1,0.0,0.0,0.1997,0.0,77,233.4267,921,844,142.7524,143.7524,844,724,144
8ebdb0b3-2c32-494c-b6b3-b6162684d288,2026-10-10T06:15:24.858080+00:00,614,forecast,D,NS,3,0,0,6,27,8,0.0,0.1997,0.3994,0.0,77,233.4267,921,844,142.7524,143.7524,844,724,144
8ebdb0b3-2c32-494c-b6b3-b6162684d288,2026-10-10T06:15:25.838643+00:00,615,forecast,A,NS,1,0,0,0,3,0,0.0,0.0,0.0,0.4031,74,233.1675,921,847,143.4498,144.4498,847,725,144
8ebdb0b3-2c32-494c-b6b3-b6162684d288,2026-10-10T06:15:25.838643+00:00,615,forecast,B,EW,2,0,0,0,12,5,0.2016,1.0079,0.0,0.0,74,233.1675,921,847,143.4498,144.4498,847,725,144
8ebdb0b3-2c32-494c-b6b3-b6162684d288,2026-10-10T06:15:25.838643+00:00,615,forecast,C,EW,2,0,0,4,8,0,0.0,0.0,0.2016,0.0,74,233.1675,921,847,143.4498,144.4498,847,725,144
8ebdb0b3-2c32-494c-b6b3-b6162684d288,2026-10-10T06:15:25.838643+00:00,615,forecast,D,NS,2,0,0,6,27,9,0.0,0.2016,0.4031,0.0,74,233.1675,921,847,143.4498,144.4498,847,725,144
8ebdb0b3-2c32-494c-b6b3-b6162684d288,2026-10-10T06:15:26.821541+00:00,616,forecast,A,NS,0,0,0,0,3,0,0.0,0.0,0.0,0.4037,73,232.9075,921,848,143.7158,144.7158,848,726,144
8ebdb0b3-2c32-494c-b6b3-b6162684d288,2026-10-10T06:15:26.821541+00:00,616,forecast,B,EW,1,0,0,0,12,4,0.2018,1.0092,0.0,0.0,73,232.9075,921,848,143.7158,144.7158,848,726,144
8ebdb0b3-2c32-494c-b6b3-b6162684d288,2026-10-10T06:15:26.821541+00:00,616,forecast,C,EW,1,0,0,4,8,0,0.0,0.0,0.2018,0.0,73,232.9075,921,848,143.7158,144.7158,848,726,144
8ebdb0b3-2c32-494c-b6b3-b6162684d288,2026-10-10T06:15:26.821541+00:00,616,forecast,D,NS,1,0,0,6,27,9,0.0,0.2018,0.4037,0.0,73,232.9075,921,848,143.7158,144.7158,848,726,144
8ebdb0b3-2c32-494c-b6b3-b6162684d288,2026-10-10T06:15:27.838088+00:00,617,forecast,A,NS,1,0,0,0,3,0,0.0,0.0,0.0,0.4018,71,232.6451,921,850,144.1576,145.1576,850,727,144
8ebdb0b3-2c32-494c-b6b3-b6162684d288,2026-10-10T06:15:27.838088+00:00,617,forecast,B,EW,0,0,0,0,12,3,0.2009,1.0045,0.0,0.0,71,232.6451,921,850,144.1576,145.1576,850,727,144
8ebdb0b3-2c32-494c-b6b3-b6162684d288,2026-10-10T06:15:27.838088+00:00,617,forecast,C,EW,0,0,0,3,8,0,0.0,0.0,0.2009,0.0,71,232.6451,921,850,144.1576,145.1576,850,727,144
8ebdb0b3-2c32-494c-b6b3-b6162684d288,2026-10-10T06:15:27.838088+00:00,617,forecast,D,NS,0,0,0,6,27,9,0.0,0.2009,0.4018,0.0,71,232.6451,921,850,144.1576,145.1576,850,727,144
8ebdb0b3-2c32-494c-b6b3-b6162684d288,2026-10-10T06:15:28.846269+00:00,618,forecast,A,NS,0,0,0,0,3,0,0.0,0.0,0.0,0.3972,71,232.3835,921,850,144.1576,145.1576,850,728,144
8ebdb0b3-2c32-494c-b6b3-b6162684d288,2026-10-10T06:15:28.846269+00:00,618,forecast,B,EW,2,0,0,0,12,3,0.1986,0.9931,0.0,0.0,71,232.3835,921,850,144.1576,145.1576,850,728,144
8ebdb0b3-2c32-494c-b6b3-b6162684d288,2026-10-10T06:15:28.846269+00:00,618,forecast,C,CLEAR,0,1,0,3,8,0,0.0,0.0,0.1986,0.0,71,232.3835,921,850,144.1576,145.1576,850,728,144
8ebdb0b3-2c32-494c-b6b3-b6162684d288,2026-10-10T06:15:28.846269+00:00,618,forecast,D,NS,3,0,0,6,27,9,0.0,0.1986,0.3972,0.0,71,232.3835,921,850,144.1576,145.1576,850,728,144
8ebdb0b3-2c32-494c-b6b3-b6162684d288,2026-10-10T06:15:29.832742+00:00,619,forecast,A,NS,1,0,0,0,3,0,0.0,0.0,0.0,0.3957,69,232.1195,921,852,144.6667,145.6667,852,729,144
8ebdb0b3-2c32-494c-b6b3-b6162684d288,2026-10-10T06:15:29.832742+00:00,619,forecast,B,EW,1,0,0,0,12,2,0.1978,0.9892,0.0,0.0,69,232.1195,921,852,144.6667,145.6667,852,729,144
8ebdb0b3-2c32-494c-b6b3-b6162684d288,2026-10-10T06:15:29.832742+00:00,619,forecast,C,NS,2,0,0,3,7,0,0.0,0.0,0.1978,0.0,69,232.1195,921,852,144.6667,145.6667,852,729,144
8ebdb0b3-2c32-494c-b6b3-b6162684d288,2026-10-10T06:15:29.832742+00:00,619,forecast,D,NS,2,0,0,6,27,9,0.0,0.1978,0.3957,0.0,69,232.1195,921,852,144.6667,145.6667,852,729,144
8ebdb0b3-2c32-494c-b6b3-b6162684d288,2026-10-10T06:15:30.842279+00:00,620,forecast,A,NS,0,0,0,0,3,0,0.0,0.0,0.0,0.3993,68,231.8548,921,853,144.9062,145.9062,853,730,144
8ebdb0b3-2c32-494c-b6b3-b6162684d288,2026-10-10T06:15:30.842279+00:00,620,forecast,B,EW,0,0,0,0,12,2,0.1996,0.9982,0.0,0.0,68,231.8548,921,853,144.9062,145.9062,853,730,144
8ebdb0b3-2c32-494c-b6b3-b6162684d288,2026-10-10T06:15:30.842279+00:00,620,forecast,C,NS,1,0,0,3,6,0,0.0,0.0,0.1996,0.0,68,231.8548,921,853,144.9062,145.9062,853,730,144
8ebdb0b3-2c32-494c-b6b3-b6162684d288,2026-10-10T06:15:30.842279+00:00,620,forecast,D,NS,1,0,0,6,27,9,0.0,0.1996,0.3993,0.0,68,231.8548,921,853,144.9062,145.9062,853,730,144
8ebdb0b3-2c32-494c-b6b3-b6162684d288,2026-10-10T06:15:31.840174+00:00,621,forecast,A,NS,1,0,0,0,3,0,0.0,0.0,0.0,0.4019,66,231.5878,921,855,145.3988,146.3988,855,731,144
8ebdb0b3-2c32-494c-b6b3-b6162684d288,2026-10-10T06:15:31.840174+00:00,621,forecast,B,EW,2,0,0,0,12,1,0.2009,1.0046,0.0,0.0,66,231.5878,921,855,145.3988,146.3988,855,731,144
8ebdb0b3-2c32-494c-b6b3-b6162684d288,2026-10-10T06:15:31.840174+00:00,621,forecast,C,NS,0,0,0,3,5,0,0.0,0.0,0.2009,0.0,66,231.5878,921,855,145.3988,146.3988,855,731,144
8ebdb0b3-2c32-494c-b6b3-b6162684d288,2026-10-10T06:15:31.840174+00:00,621,forecast,D,NS,0,0,0,6,27,9,0.0,0.2009,0.4019,0.0,66,231.5878,921,855,145.3988,146.3988,855,731,144
8ebdb0b3-2c32-494c-b6b3-b6162684d288,2026-10-10T06:15:32.833631+00:00,622,forecast,A,NS,0,0,0,0,4,0,0.0,0.0,0.0,0.4038,65,231.3199,921,856,145.6519,146.6519,856,732,144
8ebdb0b3-2c32-494c-b6b3-b6162684d288,2026-10-10T06:15:32.833631+00:00,622,forecast,B,EW,1,0,0,0,12,0,0.2019,1.0095,0.0,0.0,65,231.3199,921,856,145.6519,146.6519,856,732,144
8ebdb0b3-2c32-494c-b6b3-b6162684d288,2026-10-10T06:15:32.833631+00:00,622,forecast,C,NS,2,0,0,3,4,0,0.0,0.0,0.2019,0.0,65,231.3199,921,856,145.6519,146.6519,856,732,144
8ebdb0b3-2c32-494c-b6b3-b6162684d288,2026-10-10T06:15:32.833631+00:00,622,forecast,D,NS,3,0,0,6,27,9,0.0,0.2019,0.4038,0.0,65,231.3199,921,856,145.6519,146.6519,856,732,144
8ebdb0b3-2c32-494c-b6b3-b6162684d288,2026-10-10T06:15:33.829868+00:00,623,forecast,A,NS,1,0,0,0,5,0,0.0,0.0,0.0,0.4029,65,231.053,921,856,145.6519,146.6519,856,733,144
8ebdb0b3-2c32-494c-b6b3-b6162684d288,2026-10-10T06:15:33.829868+00:00,623,forecast,B,EW,0,0,0,0,12,0,0.2014,1.0072,0.0,0.0,65,231.053,921,856,145.6519,146.6519,856,733,144
8ebdb0b3-2c32-494c-b6b3-b6162684d288,2026-10-10T06:15:33.829868+00:00,623,forecast,C,NS,1,0,0,3,3,0,0.0,0.0,0.2014,0.0,65,231.053,921,856,145.6519,146.6519,856,733,144
8ebdb0b3-2c32-494c-b6b3-b6162684d288,2026-10-10T06:15:33.829868+00:00,623,forecast,D,NS,2,0,0,6,27,9,0.0,0.2014,0.4029,0.0,65,231.053,921,856,145.6519,146.6519,856,733,144
8ebdb0b3-2c32-494c-b6b3-b6162684d288,2026-10-10T06:15:34.833048+00:00,624,forecast,A,NS,0,0,0,0,6,0,0.0,0.0,0.0,0.3984,65,230.7869,921,856,145.6519,146.6519,856,734,144
8ebdb0b3-2c32-494c-b6b3-b6162684d288,2026-10-10T06:15:34.833048+00:00,624,forecast,B,CLEAR,0,1,0,0,12,0,0.1992,0.9959,0.0,0.0,65,230.7869,921,856,145.6519,146.6519,856,734,144
8ebdb0b3-2c32-494c-b6b3-b6162684d288,2026-10-10T06:15:34.833048+00:00,624,forecast,C,NS,0,0,0,3,2,0,0.0,0.0,0.1992,0.0,65,230.7869,921,856,145.6519,146.6519,856,734,144
8ebdb0b3-2c32-494c-b6b3-b6162684d288,2026-10-10T06:15:34.833048+00:00,624,forecast,D,NS,1,0,0,6,27,9,0.0,0.1992,0.3984,0.0,65,230.7869,921,856,145.6519,146.6519,856,734,144
8ebdb0b3-2c32-494c-b6b3-b6162684d288,2026-10-10T06:15:35.822392+00:00,625,forecast,A,NS,1,0,0,1,7,0,0.0,0.0,0.0,0.3954,65,230.5216,921,856,145.6519,146.6519,856,734,144
8ebdb0b3-2c32-494c-b6b3-b6162684d288,2026-10-10T06:15:35.822392+00:00,625,forecast,B,NS,2,0,0,0,12,0,0.1977,0.9886,0.0,0.0,65,230.5216,921,856,145.6519,146.6519,856,734,144
8ebdb0b3-2c32-494c-b6b3-b6162684d288,2026-10-10T06:15:35.822392+00:00,625,forecast,C,NS,1,0,0,3,1,0,0.0,0.0,0.1977,0.0,65,230.5216,921,856,145.6519,146.6519,856,734,144
8ebdb0b3-2c32-494c-b6b3-b6162684d288,2026-10-10T06:15:35.822392+00:00,625,forecast,D,NS,0,0,0,6,26,9,0.0,0.1977,0.3954,0.0,65,230.5216,921,856,145.6519,146.6519,856,734,144
8ebdb0b3-2c32-494c-b6b3-b6162684d288,2026-10-10T06:15:36.833020+00:00,626,forecast,A,NS,0,0,0,2,8,0,0.0,0.0,0.0,0.3974,65,230.2572,921,856,145.6519,146.6519,856,734,144
8ebdb0b3-2c32-494c-b6b3-b6162684d288,2026-10-10T06:15:36.833020+00:00,626,forecast,B,NS,1,0,0,0,12,0,0.1987,0.9936,0.0,0.0,65,230.2572,921,856,145.6519,146.6519,856,734,144
8ebdb0b3-2c32-494c-b6b3-b6162684d288,2026-10-10T06:15:36.833020+00:00,626,forecast,C,NS,0,0,0,3,0,0,0.0,0.0,0.1987,0.0,65,230.2572,921,856,145.6519,146.6519,856,734,144
8ebdb0b3-2c32-494c-b6b3-b6162684d288,2026-10-10T06:15:36.833020+00:00,626,forecast,D,NS,3,0,0,6,25,9,0.0,0.1987,0.3974,0.0,65,230.2572,921,856,145.6519,146.6519,856,734,144
8ebdb0b3-2c32-494c-b6b3-b6162684d288,2026-10-10T06:15:37.842771+00:00,627,forecast,A,CLEAR,0,1,0,3,8,0,0.0,0.0,0.0,0.4007,65,229.9936,921,856,145.6519,146.6519,856,734,144
8ebdb0b3-2c32-494c-b6b3-b6162684d288,2026-10-10T06:15:37.842771+00:00,627,forecast,B,NS,0,0,0,0,12,0,0.2004,1.0018,0.0,0.0,65,229.9936,921,856,145.6519,146.6519,856,734,144
8ebdb0b3-2c32-494c-b6b3-b6162684d288,2026-10-10T06:15:37.842771+00:00,627,forecast,C,CLEAR,0,1,0,3,0,0,0.0,0.0,0.2004,0.0,65,229.9936,921,856,145.6519,146.6519,856,734,144
8ebdb0b3-2c32-494c-b6b3-b6162684d288,2026-10-10T06:15:37.842771+00:00,627,forecast,D,NS,2,0,0,6,24,9,0.0,0.2004,0.4007,0.0,65,229.9936,921,856,145.6519,146.6519,856,734,144
8ebdb0b3-2c32-494c-b6b3-b6162684d288,2026-10-10T06:15:38.859995+00:00,628,forecast,A,EW,2,0,0,3,8,0,0.0,0.0,0.0,0.4037,63,229.7277,921,858,146.0641,147.0641,858,734,144
8ebdb0b3-2c32-494c-b6b3-b6162684d288,2026-10-10T06:15:38.859995+00:00,628,forecast,B,NS,2,0,0,0,12,0,0.2018,1.0092,0.0,0.0,63,229.7277,921,858,146.0641,147.0641,858,734,144
8ebdb0b3-2c32-494c-b6b3-b6162684d288,2026-10-10T06:15:38.859995+00:00,628,forecast,C,EW,1,0,0,2,0,0,0.0,0.0,0.2018,0.0,63,229.7277,921,858,146.0641,147.0641,858,734,144
8ebdb0b3-2c32-494c-b6b3-b6162684d288,2026-10-10T06:15:38.859995+00:00,628,forecast,D,NS,1,0,0,6,23,9,0.0,0.2018,0.4037,0.0,63,229.7277,921,858,146.0641,147.0641,858,734,144
8ebdb0b3-2c32-494c-b6b3-b6162684d288,2026-10-10T06:15:39.831049+00:00,629,forecast,A,EW,1,0,0,4,8,0,0.0,0.0,0.0,0.4018,62,229.461,921,859,146.241,147.241,859,734,144
8ebdb0b3-2c32-494c-b6b3-b6162684d288,2026-10-10T06:15:39.831049+00:00,629,forecast,B,NS,1,0,0,0,12,0,0.2009,1.0045,0.0,0.0,62,229.461,921,859,146.241,147.241,859,734,144
8ebdb0b3-2c32-494c-b6b3-b6162684d288,2026-10-10T06:15:39.831049+00:00,629,forecast,C,EW,0,0,0,1,0,0,0.0,0.0,0.2009,0.0,62,229.461,921,859,146.241,147.241,859,734,144
8ebdb0b3-2c32-494c-b6b3-b6162684d288,2026-10-10T06:15:39.831049+00:00,629,forecast,D,NS,0,0,0,6,22,9,0.0,0.2009,0.4018,0.0,62,229.461,921,859,146.241,147.241,859,734,144
8ebdb0b3-2c32-494c-b6b3-b6162684d288,2026-10-10T06:15:40.826582+00:00,630,forecast,A,EW,0,0,0,4,8,0,0.0,0.0,0.0,0.4013,60,229.1921,921,861,146.6353,147.6353,861,734,144
8ebdb0b3-2c32-494c-b6b3-b6162684d288,2026-10-10T06:15:40.826582+00:00,630,forecast,B,NS,0,0,0,0,12,0,0.2007,1.0033,0.0,0.0,60,229.1921,921,861,146.6353,147.6353,861,734,144
8ebdb0b3-2c32-494c-b6b3-b6162684d288,2026-10-10T06:15:40.826582+00:00,630,forecast,C,EW,1,0,0,0,0,0,0.0,0.0,0.2007,0.0,60,229.1921,921,861,146.6353,147.6353,861,734,144
8ebdb0b3-2c32-494c-b6b3-b6162684d288,2026-10-10T06:15:40.826582+00:00,630,forecast,D,NS,3,0,0,6,21,9,0.0,0.2007,0.4013,0.0,60,229.1921,921,861,146.6353,147.6353,861,734,144
8ebdb0b3-2c32-494c-b6b3-b6162684d288,2026-10-10T06:15:41.820349+00:00,631,forecast,A,EW,2,0,0,5,8,0,0.0,0.0,0.0,0.397,60,228.9239,921,861,146.6353,147.6353,861,734,144
8ebdb0b3-2c32-494c-b6b3-b6162684d288,2026-10-10T06:15:41.820349+00:00,631,forecast,B,NS,2,0,0,0,12,0,0.1985,0.9924,0.0,0.0,60,228.9239,921,861,146.6353,147.6353,861,734,144
8ebdb0b3-2c32-494c-b6b3-b6162684d288,2026-10-10T06:15:41.820349+00:00,631,forecast,C,EW,0,0,0,0,0,0,0.0,0.0,0.1985,0.0,60,228.9239,921,861,146.6353,147.6353,861,734,144
8ebdb0b3-2c32-494c-b6b3-b6162684d288,2026-10-10T06:15:41.820349+00:00,631,forecast,D,NS,2,0,0,6,20,9,0.0,0.1985,0.397,0.0,60,228.9239,921,861,146.6353,147.6353,861,734,144
8ebdb0b3-2c32-494c-b6b3-b6162684d288,2026-10-10T06:15:42.821356+00:00,632,forecast,A,EW,1,0,0,5,8,0,0.0,0.0,0.0,0.3957,59,228.6551,921,862,146.8561,147.8561,862,734,144
8ebdb0b3-2c32-494c-b6b3-b6162684d288,2026-10-10T06:15:42.821356+00:00,632,forecast,B,NS,1,0,0,0,12,0,0.1979,0.9893,0.0,0.0,59,228.6551,921,862,146.8561,147.8561,862,734,144
8ebdb0b3-2c32-494c-b6b3-b6162684d288,2026-10-10T06:15:42.821356+00:00,632,forecast,C,CLEAR,0,1,0,0,0,0,0.0,0.0,0.1979,0.0,59,228.6551,921,862,146.8561,147.8561,862,734,144
8ebdb0b3-2c32-494c-b6b3-b6162684d288,2026-10-10T06:15:42.821356+00:00,632,forecast,D,NS,1,0,0,6,19,9,0.0,0.1979,0.3957,0.0,59,228.6551,921,862,146.8561,147.8561,862,734,144
8ebdb0b3-2c32-494c-b6b3-b6162684d288,2026-10-10T06:15:43.848905+00:00,633,forecast,A,EW,0,0,0,5,8,0,0.0,0.0,0.0,0.3996,58,228.3855,921,863,147.0915,148.0915,863,734,144
8ebdb0b3-2c32-494c-b6b3-b6162684d288,2026-10-10T06:15:43.848905+00:00,633,forecast,B,NS,0,0,0,0,12,0,0.1998,0.999,0.0,0.0,58,228.3855,921,863,147.0915,148.0915,863,734,144
8ebdb0b3-2c32-494c-b6b3-b6162684d288,2026-10-10T06:15:43.848905+00:00,633,forecast,C,NS,1,0,0,0,0,0,0.0,0.0,0.1998,0.0,58,228.3855,921,863,147.0915,148.0915,863,734,144
8ebdb0b3-2c32-494c-b6b3-b6162684d288,2026-10-10T06:15:43.848905+00:00,633,forecast,D,NS,0,0,0,6,18,9,0.0,0.1998,0.3996,0.0,58,228.3855,921,863,147.0915,148.0915,863,734,144
8ebdb0b3-2c32-494c-b6b3-b6162684d288,2026-10-10T06:15:44.842376+00:00,634,forecast,A,EW,2,0,0,5,8,0,0.0,0.0,0.0,0.403,57,228.1151,921,864,147.3229,148.3229,864,734,144
8ebdb0b3-2c32-494c-b6b3-b6162684d288,2026-10-10T06:15:44.842376+00:00,634,forecast,B,NS,2,0,0,0,11,0,0.2015,1.0074,0.0,0.0,57,228.1151,921,864,147.3229,148.3229,864,734,144
8ebdb0b3-2c32-494c-b6b3-b6162684d288,2026-10-10T06:15:44.842376+00:00,634,forecast,C,NS,0,0,0,0,0,0,0.0,0.0,0.2015,0.0,57,228.1151,921,864,147.3229,148.3229,864,734,144
8ebdb0b3-2c32-494c-b6b3-b6162684d288,2026-10-10T06:15:44.842376+00:00,634,forecast,D,CLEAR,0,1,0,6,18,9,0.0,0.2015,0.403,0.0,57,228.1151,921,864,147.3229,148.3229,864,734,144
8ebdb0b3-2c32-494c-b6b3-b6162684d288,2026-10-10T06:15:45.825502+00:00,635,forecast,A,EW,1,0,0,4,8,0,0.0,0.0,0.0,0.4031,54,227.8409,921,867,147.9469,148.9469,867,734,144
8ebdb0b3-2c32-494c-b6b3-b6162684d288,2026-10-10T06:15:45.825502+00:00,635,forecast,B,NS,1,0,0,0,10,0,0.2016,1.0078,0.0,0.0,54,227.8409,921,867,147.9469,148.9469,867,734,144
8ebdb0b3-2c32-494c-b6b3-b6162684d288,2026-10-10T06:15:45.825502+00:00,635,forecast,C,NS,1,0,0,1,0,0,0.0,0.0,0.2016,0.0,54,227.8409,921,867,147.9469,148.9469,867,734,144
8ebdb0b3-2c32-494c-b6b3-b6162684d288,2026-10-10T06:15:45.825502+00:00,635,forecast,D,EW,3,0,0,5,18,8,0.0,0.2016,0.4031,0.0,54,227.8409,921,867,147.9469,148.9469,867,734,144
8ebdb0b3-2c32-494c-b6b3-b6162684d288,2026-10-10T06:15:46.820923+00:00,636,forecast,A,EW,0,0,0,5,8,0,0.0,0.0,0.0,0.4027,53,227.566,921,868,148.1164,149.1164,868,734,144
8ebdb0b3-2c32-494c-b6b3-b6162684d288,2026-10-10T06:15:46.820923+00:00,636,forecast,B,NS,0,0,0,0,9,0,0.2014,1.0068,0.0,0.0,53,227.566,921,868,148.1164,149.1164,868,734,144
8ebdb0b3-2c32-494c-b6b3-b6162684d288,2026-10-10T06:15:46.820923+00:00,636,forecast,C,NS,0,0,0,2,0,0,0.0,0.0,0.2014,0.0,53,227.566,921,868,148.1164,149.1164,868,734,144
8ebdb0b3-2c32-494c-b6b3-b6162684d288,2026-10-10T06:15:46.820923+00:00,636,forecast,D,EW,2,0,0,4,18,7,0.0,0.2014,0.4027,0.0,53,227.566,921,868,148.1164,149.1164,868,734,144
8ebdb0b3-2c32-494c-b6b3-b6162684d288,2026-10-10T06:15:47.830226+00:00,637,forecast,A,EW,2,0,0,4,8,0,0.0,0.0,0.0,0.3976,50,227.2873,921,871,148.7268,149.7268,871,734,144
8ebdb0b3-2c32-494c-b6b3-b6162684d288,2026-10-10T06:15:47.830226+00:00,637,forecast,B,NS,2,0,0,0,8,0,0.1988,0.9941,0.0,0.0,50,227.2873,921,871,148.7268,149.7268,871,734,144
8ebdb0b3-2c32-494c-b6b3-b6162684d288,2026-10-10T06:15:47.830226+00:00,637,forecast,C,CLEAR,0,1,0,3,0,0,0.0,0.0,0.1988,0.0,50,227.2873,921,871,148.7268,149.7268,871,734,144
8ebdb0b3-2c32-494c-b6b3-b6162684d288,2026-10-10T06:15:47.830226+00:00,637,forecast,D,EW,1,0,0,3,18,6,0.0,0.1988,0.3976,0.0,50,227.2873,921,871,148.7268,149.7268,871,734,144
8ebdb0b3-2c32-494c-b6b3-b6162684d288,2026-10-10T06:15:48.830125+00:00,638,forecast,A,EW,1,0,0,5,8,0,0.0,0.0,0.0,0.3963,49,227.0078,921,872,148.8888,149.8888,872,734,144
8ebdb0b3-2c32-494c-b6b3-b6162684d288,2026-10-10T06:15:48.830125+00:00,638,forecast,B,NS,1,0,0,0,7,0,0.1981,0.9907,0.0,0.0,49,227.0078,921,872,148.8888,149.8888,872,734,144
8ebdb0b3-2c32-494c-b6b3-b6162684d288,2026-10-10T06:15:48.830125+00:00,638,forecast,C,EW,1,0,0,4,0,0,0.0,0.0,0.1981,0.0,49,227.0078,921,872,148.8888,149.8888,872,734,144
8ebdb0b3-2c32-494c-b6b3-b6162684d288,2026-10-10T06:15:48.830125+00:00,638,forecast,D,EW,0,0,0,2,18,5,0.0,0.1981,0.3963,0.0,49,227.0078,921,872,148.8888,149.8888,872,734,144
8ebdb0b3-2c32-494c-b6b3-b6162684d288,2026-10-10T06:15:49.851252+00:00,639,forecast,A,EW,0,0,0,4,8,0,0.0,0.0,0.0,0.3975,47,226.7261,921,874,149.3284,150.3284,874,734,144
8ebdb0b3-2c32-494c-b6b3-b6162684d288,2026-10-10T06:15:49.851252+00:00,639,forecast,B,NS,0,0,0,0,6,0,0.1988,0.9938,0.0,0.0,47,226.7261,921,874,149.3284,150.3284,874,734,144
8ebdb0b3-2c32-494c-b6b3-b6162684d288,2026-10-10T06:15:49.851252+00:00,639,forecast,C,EW,0,0,0,4,0,0,0.0,0.0,0.1988,0.0,47,226.7261,921,874,149.3284,150.3284,874,734,144
8ebdb0b3-2c32-494c-b6b3-b6162684d288,2026-10-10T06:15:49.851252+00:00,639,forecast,D,CLEAR,0,1,0,2,18,5,0.0,0.1988,0.3975,0.0,47,226.7261,921,874,149.3284,150.3284,874,734,144
8ebdb0b3-2c32-494c-b6b3-b6162684d288,2026-10-10T06:15:50.835564+00:00,640,forecast,A,EW,2,0,0,4,8,0,0.0,0.0,0.0,0.4021,46,226.4437,921,875,149.5383,150.5383,875,734,144
8ebdb0b3-2c32-494c-b6b3-b6162684d288,2026-10-10T06:15:50.835564+00:00,640,forecast,B,NS,2,0,0,0,6,0,0.2011,1.0053,0.0,0.0,46,226.4437,921,875,149.5383,150.5383,875,734,144
8ebdb0b3-2c32-494c-b6b3-b6162684d288,2026-10-10T06:15:50.835564+00:00,640,forecast,C,EW,1,0,0,4,0,0,0.0,0.0,0.2011,0.0,46,226.4437,921,875,149.5383,150.5383,875,734,144
8ebdb0b3-2c32-494c-b6b3-b6162684d288,2026-10-10T06:15:50.835564+00:00,640,forecast,D,NS,2,0,0,2,17,5,0.0,0.2011,0.4021,0.0,46,226.4437,921,875,149.5383,150.5383,875,734,144
8ebdb0b3-2c32-494c-b6b3-b6162684d288,2026-10-10T06:15:51.842485+00:00,641,forecast,A,EW,1,0,0,3,8,0,0.0,0.0,0.0,0.404,44,226.1591,921,877,149.9692,150.9692,877,734,144
8ebdb0b3-2c32-494c-b6b3-b6162684d288,2026-10-10T06:15:51.842485+00:00,641,forecast,B,NS,1,0,0,0,6,0,0.202,1.0101,0.0,0.0,44,226.1591,921,877,149.9692,150.9692,877,734,144
8ebdb0b3-2c32-494c-b6b3-b6162684d288,2026-10-10T06:15:51.842485+00:00,641,forecast,C,EW,0,0,0,4,0,0,0.0,0.0,0.202,0.0,44,226.1591,921,877,149.9692,150.9692,877,734,144
8ebdb0b3-2c32-494c-b6b3-b6162684d288,2026-10-10T06:15:51.842485+00:00,641,forecast,D,NS,1,0,0,2,16,5,0.0,0.202,0.404,0.0,44,226.1591,921,877,149.9692,150.9692,877,734,144
8ebdb0b3-2c32-494c-b6b3-b6162684d288,2026-10-10T06:15:52.847159+00:00,642,forecast,A,EW,0,0,0,3,8,0,0.0,0.0,0.0,0.4029,43,225.8738,921,878,150.1902,151.1902,878,734,144
8ebdb0b3-2c32-494c-b6b3-b6162684d288,2026-10-10T06:15:52.847159+00:00,642,forecast,B,NS,0,0,0,0,6,0,0.2015,1.0073,0.0,0.0,43,225.8738,921,878,150.1902,151.1902,878,734,144
8ebdb0b3-2c32-494c-b6b3-b6162684d288,2026-10-10T06:15:52.847159+00:00,642,forecast,C,EW,1,0,0,4,0,0,0.0,0.0,0.2015,0.0,43,225.8738,921,878,150.1902,151.1902,878,734,144
8ebdb0b3-2c32-494c-b6b3-b6162684d288,2026-10-10T06:15:52.847159+00:00,642,forecast,D,NS,0,0,0,2,15,5,0.0,0.2015,0.4029,0.0,43,225.8738,921,878,150.1902,151.1902,878,734,144
8ebdb0b3-2c32-494c-b6b3-b6162684d288,2026-10-10T06:15:53.824925+00:00,643,forecast,A,EW,2,0,0,4,8,0,0.0,0.0,0.0,0.3989,42,225.5879,921,879,150.3606,151.3606,879,734,144
8ebdb0b3-2c32-494c-b6b3-b6162684d288,2026-10-10T06:15:53.824925+00:00,643,forecast,B,NS,2,0,0,0,6,0,0.1995,0.9974,0.0,0.0,42,225.5879,921,879,150.3606,151.3606,879,734,144
8ebdb0b3-2c32-494c-b6b3-b6162684d288,2026-10-10T06:15:53.824925+00:00,643,forecast,C,EW,0,0,0,3,0,0,0.0,0.0,0.1995,0.0,42,225.5879,921,879,150.3606,151.3606,879,734,144
8ebdb0b3-2c32-494c-b6b3-b6162684d288,2026-10-10T06:15:53.824925+00:00,643,forecast,D,NS,2,0,0,2,14,5,0.0,0.1995,0.3989,0.0,42,225.5879,921,879,150.3606,151.3606,879,734,144
8ebdb0b3-2c32-494c-b6b3-b6162684d288,2026-10-10T06:15:54.828475+00:00,644,forecast,A,EW,1,0,0,4,8,0,0.0,0.0,0.0,0.3955,40,225.2997,921,881,150.748,151.748,881,734,144
8ebdb0b3-2c32-494c-b6b3-b6162684d288,2026-10-10T06:15:54.828475+00:00,644,forecast,B,NS,1,0,0,0,6,0,0.1978,0.9888,0.0,0.0,40,225.2997,921,881,150.748,151.748,881,734,144
8ebdb0b3-2c32-494c-b6b3-b6162684d288,2026-10-10T06:15:54.828475+00:00,644,forecast,C,EW,1,0,0,2,0,0,0.0,0.0,0.1978,0.0,40,225.2997,921,881,150.748,151.748,881,734,144
8ebdb0b3-2c32-494c-b6b3-b6162684d288,2026-10-10T06:15:54.828475+00:00,644,forecast,D,NS,1,0,0,2,13,5,0.0,0.1978,0.3955,0.0,40,225.2997,921,881,150.748,151.748,881,734,144
8ebdb0b3-2c32-494c-b6b3-b6162684d288,2026-10-10T06:15:55.826117+00:00,645,forecast,A,EW,0,0,0,4,8,0,0.0,0.0,0.0,0.3972,38,225.0093,921,883,151.1087,152.1087,883,734,144
8ebdb0b3-2c32-494c-b6b3-b6162684d288,2026-10-10T06:15:55.826117+00:00,645,forecast,B,NS,0,0,0,0,6,0,0.1986,0.9929,0.0,0.0,38,225.0093,921,883,151.1087,152.1087,883,734,144
8ebdb0b3-2c32-494c-b6b3-b6162684d288,2026-10-10T06:15:55.826117+00:00,645,forecast,C,EW,0,0,0,1,0,0,0.0,0.0,0.1986,0.0,38,225.0093,921,883,151.1087,152.1087,883,734,144
8ebdb0b3-2c32-494c-b6b3-b6162684d288,2026-10-10T06:15:55.826117+00:00,645,forecast,D,NS,0,0,0,2,12,5,0.0,0.1986,0.3972,0.0,38,225.0093,921,883,151.1087,152.1087,883,734,144
8ebdb0b3-2c32-494c-b6b3-b6162684d288,2026-10-10T06:15:56.855584+00:00,646,forecast,A,EW,2,0,0,3,8,0,0.0,0.0,0.0,0.3991,36,224.7167,921,885,151.4881,152.4881,885,734,144
8ebdb0b3-2c32-494c-b6b3-b6162684d288,2026-10-10T06:15:56.855584+00:00,646,forecast,B,NS,2,0,0,0,6,0,0.1996,0.9978,0.0,0.0,36,224.7167,921,885,151.4881,152.4881,885,734,144
8ebdb0b3-2c32-494c-b6b3-b6162684d288,2026-10-10T06:15:56.855584+00:00,646,forecast,C,EW,1,0,0,0,0,0,0.0,0.0,0.1996,0.0,36,224.7167,921,885,151.4881,152.4881,885,734,144
8ebdb0b3-2c32-494c-b6b3-b6162684d288,2026-10-10T06:15:56.855584+00:00,646,forecast,D,CLEAR,0,1,0,2,12,5,0.0,0.1996,0.3991,0.0,36,224.7167,921,885,151.4881,152.4881,885,734,144
8ebdb0b3-2c32-494c-b6b3-b6162684d288,2026-10-10T06:15:57.828286+00:00,647,forecast,A,EW,1,0,0,3,8,0,0.0,0.0,0.0,0.4041,35,224.4235,921,886,151.6535,152.6535,886,734,144
8ebdb0b3-2c32-494c-b6b3-b6162684d288,2026-10-10T06:15:57.828286+00:00,647,forecast,B,NS,1,0,0,0,6,0,0.2021,1.0103,0.0,0.0,35,224.4235,921,886,151.6535,152.6535,886,734,144
8ebdb0b3-2c32-494c-b6b3-b6162684d288,2026-10-10T06:15:57.828286+00:00,647,forecast,C,EW,0,0,0,1,0,0,0.0,0.0,0.2021,0.0,35,224.4235,921,886,151.6535,152.6535,886,734,144
8ebdb0b3-2c32-494c-b6b3-b6162684d288,2026-10-10T06:15:57.828286+00:00,647,forecast,D,EW,2,0,0,1,12,4,0.0,0.2021,0.4041,0.0,35,224.4235,921,886,151.6535,152.6535,886,734,144
8ebdb0b3-2c32-494c-b6b3-b6162684d288,2026-10-10T06:15:58.832970+00:00,648,forecast,A,EW,0,0,0,3,8,0,0.0,0.0,0.0,0.4022,33,224.1281,921,888,152.0191,153.0191,888,734,144
8ebdb0b3-2c32-494c-b6b3-b6162684d288,2026-10-10T06:15:58.832970+00:00,648,forecast,B,NS,0,0,0,0,5,0,0.2011,1.0055,0.0,0.0,33,224.1281,921,888,152.0191,153.0191,888,734,144
8ebdb0b3-2c32-494c-b6b3-b6162684d288,2026-10-10T06:15:58.832970+00:00,648,forecast,C,EW,1,0,0,2,0,0,0.0,0.0,0.2011,0.0,33,224.1281,921,888,152.0191,153.0191,888,734,144
8ebdb0b3-2c32-494c-b6b3-b6162684d288,2026-10-10T06:15:58.832970+00:00,648,forecast,D,EW,1,0,0,0,12,3,0.0,0.2011,0.4022,0.0,33,224.1281,921,888,152.0191,153.0191,888,734,144
8ebdb0b3-2c32-494c-b6b3-b6162684d288,2026-10-10T06:15:59.918235+00:00,649,forecast,A,EW,2,0,0,3,8,0,0.0,0.0,0.0,0.4022,31,223.8305,921,890,152.382,153.382,890,734,144
8ebdb0b3-2c32-494c-b6b3-b6162684d288,2026-10-10T06:15:59.918235+00:00,649,forecast,B,NS,2,0,0,0,4,0,0.2011,1.0056,0.0,0.0,31,223.8305,921,890,152.382,153.382,890,734,144
8ebdb0b3-2c32-494c-b6b3-b6162684d288,2026-10-10T06:15:59.918235+00:00,649,forecast,C,EW,0,0,0,2,0,0,0.0,0.0,0.2011,0.0,31,223.8305,921,890,152.382,153.382,890,734,144
8ebdb0b3-2c32-494c-b6b3-b6162684d288,2026-10-10T06:15:59.918235+00:00,649,forecast,D,EW,0,0,0,0,12,2,0.0,0.2011,0.4022,0.0,31,223.8305,921,890,152.382,153.382,890,734,144
8ebdb0b3-2c32-494c-b6b3-b6162684d288,2026-10-10T06:16:00.836625+00:00,650,forecast,A,EW,1,0,0,2,8,0,0.0,0.0,0.0,0.3969,29,223.5308,921,892,152.787,153.787,892,734,144
8ebdb0b3-2c32-494c-b6b3-b6162684d288,2026-10-10T06:16:00.836625+00:00,650,forecast,B,NS,1,0,0,0,3,0,0.1985,0.9923,0.0,0.0,29,223.5308,921,892,152.787,153.787,892,734,144
8ebdb0b3-2c32-494c-b6b3-b6162684d288,2026-10-10T06:16:00.836625+00:00,650,forecast,C,EW,1,0,0,2,0,0,0.0,0.0,0.1985,0.0,29,223.5308,921,892,152.787,153.787,892,734,144
8ebdb0b3-2c32-494c-b6b3-b6162684d288,2026-10-10T06:16:00.836625+00:00,650,forecast,D,CLEAR,0,1,0,0,12,2,0.0,0.1985,0.3969,0.0,29,223.5308,921,892,152.787,153.787,892,734,144
8ebdb0b3-2c32-494c-b6b3-b6162684d288,2026-10-10T06:16:01.860202+00:00,651,forecast,A,EW,0,0,0,2,8,0,0.0,0.0,0.0,0.3954,28,223.2304,921,893,152.9933,153.9933,893,734,144
8ebdb0b3-2c32-494c-b6b3-b6162684d288,2026-10-10T06:16:01.860202+00:00,651,forecast,B,NS,0,0,0,0,3,0,0.1977,0.9886,0.0,0.0,28,223.2304,921,893,152.9933,153.9933,893,734,144
8ebdb0b3-2c32-494c-b6b3-b6162684d288,2026-10-10T06:16:01.860202+00:00,651,forecast,C,EW,0,0,0,2,0,0,0.0,0.0,0.1977,0.0,28,223.2304,921,893,152.9933,153.9933,893,734,144
8ebdb0b3-2c32-494c-b6b3-b6162684d288,2026-10-10T06:16:01.860202+00:00,651,forecast,D,NS,2,0,0,0,11,2,0.0,0.1977,0.3954,0.0,28,223.2304,921,893,152.9933,153.9933,893,734,144
8ebdb0b3-2c32-494c-b6b3-b6162684d288,2026-10-10T06:16:02.830756+00:00,652,forecast,A,EW,2,0,0,1,8,0,0.0,0.0,0.0,0.3991,27,222.9294,921,894,153.1991,154.1991,894,734,144
8ebdb0b3-2c32-494c-b6b3-b6162684d288,2026-10-10T06:16:02.830756+00:00,652,forecast,B,CLEAR,0,1,0,0,4,0,0.1996,0.9978,0.0,0.0,27,222.9294,921,894,153.1991,154.1991,894,734,144
8ebdb0b3-2c32-494c-b6b3-b6162684d288,2026-10-10T06:16:02.830756+00:00,652,forecast,C,EW,1,0,0,2,0,0,0.0,0.0,0.1996,0.0,27,222.9294,921,894,153.1991,154.1991,894,734,144
8ebdb0b3-2c32-494c-b6b3-b6162684d288,2026-10-10T06:16:02.830756+00:00,652,forecast,D,NS,1,0,0,0,10,2,0.0,0.1996,0.3991,0.0,27,222.9294,921,894,153.1991,154.1991,894,734,144
8ebdb0b3-2c32-494c-b6b3-b6162684d288,2026-10-10T06:16:03.839500+00:00,653,forecast,A,EW,1,0,0,1,8,0,0.0,0.0,0.0,0.4023,27,222.6294,921,894,153.1991,154.1991,894,734,144
8ebdb0b3-2c32-494c-b6b3-b6162684d288,2026-10-10T06:16:03.839500+00:00,653,forecast,B,EW,1,0,0,0,5,0,0.2011,1.0056,0.0,0.0,27,222.6294,921,894,153.1991,154.1991,894,734,144
8ebdb0b3-2c32-494c-b6b3-b6162684d288,2026-10-10T06:16:03.839500+00:00,653,forecast,C,EW,0,0,0,2,0,0,0.0,0.0,0.2011,0.0,27,222.6294,921,894,153.1991,154.1991,894,734,144
8ebdb0b3-2c32-494c-b6b3-b6162684d288,2026-10-10T06:16:03.839500+00:00,653,forecast,D,NS,0,0,0,0,9,2,0.0,0.2011,0.4023,0.0,27,222.6294,921,894,153.1991,154.1991,894,734,144
8ebdb0b3-2c32-494c-b6b3-b6162684d288,2026-10-10T06:16:04.846180+00:00,654,forecast,A,EW,0,0,0,1,8,0,0.0,0.0,0.0,0.4032,27,222.3303,921,894,153.1991,154.1991,894,734,144
8ebdb0b3-2c32-494c-b6b3-b6162684d288,2026-10-10T06:16:04.846180+00:00,654,forecast,B,EW,0,0,0,0,6,0,0.2016,1.008,0.0,0.0,27,222.3303,921,894,153.1991,154.1991,894,734,144
8ebdb0b3-2c32-494c-b6b3-b6162684d288,2026-10-10T06:16:04.846180+00:00,654,forecast,C,EW,1,0,0,2,0,0,0.0,0.0,0.2016,0.0,27,222.3303,921,894,153.1991,154.1991,894,734,144
8ebdb0b3-2c32-494c-b6b3-b6162684d288,2026-10-10T06:16:04.846180+00:00,654,forecast,D,NS,2,0,0,0,8,2,0.0,0.2016,0.4032,0.0,27,222.3303,921,894,153.1991,154.1991,894,734,144
8ebdb0b3-2c32-494c-b6b3-b6162684d288,2026-10-10T06:16:05.928641+00:00,655,forecast,A,EW,2,0,0,1,8,0,0.0,0.0,0.0,0.4001,26,222.0305,921,895,153.3609,154.3609,895,734,144
8ebdb0b3-2c32-494c-b6b3-b6162684d288,2026-10-10T06:16:05.928641+00:00,655,forecast,B,CLEAR,0,1,0,0,7,0,0.2001,1.0003,0.0,0.0,26,222.0305,921,895,153.3609,154.3609,895,734,144
8ebdb0b3-2c32-494c-b6b3-b6162684d288,2026-10-10T06:16:05.928641+00:00,655,forecast,C,EW,0,0,0,1,0,0,0.0,0.0,0.2001,0.0,26,222.0305,921,895,153.3609,154.3609,895,734,144
8ebdb0b3-2c32-494c-b6b3-b6162684d288,2026-10-10T06:16:05.928641+00:00,655,forecast,D,NS,1,0,0,0,7,2,0.0,0.2001,0.4001,0.0,26,222.0305,921,895,153.3609,154.3609,895,734,144
8ebdb0b3-2c32-494c-b6b3-b6162684d288,2026-10-10T06:16:06.834460+00:00,656,forecast,A,EW,1,0,0,2,8,0,0.0,0.0,0.0,0.3975,25,221.7302,921,896,153.5123,154.5123,896,734,144
8ebdb0b3-2c32-494c-b6b3-b6162684d288,2026-10-10T06:16:06.834460+00:00,656,forecast,B,NS,2,0,0,0,7,0,0.1988,0.9938,0.0,0.0,25,221.7302,921,896,153.5123,154.5123,896,734,144
8ebdb0b3-2c32-494c-b6b3-b6162684d288,2026-10-10T06:16:06.834460+00:00,656,forecast,C,EW,1,0,0,0,0,0,0.0,0.0,0.1988,0.0,25,221.7302,921,896,153.5123,154.5123,896,734,144
8ebdb0b3-2c32-494c-b6b3-b6162684d288,2026-10-10T06:16:06.834460+00:00,656,forecast,D,NS,0,0,0,0,6,2,0.0,0.1988,0.3975,0.0,25,221.7302,921,896,153.5123,154.5123,896,734,144
8ebdb0b3-2c32-494c-b6b3-b6162684d288,2026-10-10T06:16:07.835900+00:00,657,forecast,A,EW,0,0,0,2,8,0,0.0,0.0,0.0,0.398,24,221.4292,921,897,153.7068,154.7068,897,734,144
8ebdb0b3-2c32-494c-b6b3-b6162684d288,2026-10-10T06:16:07.835900+00:00,657,forecast,B,NS,1,0,0,0,7,0,0.199,0.995,0.0,0.0,24,221.4292,921,897,153.7068,154.7068,897,734,144
8ebdb0b3-2c32-494c-b6b3-b6162684d288,2026-10-10T06:16:07.835900+00:00,657,forecast,C,EW,0,0,0,0,0,0,0.0,0.0,0.199,0.0,24,221.4292,921,897,153.7068,154.7068,897,734,144
8ebdb0b3-2c32-494c-b6b3-b6162684d288,2026-10-10T06:16:07.835900+00:00,657,forecast,D,NS,2,0,0,0,5,2,0.0,0.199,0.398,0.0,24,221.4292,921,897,153.7068,154.7068,897,734,144
8ebdb0b3-2c32-494c-b6b3-b6162684d288,2026-10-10T06:16:08.822638+00:00,658,forecast,A,EW,2,0,0,2,8,0,0.0,0.0,0.0,0.3988,24,221.1292,921,897,153.7068,154.7068,897,734,144
8ebdb0b3-2c32-494c-b6b3-b6162684d288,2026-10-10T06:16:08.822638+00:00,658,forecast,B,NS,0,0,0,0,8,0,0.1994,0.997,0.0,0.0,24,221.1292,921,897,153.7068,154.7068,897,734,144
8ebdb0b3-2c32-494c-b6b3-b6162684d288,2026-10-10T06:16:08.822638+00:00,658,forecast,C,CLEAR,0,1,0,0,0,0,0.0,0.0,0.1994,0.0,24,221.1292,921,897,153.7068,154.7068,897,734,144
8ebdb0b3-2c32-494c-b6b3-b6162684d288,2026-10-10T06:16:08.822638+00:00,658,forecast,D,NS,1,0,0,0,4,2,0.0,0.1994,0.3988,0.0,24,221.1292,921,897,153.7068,154.7068,897,734,144
8ebdb0b3-2c32-494c-b6b3-b6162684d288,2026-10-10T06:16:09.841398+00:00,659,forecast,A,EW,1,0,0,2,8,0,0.0,0.0,0.0,0.4021,23,220.8285,921,898,153.9065,154.9065,898,734,144
8ebdb0b3-2c32-494c-b6b3-b6162684d288,2026-10-10T06:16:09.841398+00:00,659,forecast,B,NS,2,0,0,0,8,0,0.2011,1.0053,0.0,0.0,23,220.8285,921,898,153.9065,154.9065,898,734,144
8ebdb0b3-2c32-494c-b6b3-b6162684d288,2026-10-10T06:16:09.841398+00:00,659,forecast,C,NS,1,0,0,0,0,0,0.0,0.0,0.2011,0.0,23,220.8285,921,898,153.9065,154.9065,898,734,144
8ebdb0b3-2c32-494c-b6b3-b6162684d288,2026-10-10T06:16:09.841398+00:00,659,forecast,D,NS,0,0,0,0,3,2,0.0,0.2011,0.4021,0.0,23,220.8285,921,898,153.9065,154.9065,898,734,144
8ebdb0b3-2c32-494c-b6b3-b6162684d288,2026-10-10T06:16:10.837045+00:00,660,forecast,A,EW,0,0,0,3,8,0,0.0,0.0,0.0,0.403,23,220.5288,921,898,153.9065,154.9065,898,734,144
8ebdb0b3-2c32-494c-b6b3-b6162684d288,2026-10-10T06:16:10.837045+00:00,660,forecast,B,NS,1,0,0,0,8,0,0.2015,1.0075,0.0,0.0,23,220.5288,921,898,153.9065,154.9065,898,734,144
8ebdb0b3-2c32-494c-b6b3-b6162684d288,2026-10-10T06:16:10.837045+00:00,660,forecast,C,NS,0,0,0,0,0,0,0.0,0.0,0.2015,0.0,23,220.5288,921,898,153.9065,154.9065,898,734,144
8ebdb0b3-2c32-494c-b6b3-b6162684d288,2026-10-10T06:16:10.837045+00:00,660,forecast,D,NS,2,0,0,0,2,2,0.0,0.2015,0.403,0.0,23,220.5288,921,898,153.9065,154.9065,898,734,144
8ebdb0b3-2c32-494c-b6b3-b6162684d288,2026-10-10T06:16:11.820285+00:00,661,forecast,A,EW,2,0,0,3,8,0,0.0,0.0,0.0,0.4006,22,220.2284,921,899,154.0934,155.0934,899,734,144
8ebdb0b3-2c32-494c-b6b3-b6162684d288,2026-10-10T06:16:11.820285+00:00,661,forecast,B,NS,0,0,0,0,8,0,0.2003,1.0016,0.0,0.0,22,220.2284,921,899,154.0934,155.0934,899,734,144
8ebdb0b3-2c32-494c-b6b3-b6162684d288,2026-10-10T06:16:11.820285+00:00,661,forecast,C,NS,1,0,0,0,0,0,0.0,0.0,0.2003,0.0,22,220.2284,921,899,154.0934,155.0934,899,734,144
8ebdb0b3-2c32-494c-b6b3-b6162684d288,2026-10-10T06:16:11.820285+00:00,661,forecast,D,NS,1,0,0,0,1,2,0.0,0.2003,0.4006,0.0,22,220.2284,921,899,154.0934,155.0934,899,734,144
8ebdb0b3-2c32-494c-b6b3-b6162684d288,2026-10-10T06:16:12.833858+00:00,662,forecast,A,EW,1,0,0,3,8,0,0.0,0.0,0.0,0.3976,21,219.9275,921,900,154.28,155.28,900,734,144
8ebdb0b3-2c32-494c-b6b3-b6162684d288,2026-10-10T06:16:12.833858+00:00,662,forecast,B,NS,2,0,0,0,8,0,0.1988,0.994,0.0,0.0,21,219.9275,921,900,154.28,155.28,900,734,144
8ebdb0b3-2c32-494c-b6b3-b6162684d288,2026-10-10T06:16:12.833858+00:00,662,forecast,C,NS,0,0,0,0,0,0,0.0,0.0,0.1988,0.0,21,219.9275,921,900,154.28,155.28,900,734,144
8ebdb0b3-2c32-494c-b6b3-b6162684d288,2026-10-10T06:16:12.833858+00:00,662,forecast,D,NS,0,0,0,0,0,2,0.0,0.1988,0.3976,0.0,21,219.9275,921,900,154.28,155.28,900,734,144
8ebdb0b3-2c32-494c-b6b3-b6162684d288,2026-10-10T06:16:13.843386+00:00,663,forecast,A,EW,0,0,0,4,8,0,0.0,0.0,0.0,0.3983,21,219.6275,921,900,154.28,155.28,900,734,144
8ebdb0b3-2c32-494c-b6b3-b6162684d288,2026-10-10T06:16:13.843386+00:00,663,forecast,B,NS,1,0,0,0,7,0,0.1992,0.9958,0.0,0.0,21,219.6275,921,900,154.28,155.28,900,734,144
8ebdb0b3-2c32-494c-b6b3-b6162684d288,2026-10-10T06:16:13.843386+00:00,663,forecast,C,NS,1,0,0,0,0,0,0.0,0.0,0.1992,0.0,21,219.6275,921,900,154.28,155.28,900,734,144
8ebdb0b3-2c32-494c-b6b3-b6162684d288,2026-10-10T06:16:13.843386+00:00,663,forecast,D,CLEAR,0,1,0,0,0,2,0.0,0.1992,0.3983,0.0,21,219.6275,921,900,154.28,155.28,900,734,144
8ebdb0b3-2c32-494c-b6b3-b6162684d288,2026-10-10T06:16:14.829059+00:00,664,forecast,A,EW,2,0,0,4,8,0,0.0,0.0,0.0,0.3986,19,219.3253,921,902,154.653,155.653,902,734,144
8ebdb0b3-2c32-494c-b6b3-b6162684d288,2026-10-10T06:16:14.829059+00:00,664,forecast,B,NS,0,0,0,0,6,0,0.1993,0.9964,0.0,0.0,19,219.3253,921,902,154.653,155.653,902,734,144
8ebdb0b3-2c32-494c-b6b3-b6162684d288,2026-10-10T06:16:14.829059+00:00,664,forecast,C,NS,0,0,0,0,0,0,0.0,0.0,0.1993,0.0,19,219.3253,921,902,154.653,155.653,902,734,144
8ebdb0b3-2c32-494c-b6b3-b6162684d288,2026-10-10T06:16:14.829059+00:00,664,forecast,D,EW,1,0,0,0,0,1,0.0,0.1993,0.3986,0.0,19,219.3253,921,902,154.653,155.653,902,734,144
8ebdb0b3-2c32-494c-b6b3-b6162684d288,2026-10-10T06:16:15.820354+00:00,665,forecast,A,EW,1,0,0,4,8,0,0.0,0.0,0.0,0.4019,17,219.0211,921,904,154.9889,155.9889,904,734,144
8ebdb0b3-2c32-494c-b6b3-b6162684d288,2026-10-10T06:16:15.820354+00:00,665,forecast,B,NS,2,0,0,0,5,0,0.2009,1.0047,0.0,0.0,17,219.0211,921,904,154.9889,155.9889,904,734,144
8ebdb0b3-2c32-494c-b6b3-b6162684d288,2026-10-10T06:16:15.820354+00:00,665,forecast,C,NS,1,0,0,0,0,0,0.0,0.0,0.2009,0.0,17,219.0211,921,904,154.9889,155.9889,904,734,144
8ebdb0b3-2c32-494c-b6b3-b6162684d288,2026-10-10T06:16:15.820354+00:00,665,forecast,D,EW,0,0,0,0,0,0,0.0,0.2009,0.4019,0.0,17,219.0211,921,904,154.9889,155.9889,904,734,144
8ebdb0b3-2c32-494c-b6b3-b6162684d288,2026-10-10T06:16:16.823312+00:00,666,forecast,A,EW,0,0,0,5,8,0,0.0,0.0,0.0,0.4031,17,218.7177,921,904,154.9889,155.9889,904,734,144
8ebdb0b3-2c32-494c-b6b3-b6162684d288,2026-10-10T06:16:16.823312+00:00,666,forecast,B,NS,1,0,0,0,4,0,0.2015,1.0077,0.0,0.0,17,218.7177,921,904,154.9889,155.9889,904,734,144
8ebdb0b3-2c32-494c-b6b3-b6162684d288,2026-10-10T06:16:16.823312+00:00,666,forecast,C,NS,0,0,0,0,0,0,0.0,0.0,0.2015,0.0,17,218.7177,921,904,154.9889,155.9889,904,734,144
8ebdb0b3-2c32-494c-b6b3-b6162684d288,2026-10-10T06:16:16.823312+00:00,666,forecast,D,CLEAR,0,1,0,0,0,0,0.0,0.2015,0.4031,0.0,17,218.7177,921,904,154.9889,155.9889,904,734,144
8ebdb0b3-2c32-494c-b6b3-b6162684d288,2026-10-10T06:16:17.827127+00:00,667,forecast,A,EW,2,0,0,5,8,0,0.0,0.0,0.0,0.4013,16,218.4138,921,905,155.1878,156.1878,905,734,144
8ebdb0b3-2c32-494c-b6b3-b6162684d288,2026-10-10T06:16:17.827127+00:00,667,forecast,B,NS,0,0,0,0,3,0,0.2007,1.0033,0.0,0.0,16,218.4138,921,905,155.1878,156.1878,905,734,144
8ebdb0b3-2c32-494c-b6b3-b6162684d288,2026-10-10T06:16:17.827127+00:00,667,forecast,C,NS,1,0,0,0,0,0,0.0,0.0,0.2007,0.0,16,218.4138,921,905,155.1878,156.1878,905,734,144
8ebdb0b3-2c32-494c-b6b3-b6162684d288,2026-10-10T06:16:17.827127+00:00,667,forecast,D,NS,1,0,0,0,0,0,0.0,0.2007,0.4013,0.0,16,218.4138,921,905,155.1878,156.1878,905,734,144
8ebdb0b3-2c32-494c-b6b3-b6162684d288,2026-10-10T06:16:18.837403+00:00,668,forecast,A,EW,1,0,0,4,8,0,0.0,0.0,0.0,0.3997,15,218.1093,921,906,155.3863,156.3863,906,734,144
8ebdb0b3-2c32-494c-b6b3-b6162684d288,2026-10-10T06:16:18.837403+00:00,668,forecast,B,CLEAR,0,1,0,0,3,0,0.1998,0.9992,0.0,0.0,15,218.1093,921,906,155.3863,156.3863,906,734,144
8ebdb0b3-2c32-494c-b6b3-b6162684d288,2026-10-10T06:16:18.837403+00:00,668,forecast,C,NS,0,0,0,0,0,0,0.0,0.0,0.1998,0.0,15,218.1093,921,906,155.3863,156.3863,906,734,144
8ebdb0b3-2c32-494c-b6b3-b6162684d288,2026-10-10T06:16:18.837403+00:00,668,forecast,D,NS,0,0,0,0,0,0,0.0,0.1998,0.3997,0.0,15,218.1093,921,906,155.3863,156.3863,906,734,144
8ebdb0b3-2c32-494c-b6b3-b6162684d288,2026-10-10T06:16:19.928065+00:00,669,forecast,A,EW,0,0,0,4,8,0,0.0,0.0,0.0,0.3975,15,217.8057,921,906,155.3863,156.3863,906,734,144
8ebdb0b3-2c32-494c-b6b3-b6162684d288,2026-10-10T06:16:19.928065+00:00,669,forecast,B,EW,1,0,0,0,3,0,0.1987,0.9937,0.0,0.0,15,217.8057,921,906,155.3863,156.3863,906,734,144
8ebdb0b3-2c32-494c-b6b3-b6162684d288,2026-10-10T06:16:19.928065+00:00,669,forecast,C,NS,1,0,0,0,0,0,0.0,0.0,0.1987,0.0,15,217.8057,921,906,155.3863,156.3863,906,734,144
8ebdb0b3-2c32-494c-b6b3-b6162684d288,2026-10-10T06:16:19.928065+00:00,669,forecast,D,NS,1,0,0,0,0,0,0.0,0.1987,0.3975,0.0,15,217.8057,921,906,155.3863,156.3863,906,734,144
8ebdb0b3-2c32-494c-b6b3-b6162684d288,2026-10-10T06:16:20.828582+00:00,670,forecast,A,EW,2,0,0,4,8,0,0.0,0.0,0.0,0.3972,15,217.503,921,906,155.3863,156.3863,906,734,144
8ebdb0b3-2c32-494c-b6b3-b6162684d288,2026-10-10T06:16:20.828582+00:00,670,forecast,B,EW,0,0,0,0,3,0,0.1986,0.9931,0.0,0.0,15,217.503,921,906,155.3863,156.3863,906,734,144
8ebdb0b3-2c32-494c-b6b3-b6162684d288,2026-10-10T06:16:20.828582+00:00,670,forecast,C,NS,0,0,0,0,0,0,0.0,0.0,0.1986,0.0,15,217.503,921,906,155.3863,156.3863,906,734,144
8ebdb0b3-2c32-494c-b6b3-b6162684d288,2026-10-10T06:16:20.828582+00:00,670,forecast,D,NS,0,0,0,0,0,0,0.0,0.1986,0.3972,0.0,15,217.503,921,906,155.3863,156.3863,906,734,144
8ebdb0b3-2c32-494c-b6b3-b6162684d288,2026-10-10T06:16:21.847843+00:00,671,forecast,A,EW,1,0,0,3,8,0,0.0,0.0,0.0,0.4002,14,217.1997,921,907,155.5755,156.5755,907,734,144
8ebdb0b3-2c32-494c-b6b3-b6162684d288,2026-10-10T06:16:21.847843+00:00,671,forecast,B,EW,2,0,0,0,3,0,0.2001,1.0006,0.0,0.0,14,217.1997,921,907,155.5755,156.5755,907,734,144
8ebdb0b3-2c32-494c-b6b3-b6162684d288,2026-10-10T06:16:21.847843+00:00,671,forecast,C,NS,1,0,0,0,0,0,0.0,0.0,0.2001,0.0,14,217.1997,921,907,155.5755,156.5755,907,734,144
8ebdb0b3-2c32-494c-b6b3-b6162684d288,2026-10-10T06:16:21.847843+00:00,671,forecast,D,NS,1,0,0,0,0,0,0.0,0.2001,0.4002,0.0,14,217.1997,921,907,155.5755,156.5755,907,734,144
8ebdb0b3-2c32-494c-b6b3-b6162684d288,2026-10-10T06:16:22.825152+00:00,672,forecast,A,EW,0,0,0,2,8,0,0.0,0.0,0.0,0.4042,13,216.8958,921,908,155.7555,156.7555,908,734,144
8ebdb0b3-2c32-494c-b6b3-b6162684d288,2026-10-10T06:16:22.825152+00:00,672,forecast,B,EW,1,0,0,0,3,0,0.2021,1.0105,0.0,0.0,13,216.8958,921,908,155.7555,156.7555,908,734,144
8ebdb0b3-2c32-494c-b6b3-b6162684d288,2026-10-10T06:16:22.825152+00:00,672,forecast,C,NS,0,0,0,0,0,0,0.0,0.0,0.2021,0.0,13,216.8958,921,908,155.7555,156.7555,908,734,144
8ebdb0b3-2c32-494c-b6b3-b6162684d288,2026-10-10T06:16:22.825152+00:00,672,forecast,D,NS,0,0,0,0,0,0,0.0,0.2021,0.4042,0.0,13,216.8958,921,908,155.7555,156.7555,908,734,144
8ebdb0b3-2c32-494c-b6b3-b6162684d288,2026-10-10T06:16:23.840958+00:00,673,forecast,A,EW,2,0,0,2,8,0,0.0,0.0,0.0,0.4025,13,216.5929,921,908,155.7555,156.7555,908,734,144
8ebdb0b3-2c32-494c-b6b3-b6162684d288,2026-10-10T06:16:23.840958+00:00,673,forecast,B,EW,0,0,0,0,3,0,0.2012,1.0062,0.0,0.0,13,216.5929,921,908,155.7555,156.7555,908,734,144
8ebdb0b3-2c32-494c-b6b3-b6162684d288,2026-10-10T06:16:23.840958+00:00,673,forecast,C,NS,1,0,0,0,0,0,0.0,0.0,0.2012,0.0,13,216.5929,921,908,155.7555,156.7555,908,734,144
8ebdb0b3-2c32-494c-b6b3-b6162684d288,2026-10-10T06:16:23.840958+00:00,673,forecast,D,NS,1,0,0,0,0,0,0.0,0.2012,0.4025,0.0,13,216.5929,921,908,155.7555,156.7555,908,734,144
8ebdb0b3-2c32-494c-b6b3-b6162684d288,2026-10-10T06:16:24.822130+00:00,674,forecast,A,EW,1,0,0,1,8,0,0.0,0.0,0.0,0.4,12,216.2893,921,909,155.934,156.934,909,734,144
8ebdb0b3-2c32-494c-b6b3-b6162684d288,2026-10-10T06:16:24.822130+00:00,674,forecast,B,EW,2,0,0,0,3,0,0.2,1.0001,0.0,0.0,12,216.2893,921,909,155.934,156.934,909,734,144
8ebdb0b3-2c32-494c-b6b3-b6162684d288,2026-10-10T06:16:24.822130+00:00,674,forecast,C,NS,0,0,0,0,0,0,0.0,0.0,0.2,0.0,12,216.2893,921,909,155.934,156.934,909,734,144
8ebdb0b3-2c32-494c-b6b3-b6162684d288,2026-10-10T06:16:24.822130+00:00,674,forecast,D,NS,0,0,0,0,0,0,0.0,0.2,0.4,0.0,12,216.2893,921,909,155.934,156.934,909,734,144
8ebdb0b3-2c32-494c-b6b3-b6162684d288,2026-10-10T06:16:25.822696+00:00,675,forecast,A,EW,0,0,0,0,8,0,0.0,0.0,0.0,0.397,11,215.9852,921,910,156.1132,157.1132,910,734,144
8ebdb0b3-2c32-494c-b6b3-b6162684d288,2026-10-10T06:16:25.822696+00:00,675,forecast,B,EW,1,0,0,0,3,0,0.1985,0.9926,0.0,0.0,11,215.9852,921,910,156.1132,157.1132,910,734,144
8ebdb0b3-2c32-494c-b6b3-b6162684d288,2026-10-10T06:16:25.822696+00:00,675,forecast,C,NS,1,0,0,0,0,0,0.0,0.0,0.1985,0.0,11,215.9852,921,910,156.1132,157.1132,910,734,144
8ebdb0b3-2c32-494c-b6b3-b6162684d288,2026-10-10T06:16:25.822696+00:00,675,forecast,D,NS,1,0,0,0,0,0,0.0,0.1985,0.397,0.0,11,215.9852,921,910,156.1132,157.1132,910,734,144
8ebdb0b3-2c32-494c-b6b3-b6162684d288,2026-10-10T06:16:26.833178+00:00,676,forecast,A,CLEAR,0,1,0,0,8,0,0.0,0.0,0.0,0.3961,11,215.682,921,910,156.1132,157.1132,910,734,144
8ebdb0b3-2c32-494c-b6b3-b6162684d288,2026-10-10T06:16:26.833178+00:00,676,forecast,B,EW,0,0,0,0,3,0,0.198,0.9901,0.0,0.0,11,215.682,921,910,156.1132,157.1132,910,734,144
8ebdb0b3-2c32-494c-b6b3-b6162684d288,2026-10-10T06:16:26.833178+00:00,676,forecast,C,NS,0,0,0,0,0,0,0.0,0.0,0.198,0.0,11,215.682,921,910,156.1132,157.1132,910,734,144
8ebdb0b3-2c32-494c-b6b3-b6162684d288,2026-10-10T06:16:26.833178+00:00,676,forecast,D,NS,0,0,0,0,0,0,0.0,0.198,0.3961,0.0,11,215.682,921,910,156.1132,157.1132,910,734,144
8ebdb0b3-2c32-494c-b6b3-b6162684d288,2026-10-10T06:16:27.850994+00:00,677,forecast,A,NS,1,0,0,0,7,0,0.0,0.0,0.0,0.3992,10,215.3781,921,911,156.3853,157.3853,911,734,144
8ebdb0b3-2c32-494c-b6b3-b6162684d288,2026-10-10T06:16:27.850994+00:00,677,forecast,B,EW,1,0,0,0,3,0,0.1996,0.9979,0.0,0.0,10,215.3781,921,911,156.3853,157.3853,911,734,144
8ebdb0b3-2c32-494c-b6b3-b6162684d288,2026-10-10T06:16:27.850994+00:00,677,forecast,C,NS,1,0,0,0,0,0,0.0,0.0,0.1996,0.0,10,215.3781,921,911,156.3853,157.3853,911,734,144
8ebdb0b3-2c32-494c-b6b3-b6162684d288,2026-10-10T06:16:27.850994+00:00,677,forecast,D,NS,1,0,0,0,0,0,0.0,0.1996,0.3992,0.0,10,215.3781,921,911,156.3853,157.3853,911,734,144
8ebdb0b3-2c32-494c-b6b3-b6162684d288,2026-10-10T06:16:28.846131+00:00,678,forecast,A,NS,0,0,0,0,6,0,0.0,0.0,0.0,0.4028,10,215.0752,921,911,156.3853,157.3853,911,734,144
8ebdb0b3-2c32-494c-b6b3-b6162684d288,2026-10-10T06:16:28.846131+00:00,678,forecast,B,EW,0,0,0,0,3,1,0.2014,1.007,0.0,0.0,10,215.0752,921,911,156.3853,157.3853,911,734,144
8ebdb0b3-2c32-494c-b6b3-b6162684d288,2026-10-10T06:16:28.846131+00:00,678,forecast,C,NS,0,0,0,0,0,0,0.0,0.0,0.2014,0.0,10,215.0752,921,911,156.3853,157.3853,911,734,144
8ebdb0b3-2c32-494c-b6b3-b6162684d288,2026-10-10T06:16:28.846131+00:00,678,forecast,D,NS,0,0,0,0,0,0,0.0,0.2014,0.4028,0.0,10,215.0752,921,911,156.3853,157.3853,911,734,144
8ebdb0b3-2c32-494c-b6b3-b6162684d288,2026-10-10T06:16:29.832804+00:00,679,forecast,A,NS,1,0,0,0,5,0,0.0,0.0,0.0,0.4035,9,214.7717,921,912,156.5954,157.5954,912,734,144
8ebdb0b3-2c32-494c-b6b3-b6162684d288,2026-10-10T06:16:29.832804+00:00,679,forecast,B,EW,2,0,0,0,3,1,0.2018,1.0089,0.0,0.0,9,214.7717,921,912,156.5954,157.5954,912,734,144
8ebdb0b3-2c32-494c-b6b3-b6162684d288,2026-10-10T06:16:29.832804+00:00,679,forecast,C,NS,1,0,0,0,0,0,0.0,0.0,0.2018,0.0,9,214.7717,921,912,156.5954,157.5954,912,734,144
8ebdb0b3-2c32-494c-b6b3-b6162684d288,2026-10-10T06:16:29.832804+00:00,679,forecast,D,NS,1,0,0,0,0,0,0.0,0.2018,0.4035,0.0,9,214.7717,921,912,156.5954,157.5954,912,734,144
8ebdb0b3-2c32-494c-b6b3-b6162684d288,2026-10-10T06:16:30.866697+00:00,680,forecast,A,NS,0,0,0,0,4,0,0.0,0.0,0.0,0.4029,9,214.4691,921,912,156.5954,157.5954,912,734,144
8ebdb0b3-2c32-494c-b6b3-b6162684d288,2026-10-10T06:16:30.866697+00:00,680,forecast,B,EW,1,0,0,0,3,2,0.2014,1.0072,0.0,0.0,9,214.4691,921,912,156.5954,157.5954,912,734,144
8ebdb0b3-2c32-494c-b6b3-b6162684d288,2026-10-10T06:16:30.866697+00:00,680,forecast,C,NS,0,0,0,0,0,0,0.0,0.0,0.2014,0.0,9,214.4691,921,912,156.5954,157.5954,912,734,144
8ebdb0b3-2c32-494c-b6b3-b6162684d288,2026-10-10T06:16:30.866697+00:00,680,forecast,D,NS,0,0,0,0,0,0,0.0,0.2014,0.4029,0.0,9,214.4691,921,912,156.5954,157.5954,912,734,144
8ebdb0b3-2c32-494c-b6b3-b6162684d288,2026-10-10T06:16:31.827971+00:00,681,forecast,A,NS,1,0,0,0,3,0,0.0,0.0,0.0,0.3977,8,214.1659,921,913,156.8039,157.8039,913,734,144
8ebdb0b3-2c32-494c-b6b3-b6162684d288,2026-10-10T06:16:31.827971+00:00,681,forecast,B,EW,0,0,0,0,3,2,0.1989,0.9944,0.0,0.0,8,214.1659,921,913,156.8039,157.8039,913,734,144
8ebdb0b3-2c32-494c-b6b3-b6162684d288,2026-10-10T06:16:31.827971+00:00,681,forecast,C,NS,1,0,0,0,0,0,0.0,0.0,0.1989,0.0,8,214.1659,921,913,156.8039,157.8039,913,734,144
8ebdb0b3-2c32-494c-b6b3-b6162684d288,2026-10-10T06:16:31.827971+00:00,681,forecast,D,NS,1,0,0,0,0,0,0.0,0.1989,0.3977,0.0,8,214.1659,921,913,156.8039,157.8039,913,734,144
8ebdb0b3-2c32-494c-b6b3-b6162684d288,2026-10-10T06:16:32.832944+00:00,682,forecast,A,NS,0,0,0,0,2,0,0.0,0.0,0.0,0.3963,7,213.8622,921,914,157.0098,158.0098,914,734,144
8ebdb0b3-2c32-494c-b6b3-b6162684d288,2026-10-10T06:16:32.832944+00:00,682,forecast,B,EW,2,0,0,0,3,2,0.1982,0.9908,0.0,0.0,7,213.8622,921,914,157.0098,158.0098,914,734,144
8ebdb0b3-2c32-494c-b6b3-b6162684d288,2026-10-10T06:16:32.832944+00:00,682,forecast,C,NS,0,0,0,0,0,0,0.0,0.0,0.1982,0.0,7,213.8622,921,914,157.0098,158.0098,914,734,144
8ebdb0b3-2c32-494c-b6b3-b6162684d288,2026-10-10T06:16:32.832944+00:00,682,forecast,D,NS,0,0,0,0,0,0,0.0,0.1982,0.3963,0.0,7,213.8622,921,914,157.0098,158.0098,914,734,144
8ebdb0b3-2c32-494c-b6b3-b6162684d288,2026-10-10T06:16:33.829091+00:00,683,forecast,A,NS,1,0,0,0,1,0,0.0,0.0,0.0,0.3973,6,213.5578,921,915,157.2153,158.2153,915,734,144
8ebdb0b3-2c32-494c-b6b3-b6162684d288,2026-10-10T06:16:33.829091+00:00,683,forecast,B,EW,1,0,0,0,3,2,0.1987,0.9934,0.0,0.0,6,213.5578,921,915,157.2153,158.2153,915,734,144
8ebdb0b3-2c32-494c-b6b3-b6162684d288,2026-10-10T06:16:33.829091+00:00,683,forecast,C,NS,1,0,0,0,0,0,0.0,0.0,0.1987,0.0,6,213.5578,921,915,157.2153,158.2153,915,734,144
8ebdb0b3-2c32-494c-b6b3-b6162684d288,2026-10-10T06:16:33.829091+00:00,683,forecast,D,NS,1,0,0,0,0,0,0.0,0.1987,0.3973,0.0,6,213.5578,921,915,157.2153,158.2153,915,734,144
8ebdb0b3-2c32-494c-b6b3-b6162684d288,2026-10-10T06:16:34.831509+00:00,684,forecast,A,NS,0,0,0,0,0,0,0.0,0.0,0.0,0.4012,6,213.2544,921,915,157.2153,158.2153,915,734,144
8ebdb0b3-2c32-494c-b6b3-b6162684d288,2026-10-10T06:16:34.831509+00:00,684,forecast,B,EW,0,0,0,0,3,3,0.2006,1.0031,0.0,0.0,6,213.2544,921,915,157.2153,158.2153,915,734,144
8ebdb0b3-2c32-494c-b6b3-b6162684d288,2026-10-10T06:16:34.831509+00:00,684,forecast,C,NS,0,0,0,0,0,0,0.0,0.0,0.2006,0.0,6,213.2544,921,915,157.2153,158.2153,915,734,144
8ebdb0b3-2c32-494c-b6b3-b6162684d288,2026-10-10T06:16:34.831509+00:00,684,forecast,D,NS,0,0,0,0,0,0,0.0,0.2006,0.4012,0.0,6,213.2544,921,915,157.2153,158.2153,915,734,144
8ebdb0b3-2c32-494c-b6b3-b6162684d288,2026-10-10T06:16:35.835708+00:00,685,forecast,A,CLEAR,0,1,0,0,0,0,0.0,0.0,0.0,0.4039,6,212.9518,921,915,157.2153,158.2153,915,734,144
8ebdb0b3-2c32-494c-b6b3-b6162684d288,2026-10-10T06:16:35.835708+00:00,685,forecast,B,EW,2,0,0,0,3,3,0.202,1.0098,0.0,0.0,6,212.9518,921,915,157.2153,158.2153,915,734,144
8ebdb0b3-2c32-494c-b6b3-b6162684d288,2026-10-10T06:16:35.835708+00:00,685,forecast,C,NS,1,0,0,0,0,0,0.0,0.0,0.202,0.0,6,212.9518,921,915,157.2153,158.2153,915,734,144
8ebdb0b3-2c32-494c-b6b3-b6162684d288,2026-10-10T06:16:35.835708+00:00,685,forecast,D,NS,1,0,0,0,0,0,0.0,0.202,0.4039,0.0,6,212.9518,921,915,157.2153,158.2153,915,734,144
8ebdb0b3-2c32-494c-b6b3-b6162684d288,2026-10-10T06:16:36.836494+00:00,686,forecast,A,EW,1,0,0,0,0,0,0.0,0.0,0.0,0.4018,5,212.6487,921,916,157.4902,158.4902,916,734,144
8ebdb0b3-2c32-494c-b6b3-b6162684d288,2026-10-10T06:16:36.836494+00:00,686,forecast,B,EW,1,0,0,0,3,2,0.2009,1.0044,0.0,0.0,5,212.6487,921,916,157.4902,158.4902,916,734,144
8ebdb0b3-2c32-494c-b6b3-b6162684d288,2026-10-10T06:16:36.836494+00:00,686,forecast,C,NS,0,0,0,0,0,0,0.0,0.0,0.2009,0.0,5,212.6487,921,916,157.4902,158.4902,916,734,144
8ebdb0b3-2c32-494c-b6b3-b6162684d288,2026-10-10T06:16:36.836494+00:00,686,forecast,D,NS,0,0,0,0,0,0,0.0,0.2009,0.4018,0.0,5,212.6487,921,916,157.4902,158.4902,916,734,144
8ebdb0b3-2c32-494c-b6b3-b6162684d288,2026-10-10T06:16:37.848361+00:00,687,forecast,A,EW,0,0,0,0,0,0,0.0,0.0,0.0,0.3999,5,212.3464,921,916,157.4902,158.4902,916,734,144
8ebdb0b3-2c32-494c-b6b3-b6162684d288,2026-10-10T06:16:37.848361+00:00,687,forecast,B,EW,0,0,0,0,3,2,0.1999,0.9997,0.0,0.0,5,212.3464,921,916,157.4902,158.4902,916,734,144
8ebdb0b3-2c32-494c-b6b3-b6162684d288,2026-10-10T06:16:37.848361+00:00,687,forecast,C,NS,1,0,0,0,0,0,0.0,0.0,0.1999,0.0,5,212.3464,921,916,157.4902,158.4902,916,734,144
8ebdb0b3-2c32-494c-b6b3-b6162684d288,2026-10-10T06:16:37.848361+00:00,687,forecast,D,NS,1,0,0,0,0,0,0.0,0.1999,0.3999,0.0,5,212.3464,921,916,157.4902,158.4902,916,734,144
8ebdb0b3-2c32-494c-b6b3-b6162684d288,2026-10-10T06:16:38.837800+00:00,688,forecast,A,EW,1,0,0,0,0,0,0.0,0.0,0.0,0.3967,4,212.0436,921,917,157.7067,158.7067,917,734,144
8ebdb0b3-2c32-494c-b6b3-b6162684d288,2026-10-10T06:16:38.837800+00:00,688,forecast,B,EW,2,0,0,0,3,1,0.1983,0.9917,0.0,0.0,4,212.0436,921,917,157.7067,158.7067,917,734,144
8ebdb0b3-2c32-494c-b6b3-b6162684d288,2026-10-10T06:16:38.837800+00:00,688,forecast,C,NS,0,0,0,0,0,0,0.0,0.0,0.1983,0.0,4,212.0436,921,917,157.7067,158.7067,917,734,144
8ebdb0b3-2c32-494c-b6b3-b6162684d288,2026-10-10T06:16:38.837800+00:00,688,forecast,D,NS,0,0,0,0,0,0,0.0,0.1983,0.3967,0.0,4,212.0436,921,917,157.7067,158.7067,917,734,144
8ebdb0b3-2c32-494c-b6b3-b6162684d288,2026-10-10T06:16:39.831586+00:00,689,forecast,A,EW,0,0,0,0,0,0,0.0,0.0,0.0,0.3972,4,211.7417,921,917,157.7067,158.7067,917,734,144
8ebdb0b3-2c32-494c-b6b3-b6162684d288,2026-10-10T06:16:39.831586+00:00,689,forecast,B,EW,1,0,0,0,3,1,0.1986,0.993,0.0,0.0,4,211.7417,921,917,157.7067,158.7067,917,734,144
8ebdb0b3-2c32-494c-b6b3-b6162684d288,2026-10-10T06:16:39.831586+00:00,689,forecast,C,NS,1,0,0,0,0,0,0.0,0.0,0.1986,0.0,4,211.7417,921,917,157.7067,158.7067,917,734,144
8ebdb0b3-2c32-494c-b6b3-b6162684d288,2026-10-10T06:16:39.831586+00:00,689,forecast,D,NS,1,0,0,0,0,0,0.0,0.1986,0.3972,0.0,4,211.7417,921,917,157.7067,158.7067,917,734,144
8ebdb0b3-2c32-494c-b6b3-b6162684d288,2026-10-10T06:16:40.846425+00:00,690,forecast,A,EW,1,0,0,0,0,0,0.0,0.0,0.0,0.3989,4,211.4406,921,917,157.7067,158.7067,917,734,144
8ebdb0b3-2c32-494c-b6b3-b6162684d288,2026-10-10T06:16:40.846425+00:00,690,forecast,B,EW,0,0,0,0,3,1,0.1994,0.9972,0.0,0.0,4,211.4406,921,917,157.7067,158.7067,917,734,144
8ebdb0b3-2c32-494c-b6b3-b6162684d288,2026-10-10T06:16:40.846425+00:00,690,forecast,C,NS,0,0,0,0,0,0,0.0,0.0,0.1994,0.0,4,211.4406,921,917,157.7067,158.7067,917,734,144
8ebdb0b3-2c32-494c-b6b3-b6162684d288,2026-10-10T06:16:40.846425+00:00,690,forecast,D,NS,0,0,0,0,0,0,0.0,0.1994,0.3989,0.0,4,211.4406,921,917,157.7067,158.7067,917,734,144
8ebdb0b3-2c32-494c-b6b3-b6162684d288,2026-10-10T06:16:41.838181+00:00,691,forecast,A,EW,0,0,0,0,0,0,0.0,0.0,0.0,0.4028,4,211.1404,921,917,157.7067,158.7067,917,734,144
8ebdb0b3-2c32-494c-b6b3-b6162684d288,2026-10-10T06:16:41.838181+00:00,691,forecast,B,EW,2,0,0,0,3,1,0.2014,1.0071,0.0,0.0,4,211.1404,921,917,157.7067,158.7067,917,734,144
8ebdb0b3-2c32-494c-b6b3-b6162684d288,2026-10-10T06:16:41.838181+00:00,691,forecast,C,NS,1,0,0,0,0,0,0.0,0.0,0.2014,0.0,4,211.1404,921,917,157.7067,158.7067,917,734,144
8ebdb0b3-2c32-494c-b6b3-b6162684d288,2026-10-10T06:16:41.838181+00:00,691,forecast,D,NS,1,0,0,0,0,0,0.0,0.2014,0.4028,0.0,4,211.1404,921,917,157.7067,158.7067,917,734,144
8ebdb0b3-2c32-494c-b6b3-b6162684d288,2026-10-10T06:16:42.858278+00:00,692,forecast,A,EW,1,0,0,0,0,0,0.0,0.0,0.0,0.402,3,210.8396,921,918,157.8638,158.8638,918,734,144
8ebdb0b3-2c32-494c-b6b3-b6162684d288,2026-10-10T06:16:42.858278+00:00,692,forecast,B,EW,1,0,0,0,3,0,0.201,1.0049,0.0,0.0,3,210.8396,921,918,157.8638,158.8638,918,734,144
8ebdb0b3-2c32-494c-b6b3-b6162684d288,2026-10-10T06:16:42.858278+00:00,692,forecast,C,NS,0,0,0,0,0,0,0.0,0.0,0.201,0.0,3,210.8396,921,918,157.8638,158.8638,918,734,144
8ebdb0b3-2c32-494c-b6b3-b6162684d288,2026-10-10T06:16:42.858278+00:00,692,forecast,D,NS,0,0,0,0,0,0,0.0,0.201,0.402,0.0,3,210.8396,921,918,157.8638,158.8638,918,734,144
8ebdb0b3-2c32-494c-b6b3-b6162684d288,2026-10-10T06:16:43.832760+00:00,693,forecast,A,EW,0,0,0,0,0,0,0.0,0.0,0.0,0.3993,3,210.5397,921,918,157.8638,158.8638,918,734,144
8ebdb0b3-2c32-494c-b6b3-b6162684d288,2026-10-10T06:16:43.832760+00:00,693,forecast,B,EW,0,0,0,0,3,0,0.1996,0.9982,0.0,0.0,3,210.5397,921,918,157.8638,158.8638,918,734,144
8ebdb0b3-2c32-494c-b6b3-b6162684d288,2026-10-10T06:16:43.832760+00:00,693,forecast,C,NS,1,0,0,0,0,0,0.0,0.0,0.1996,0.0,3,210.5397,921,918,157.8638,158.8638,918,734,144
8ebdb0b3-2c32-494c-b6b3-b6162684d288,2026-10-10T06:16:43.832760+00:00,693,forecast,D,NS,1,0,0,0,0,0,0.0,0.1996,0.3993,0.0,3,210.5397,921,918,157.8638,158.8638,918,734,144
8ebdb0b3-2c32-494c-b6b3-b6162684d288,2026-10-10T06:16:44.834905+00:00,694,forecast,A,EW,1,0,0,0,0,0,0.0,0.0,0.0,0.3979,3,210.2406,921,918,157.8638,158.8638,918,734,144
8ebdb0b3-2c32-494c-b6b3-b6162684d288,2026-10-10T06:16:44.834905+00:00,694,forecast,B,EW,1,0,0,0,3,0,0.1989,0.9947,0.0,0.0,3,210.2406,921,918,157.8638,158.8638,918,734,144
8ebdb0b3-2c32-494c-b6b3-b6162684d288,2026-10-10T06:16:44.834905+00:00,694,forecast,C,NS,0,0,0,0,0,0,0.0,0.0,0.1989,0.0,3,210.2406,921,918,157.8638,158.8638,918,734,144
8ebdb0b3-2c32-494c-b6b3-b6162684d288,2026-10-10T06:16:44.834905+00:00,694,forecast,D,NS,0,0,0,0,0,0,0.0,0.1989,0.3979,0.0,3,210.2406,921,918,157.8638,158.8638,918,734,144
8ebdb0b3-2c32-494c-b6b3-b6162684d288,2026-10-10T06:16:45.837655+00:00,695,forecast,A,EW,0,0,0,0,0,0,0.0,0.0,0.0,0.398,3,209.9424,921,918,157.8638,158.8638,918,734,144
8ebdb0b3-2c32-494c-b6b3-b6162684d288,2026-10-10T06:16:45.837655+00:00,695,forecast,B,EW,0,0,0,0,3,0,0.199,0.9949,0.0,0.0,3,209.9424,921,918,157.8638,158.8638,918,734,144
8ebdb0b3-2c32-494c-b6b3-b6162684d288,2026-10-10T06:16:45.837655+00:00,695,forecast,C,NS,1,0,0,0,0,0,0.0,0.0,0.199,0.0,3,209.9424,921,918,157.8638,158.8638,918,734,144
8ebdb0b3-2c32-494c-b6b3-b6162684d288,2026-10-10T06:16:45.837655+00:00,695,forecast,D,NS,1,0,0,0,0,0,0.0,0.199,0.398,0.0,3,209.9424,921,918,157.8638,158.8638,918,734,144
8ebdb0b3-2c32-494c-b6b3-b6162684d288,2026-10-10T06:16:46.821762+00:00,696,forecast,A,EW,1,0,0,0,0,0,0.0,0.0,0.0,0.3996,3,209.6451,921,918,157.8638,158.8638,918,734,144
8ebdb0b3-2c32-494c-b6b3-b6162684d288,2026-10-10T06:16:46.821762+00:00,696,forecast,B,EW,1,0,0,0,3,0,0.1998,0.999,0.0,0.0,3,209.6451,921,918,157.8638,158.8638,918,734,144
8ebdb0b3-2c32-494c-b6b3-b6162684d288,2026-10-10T06:16:46.821762+00:00,696,forecast,C,NS,0,0,0,0,0,0,0.0,0.0,0.1998,0.0,3,209.6451,921,918,157.8638,158.8638,918,734,144
8ebdb0b3-2c32-494c-b6b3-b6162684d288,2026-10-10T06:16:46.821762+00:00,696,forecast,D,NS,0,0,0,0,0,0,0.0,0.1998,0.3996,0.0,3,209.6451,921,918,157.8638,158.8638,918,734,144
8ebdb0b3-2c32-494c-b6b3-b6162684d288,2026-10-10T06:16:47.849517+00:00,697,forecast,A,EW,0,0,0,0,0,0,0.0,0.0,0.0,0.4026,3,209.3486,921,918,157.8638,158.8638,918,734,144
8ebdb0b3-2c32-494c-b6b3-b6162684d288,2026-10-10T06:16:47.849517+00:00,697,forecast,B,EW,0,0,0,0,3,0,0.2013,1.0064,0.0,0.0,3,209.3486,921,918,157.8638,158.8638,918,734,144
8ebdb0b3-2c32-494c-b6b3-b6162684d288,2026-10-10T06:16:47.849517+00:00,697,forecast,C,NS,1,0,0,0,0,0,0.0,0.0,0.2013,0.0,3,209.3486,921,918,157.8638,158.8638,918,734,144
8ebdb0b3-2c32-494c-b6b3-b6162684d288,2026-10-10T06:16:47.849517+00:00,697,forecast,D,NS,1,0,0,0,0,0,0.0,0.2013,0.4026,0.0,3,209.3486,921,918,157.8638,158.8638,918,734,144
8ebdb0b3-2c32-494c-b6b3-b6162684d288,2026-10-10T06:16:48.833427+00:00,698,forecast,A,EW,1,0,0,0,0,0,0.0,0.0,0.0,0.4026,3,209.053,921,918,157.8638,158.8638,918,734,144
8ebdb0b3-2c32-494c-b6b3-b6162684d288,2026-10-10T06:16:48.833427+00:00,698,forecast,B,EW,2,0,0,0,3,0,0.2013,1.0066,0.0,0.0,3,209.053,921,918,157.8638,158.8638,918,734,144
8ebdb0b3-2c32-494c-b6b3-b6162684d288,2026-10-10T06:16:48.833427+00:00,698,forecast,C,NS,0,0,0,0,0,0,0.0,0.0,0.2013,0.0,3,209.053,921,918,157.8638,158.8638,918,734,144
8ebdb0b3-2c32-494c-b6b3-b6162684d288,2026-10-10T06:16:48.833427+00:00,698,forecast,D,NS,0,0,0,0,0,0,0.0,0.2013,0.4026,0.0,3,209.053,921,918,157.8638,158.8638,918,734,144
8ebdb0b3-2c32-494c-b6b3-b6162684d288,2026-10-10T06:16:49.834015+00:00,699,forecast,A,EW,0,0,0,0,0,0,0.0,0.0,0.0,0.3999,3,208.7582,921,918,157.8638,158.8638,918,734,144
8ebdb0b3-2c32-494c-b6b3-b6162684d288,2026-10-10T06:16:49.834015+00:00,699,forecast,B,EW,1,0,0,0,3,0,0.1999,0.9997,0.0,0.0,3,208.7582,921,918,157.8638,158.8638,918,734,144
8ebdb0b3-2c32-494c-b6b3-b6162684d288,2026-10-10T06:16:49.834015+00:00,699,forecast,C,NS,1,0,0,0,0,0,0.0,0.0,0.1999,0.0,3,208.7582,921,918,157.8638,158.8638,918,734,144
8ebdb0b3-2c32-494c-b6b3-b6162684d288,2026-10-10T06:16:49.834015+00:00,699,forecast,D,NS,1,0,0,0,0,0,0.0,0.1999,0.3999,0.0,3,208.7582,921,918,157.8638,158.8638,918,734,144
8ebdb0b3-2c32-494c-b6b3-b6162684d288,2026-10-10T06:16:50.901217+00:00,700,forecast,A,EW,1,0,0,0,0,0,0.0,0.0,0.0,0.3974,3,208.4643,921,918,157.8638,158.8638,918,734,144
8ebdb0b3-2c32-494c-b6b3-b6162684d288,2026-10-10T06:16:50.901217+00:00,700,forecast,B,EW,0,0,0,0,3,0,0.1987,0.9936,0.0,0.0,3,208.4643,921,918,157.8638,158.8638,918,734,144
8ebdb0b3-2c32-494c-b6b3-b6162684d288,2026-10-10T06:16:50.901217+00:00,700,forecast,C,NS,0,0,0,0,0,0,0.0,0.0,0.1987,0.0,3,208.4643,921,918,157.8638,158.8638,918,734,144
8ebdb0b3-2c32-494c-b6b3-b6162684d288,2026-10-10T06:16:50.901217+00:00,700,forecast,D,NS,0,0,0,0,0,0,0.0,0.1987,0.3974,0.0,3,208.4643,921,918,157.8638,158.8638,918,734,144
8ebdb0b3-2c32-494c-b6b3-b6162684d288,2026-10-10T06:16:51.822614+00:00,701,forecast,A,EW,0,0,0,0,0,0,0.0,0.0,0.0,0.3979,3,208.1712,921,918,157.8638,158.8638,918,734,144
8ebdb0b3-2c32-494c-b6b3-b6162684d288,2026-10-10T06:16:51.822614+00:00,701,forecast,B,EW,1,0,0,0,3,0,0.199,0.9948,0.0,0.0,3,208.1712,921,918,157.8638,158.8638,918,734,144
8ebdb0b3-2c32-494c-b6b3-b6162684d288,2026-10-10T06:16:51.822614+00:00,701,forecast,C,NS,1,0,0,0,0,0,0.0,0.0,0.199,0.0,3,208.1712,921,918,157.8638,158.8638,918,734,144
8ebdb0b3-2c32-494c-b6b3-b6162684d288,2026-10-10T06:16:51.822614+00:00,701,forecast,D,NS,1,0,0,0,0,0,0.0,0.199,0.3979,0.0,3,208.1712,921,918,157.8638,158.8638,918,734,144
8ebdb0b3-2c32-494c-b6b3-b6162684d288,2026-10-10T06:16:52.854543+00:00,702,forecast,A,EW,1,0,0,0,0,0,0.0,0.0,0.0,0.4001,3,207.8789,921,918,157.8638,158.8638,918,734,144
8ebdb0b3-2c32-494c-b6b3-b6162684d288,2026-10-10T06:16:52.854543+00:00,702,forecast,B,EW,0,0,0,0,3,0,0.2001,1.0003,0.0,0.0,3,207.8789,921,918,157.8638,158.8638,918,734,144
8ebdb0b3-2c32-494c-b6b3-b6162684d288,2026-10-10T06:16:52.854543+00:00,702,forecast,C,NS,0,0,0,0,0,0,0.0,0.0,0.2001,0.0,3,207.8789,921,918,157.8638,158.8638,918,734,144
8ebdb0b3-2c32-494c-b6b3-b6162684d288,2026-10-10T06:16:52.854543+00:00,702,forecast,D,NS,0,0,0,0,0,0,0.0,0.2001,0.4001,0.0,3,207.8789,921,918,157.8638,158.8638,918,734,144
8ebdb0b3-2c32-494c-b6b3-b6162684d288,2026-10-10T06:16:53.820862+00:00,703,forecast,A,EW,0,0,0,0,0,0,0.0,0.0,0.0,0.4039,3,207.5875,921,918,157.8638,158.8638,918,734,144
8ebdb0b3-2c32-494c-b6b3-b6162684d288,2026-10-10T06:16:53.820862+00:00,703,forecast,B,EW,2,0,0,0,3,0,0.2019,1.0097,0.0,0.0,3,207.5875,921,918,157.8638,158.8638,918,734,144
8ebdb0b3-2c32-494c-b6b3-b6162684d288,2026-10-10T06:16:53.820862+00:00,703,forecast,C,NS,1,0,0,0,0,0,0.0,0.0,0.2019,0.0,3,207.5875,921,918,157.8638,158.8638,918,734,144
8ebdb0b3-2c32-494c-b6b3-b6162684d288,2026-10-10T06:16:53.820862+00:00,703,forecast,D,NS,1,0,0,0,0,0,0.0,0.2019,0.4039,0.0,3,207.5875,921,918,157.8638,158.8638,918,734,144
8ebdb0b3-2c32-494c-b6b3-b6162684d288,2026-10-10T06:16:54.821625+00:00,704,forecast,A,EW,1,0,0,0,0,0,0.0,0.0,0.0,0.4036,3,207.2969,921,918,157.8638,158.8638,918,734,144
8ebdb0b3-2c32-494c-b6b3-b6162684d288,2026-10-10T06:16:54.821625+00:00,704,forecast,B,EW,1,0,0,0,3,0,0.2018,1.009,0.0,0.0,3,207.2969,921,918,157.8638,158.8638,918,734,144
8ebdb0b3-2c32-494c-b6b3-b6162684d288,2026-10-10T06:16:54.821625+00:00,704,forecast,C,NS,0,0,0,0,0,0,0.0,0.0,0.2018,0.0,3,207.2969,921,918,157.8638,158.8638,918,734,144
8ebdb0b3-2c32-494c-b6b3-b6162684d288,2026-10-10T06:16:54.821625+00:00,704,forecast,D,NS,0,0,0,0,0,0,0.0,0.2018,0.4036,0.0,3,207.2969,921,918,157.8638,158.8638,918,734,144
8ebdb0b3-2c32-494c-b6b3-b6162684d288,2026-10-10T06:16:55.821328+00:00,705,forecast,A,EW,0,0,0,0,0,0,0.0,0.0,0.0,0.4002,3,207.0071,921,918,157.8638,158.8638,918,734,144
8ebdb0b3-2c32-494c-b6b3-b6162684d288,2026-10-10T06:16:55.821328+00:00,705,forecast,B,EW,0,0,0,0,3,0,0.2001,1.0006,0.0,0.0,3,207.0071,921,918,157.8638,158.8638,918,734,144
8ebdb0b3-2c32-494c-b6b3-b6162684d288,2026-10-10T06:16:55.821328+00:00,705,forecast,C,NS,1,0,0,0,0,0,0.0,0.0,0.2001,0.0,3,207.0071,921,918,157.8638,158.8638,918,734,144
8ebdb0b3-2c32-494c-b6b3-b6162684d288,2026-10-10T06:16:55.821328+00:00,705,forecast,D,NS,1,0,0,0,0,0,0.0,0.2001,0.4002,0.0,3,207.0071,921,918,157.8638,158.8638,918,734,144
8ebdb0b3-2c32-494c-b6b3-b6162684d288,2026-10-10T06:16:56.823391+00:00,706,forecast,A,EW,1,0,0,0,0,0,0.0,0.0,0.0,0.3973,3,206.7181,921,918,157.8638,158.8638,918,734,144
8ebdb0b3-2c32-494c-b6b3-b6162684d288,2026-10-10T06:16:56.823391+00:00,706,forecast,B,EW,1,0,0,0,3,0,0.1987,0.9933,0.0,0.0,3,206.7181,921,918,157.8638,158.8638,918,734,144
8ebdb0b3-2c32-494c-b6b3-b6162684d288,2026-10-10T06:16:56.823391+00:00,706,forecast,C,NS,0,0,0,0,0,0,0.0,0.0,0.1987,0.0,3,206.7181,921,918,157.8638,158.8638,918,734,144
8ebdb0b3-2c32-494c-b6b3-b6162684d288,2026-10-10T06:16:56.823391+00:00,706,forecast,D,NS,0,0,0,0,0,0,0.0,0.1987,0.3973,0.0,3,206.7181,921,918,157.8638,158.8638,918,734,144
8ebdb0b3-2c32-494c-b6b3-b6162684d288,2026-10-10T06:16:57.856035+00:00,707,forecast,A,EW,0,0,0,0,0,0,0.0,0.0,0.0,0.3959,3,206.43,921,918,157.8638,158.8638,918,734,144
8ebdb0b3-2c32-494c-b6b3-b6162684d288,2026-10-10T06:16:57.856035+00:00,707,forecast,B,EW,0,0,0,0,3,0,0.1979,0.9897,0.0,0.0,3,206.43,921,918,157.8638,158.8638,918,734,144
8ebdb0b3-2c32-494c-b6b3-b6162684d288,2026-10-10T06:16:57.856035+00:00,707,forecast,C,NS,1,0,0,0,0,0,0.0,0.0,0.1979,0.0,3,206.43,921,918,157.8638,158.8638,918,734,144
8ebdb0b3-2c32-494c-b6b3-b6162684d288,2026-10-10T06:16:57.856035+00:00,707,forecast,D,NS,1,0,0,0,0,0,0.0,0.1979,0.3959,0.0,3,206.43,921,918,157.8638,158.8638,918,734,144
8ebdb0b3-2c32-494c-b6b3-b6162684d288,2026-10-10T06:16:58.858715+00:00,708,forecast,A,EW,1,0,0,0,0,0,0.0,0.0,0.0,0.3998,3,206.1427,921,918,157.8638,158.8638,918,734,144
8ebdb0b3-2c32-494c-b6b3-b6162684d288,2026-10-10T06:16:58.858715+00:00,708,forecast,B,EW,1,0,0,0,3,0,0.1999,0.9995,0.0,0.0,3,206.1427,921,918,157.8638,158.8638,918,734,144
8ebdb0b3-2c32-494c-b6b3-b6162684d288,2026-10-10T06:16:58.858715+00:00,708,forecast,C,NS,0,0,0,0,0,0,0.0,0.0,0.1999,0.0,3,206.1427,921,918,157.8638,158.8638,918,734,144
8ebdb0b3-2c32-494c-b6b3-b6162684d288,2026-10-10T06:16:58.858715+00:00,708,forecast,D,NS,0,0,0,0,0,0,0.0,0.1999,0.3998,0.0,3,206.1427,921,918,157.8638,158.8638,918,734,144
8ebdb0b3-2c32-494c-b6b3-b6162684d288,2026-10-10T06:16:59.887554+00:00,709,forecast,A,EW,0,0,0,0,0,0,0.0,0.0,0.0,0.4028,3,205.8561,921,918,157.8638,158.8638,918,734,144
8ebdb0b3-2c32-494c-b6b3-b6162684d288,2026-10-10T06:16:59.887554+00:00,709,forecast,B,EW,0,0,0,0,3,0,0.2014,1.007,0.0,0.0,3,205.8561,921,918,157.8638,158.8638,918,734,144
8ebdb0b3-2c32-494c-b6b3-b6162684d288,2026-10-10T06:16:59.887554+00:00,709,forecast,C,NS,1,0,0,0,0,0,0.0,0.0,0.2014,0.0,3,205.8561,921,918,157.8638,158.8638,918,734,144
8ebdb0b3-2c32-494c-b6b3-b6162684d288,2026-10-10T06:16:59.887554+00:00,709,forecast,D,NS,1,0,0,0,0,0,0.0,0.2014,0.4028,0.0,3,205.8561,921,918,157.8638,158.8638,918,734,144
8ebdb0b3-2c32-494c-b6b3-b6162684d288,2026-10-10T06:17:00.922126+00:00,710,forecast,A,EW,1,0,0,0,0,0,0.0,0.0,0.0,0.4051,3,205.5704,921,918,157.8638,158.8638,918,734,144
8ebdb0b3-2c32-494c-b6b3-b6162684d288,2026-10-10T06:17:00.922126+00:00,710,forecast,B,EW,2,0,0,0,3,0,0.2026,1.0128,0.0,0.0,3,205.5704,921,918,157.8638,158.8638,918,734,144
8ebdb0b3-2c32-494c-b6b3-b6162684d288,2026-10-10T06:17:00.922126+00:00,710,forecast,C,NS,0,0,0,0,0,0,0.0,0.0,0.2026,0.0,3,205.5704,921,918,157.8638,158.8638,918,734,144
8ebdb0b3-2c32-494c-b6b3-b6162684d288,2026-10-10T06:17:00.922126+00:00,710,forecast,D,NS,0,0,0,0,0,0,0.0,0.2026,0.4051,0.0,3,205.5704,921,918,157.8638,158.8638,918,734,144
8ebdb0b3-2c32-494c-b6b3-b6162684d288,2026-10-10T06:17:01.870301+00:00,711,forecast,A,EW,0,0,0,0,0,0,0.0,0.0,0.0,0.4003,3,205.2855,921,918,157.8638,158.8638,918,734,144
8ebdb0b3-2c32-494c-b6b3-b6162684d288,2026-10-10T06:17:01.870301+00:00,711,forecast,B,EW,1,0,0,0,3,0,0.2002,1.0008,0.0,0.0,3,205.2855,921,918,157.8638,158.8638,918,734,144
8ebdb0b3-2c32-494c-b6b3-b6162684d288,2026-10-10T06:17:01.870301+00:00,711,forecast,C,NS,1,0,0,0,0,0,0.0,0.0,0.2002,0.0,3,205.2855,921,918,157.8638,158.8638,918,734,144
8ebdb0b3-2c32-494c-b6b3-b6162684d288,2026-10-10T06:17:01.870301+00:00,711,forecast,D,NS,1,0,0,0,0,0,0.0,0.2002,0.4003,0.0,3,205.2855,921,918,157.8638,158.8638,918,734,144
8ebdb0b3-2c32-494c-b6b3-b6162684d288,2026-10-10T06:17:02.884021+00:00,712,forecast,A,EW,1,0,0,0,0,0,0.0,0.0,0.0,0.3976,3,205.0014,921,918,157.8638,158.8638,918,734,144
8ebdb0b3-2c32-494c-b6b3-b6162684d288,2026-10-10T06:17:02.884021+00:00,712,forecast,B,EW,0,0,0,0,3,0,0.1988,0.994,0.0,0.0,3,205.0014,921,918,157.8638,158.8638,918,734,144
8ebdb0b3-2c32-494c-b6b3-b6162684d288,2026-10-10T06:17:02.884021+00:00,712,forecast,C,NS,0,0,0,0,0,0,0.0,0.0,0.1988,0.0,3,205.0014,921,918,157.8638,158.8638,918,734,144
8ebdb0b3-2c32-494c-b6b3-b6162684d288,2026-10-10T06:17:02.884021+00:00,712,forecast,D,NS,0,0,0,0,0,0,0.0,0.1988,0.3976,0.0,3,205.0014,921,918,157.8638,158.8638,918,734,144
8ebdb0b3-2c32-494c-b6b3-b6162684d288,2026-10-10T06:17:04.174801+00:00,713,forecast,A,EW,0,0,0,0,0,0,0.0,0.0,0.0,0.3962,3,204.7181,921,918,157.8638,158.8638,918,734,144
8ebdb0b3-2c32-494c-b6b3-b6162684d288,2026-10-10T06:17:04.174801+00:00,713,forecast,B,EW,1,0,0,0,3,0,0.1981,0.9905,0.0,0.0,3,204.7181,921,918,157.8638,158.8638,918,734,144
8ebdb0b3-2c32-494c-b6b3-b6162684d288,2026-10-10T06:17:04.174801+00:00,713,forecast,C,NS,1,0,0,0,0,0,0.0,0.0,0.1981,0.0,3,204.7181,921,918,157.8638,158.8638,918,734,144
8ebdb0b3-2c32-494c-b6b3-b6162684d288,2026-10-10T06:17:04.174801+00:00,713,forecast,D,NS,1,0,0,0,0,0,0.0,0.1981,0.3962,0.0,3,204.7181,921,918,157.8638,158.8638,918,734,144
8ebdb0b3-2c32-494c-b6b3-b6162684d288,2026-10-10T06:17:04.956502+00:00,714,forecast,A,EW,1,0,0,0,0,0,0.0,0.0,0.0,0.3976,3,204.4356,921,918,157.8638,158.8638,918,734,144
8ebdb0b3-2c32-494c-b6b3-b6162684d288,2026-10-10T06:17:04.956502+00:00,714,forecast,B,EW,0,0,0,0,3,0,0.1988,0.9939,0.0,0.0,3,204.4356,921,918,157.8638,158.8638,918,734,144
8ebdb0b3-2c32-494c-b6b3-b6162684d288,2026-10-10T06:17:04.956502+00:00,714,forecast,C,NS,0,0,0,0,0,0,0.0,0.0,0.1988,0.0,3,204.4356,921,918,157.8638,158.8638,918,734,144
8ebdb0b3-2c32-494c-b6b3-b6162684d288,2026-10-10T06:17:04.956502+00:00,714,forecast,D,NS,0,0,0,0,0,0,0.0,0.1988,0.3976,0.0,3,204.4356,921,918,157.8638,158.8638,918,734,144
8ebdb0b3-2c32-494c-b6b3-b6162684d288,2026-10-10T06:17:05.854411+00:00,715,forecast,A,EW,0,0,0,0,0,0,0.0,0.0,0.0,0.4016,3,204.1538,921,918,157.8638,158.8638,918,734,144
8ebdb0b3-2c32-494c-b6b3-b6162684d288,2026-10-10T06:17:05.854411+00:00,715,forecast,B,EW,2,0,0,0,3,0,0.2008,1.0039,0.0,0.0,3,204.1538,921,918,157.8638,158.8638,918,734,144
8ebdb0b3-2c32-494c-b6b3-b6162684d288,2026-10-10T06:17:05.854411+00:00,715,forecast,C,NS,1,0,0,0,0,0,0.0,0.0,0.2008,0.0,3,204.1538,921,918,157.8638,158.8638,918,734,144
8ebdb0b3-2c32-494c-b6b3-b6162684d288,2026-10-10T06:17:05.854411+00:00,715,forecast,D,NS,1,0,0,0,0,0,0.0,0.2008,0.4016,0.0,3,204.1538,921,918,157.8638,158.8638,918,734,144
8ebdb0b3-2c32-494c-b6b3-b6162684d288,2026-10-10T06:17:06.861797+00:00,716,forecast,A,EW,1,0,0,0,0,0,0.0,0.0,0.0,0.4044,3,203.8729,921,918,157.8638,158.8638,918,734,144
8ebdb0b3-2c32-494c-b6b3-b6162684d288,2026-10-10T06:17:06.861797+00:00,716,forecast,B,EW,1,0,0,0,3,0,0.2022,1.0109,0.0,0.0,3,203.8729,921,918,157.8638,158.8638,918,734,144
8ebdb0b3-2c32-494c-b6b3-b6162684d288,2026-10-10T06:17:06.861797+00:00,716,forecast,C,NS,0,0,0,0,0,0,0.0,0.0,0.2022,0.0,3,203.8729,921,918,157.8638,158.8638,918,734,144
8ebdb0b3-2c32-494c-b6b3-b6162684d288,2026-10-10T06:17:06.861797+00:00,716,forecast,D,NS,0,0,0,0,0,0,0.0,0.2022,0.4044,0.0,3,203.8729,921,918,157.8638,158.8638,918,734,144
8ebdb0b3-2c32-494c-b6b3-b6162684d288,2026-10-10T06:17:07.899396+00:00,717,forecast,A,EW,0,0,0,0,0,0,0.0,0.0,0.0,0.4033,3,203.5927,921,918,157.8638,158.8638,918,734,144
8ebdb0b3-2c32-494c-b6b3-b6162684d288,2026-10-10T06:17:07.899396+00:00,717,forecast,B,EW,0,0,0,0,3,0,0.2017,1.0083,0.0,0.0,3,203.5927,921,918,157.8638,158.8638,918,734,144
8ebdb0b3-2c32-494c-b6b3-b6162684d288,2026-10-10T06:17:07.899396+00:00,717,forecast,C,NS,1,0,0,0,0,0,0.0,0.0,0.2017,0.0,3,203.5927,921,918,157.8638,158.8638,918,734,144
8ebdb0b3-2c32-494c-b6b3-b6162684d288,2026-10-10T06:17:07.899396+00:00,717,forecast,D,NS,1,0,0,0,0,0,0.0,0.2017,0.4033,0.0,3,203.5927,921,918,157.8638,158.8638,918,734,144
8ebdb0b3-2c32-494c-b6b3-b6162684d288,2026-10-10T06:17:08.850169+00:00,718,forecast,A,EW,1,0,0,0,0,0,0.0,0.0,0.0,0.3987,3,203.3134,921,918,157.8638,158.8638,918,734,144
8ebdb0b3-2c32-494c-b6b3-b6162684d288,2026-10-10T06:17:08.850169+00:00,718,forecast,B,EW,1,0,0,0,3,0,0.1993,0.9967,0.0,0.0,3,203.3134,921,918,157.8638,158.8638,918,734,144
8ebdb0b3-2c32-494c-b6b3-b6162684d288,2026-10-10T06:17:08.850169+00:00,718,forecast,C,NS,0,0,0,0,0,0,0.0,0.0,0.1993,0.0,3,203.3134,921,918,157.8638,158.8638,918,734,144
8ebdb0b3-2c32-494c-b6b3-b6162684d288,2026-10-10T06:17:08.850169+00:00,718,forecast,D,NS,0,0,0,0,0,0,0.0,0.1993,0.3987,0.0,3,203.3134,921,918,157.8638,158.8638,918,734,144
8ebdb0b3-2c32-494c-b6b3-b6162684d288,2026-10-10T06:17:09.862517+00:00,719,forecast,A,EW,0,0,0,0,0,0,0.0,0.0,0.0,0.3958,3,203.0348,921,918,157.8638,158.8638,918,734,144
8ebdb0b3-2c32-494c-b6b3-b6162684d288,2026-10-10T06:17:09.862517+00:00,719,forecast,B,EW,0,0,0,0,3,0,0.1979,0.9894,0.0,0.0,3,203.0348,921,918,157.8638,158.8638,918,734,144
8ebdb0b3-2c32-494c-b6b3-b6162684d288,2026-10-10T06:17:09.862517+00:00,719,forecast,C,NS,1,0,0,0,0,0,0.0,0.0,0.1979,0.0,3,203.0348,921,918,157.8638,158.8638,918,734,144
8ebdb0b3-2c32-494c-b6b3-b6162684d288,2026-10-10T06:17:09.862517+00:00,719,forecast,D,NS,1,0,0,0,0,0,0.0,0.1979,0.3958,0.0,3,203.0348,921,918,157.8638,158.8638,918,734,144
8ebdb0b3-2c32-494c-b6b3-b6162684d288,2026-10-10T06:17:10.834152+00:00,720,forecast,A,EW,1,0,0,0,0,0,0.0,0.0,0.0,0.3969,3,202.7569,921,918,157.8638,158.8638,918,734,144
8ebdb0b3-2c32-494c-b6b3-b6162684d288,2026-10-10T06:17:10.834152+00:00,720,forecast,B,EW,1,0,0,0,3,0,0.1985,0.9924,0.0,0.0,3,202.7569,921,918,157.8638,158.8638,918,734,144
8ebdb0b3-2c32-494c-b6b3-b6162684d288,2026-10-10T06:17:10.834152+00:00,720,forecast,C,NS,0,0,0,0,0,0,0.0,0.0,0.1985,0.0,3,202.7569,921,918,157.8638,158.8638,918,734,144
8ebdb0b3-2c32-494c-b6b3-b6162684d288,2026-10-10T06:17:10.834152+00:00,720,forecast,D,NS,0,0,0,0,0,0,0.0,0.1985,0.3969,0.0,3,202.7569,921,918,157.8638,158.8638,918,734,144
8ebdb0b3-2c32-494c-b6b3-b6162684d288,2026-10-10T06:17:11.858392+00:00,721,forecast,A,EW,0,0,0,0,0,0,0.0,0.0,0.0,0.3996,3,202.4799,921,918,157.8638,158.8638,918,734,144
8ebdb0b3-2c32-494c-b6b3-b6162684d288,2026-10-10T06:17:11.858392+00:00,721,forecast,B,EW,0,0,0,0,3,0,0.1998,0.9989,0.0,0.0,3,202.4799,921,918,157.8638,158.8638,918,734,144
8ebdb0b3-2c32-494c-b6b3-b6162684d288,2026-10-10T06:17:11.858392+00:00,721,forecast,C,NS,1,0,0,0,0,0,0.0,0.0,0.1998,0.0,3,202.4799,921,918,157.8638,158.8638,918,734,144
8ebdb0b3-2c32-494c-b6b3-b6162684d288,2026-10-10T06:17:11.858392+00:00,721,forecast,D,NS,1,0,0,0,0,0,0.0,0.1998,0.3996,0.0,3,202.4799,921,918,157.8638,158.8638,918,734,144
8ebdb0b3-2c32-494c-b6b3-b6162684d288,2026-10-10T06:17:12.827285+00:00,722,forecast,A,EW,1,0,0,0,0,0,0.0,0.0,0.0,0.403,3,202.2036,921,918,157.8638,158.8638,918,734,144
8ebdb0b3-2c32-494c-b6b3-b6162684d288,2026-10-10T06:17:12.827285+00:00,722,forecast,B,EW,2,0,0,0,3,0,0.2015,1.0076,0.0,0.0,3,202.2036,921,918,157.8638,158.8638,918,734,144
8ebdb0b3-2c32-494c-b6b3-b6162684d288,2026-10-10T06:17:12.827285+00:00,722,forecast,C,NS,0,0,0,0,0,0,0.0,0.0,0.2015,0.0,3,202.2036,921,918,157.8638,158.8638,918,734,144
8ebdb0b3-2c32-494c-b6b3-b6162684d288,2026-10-10T06:17:12.827285+00:00,722,forecast,D,NS,0,0,0,0,0,0,0.0,0.2015,0.403,0.0,3,202.2036,921,918,157.8638,158.8638,918,734,144
8ebdb0b3-2c32-494c-b6b3-b6162684d288,2026-10-10T06:17:13.892919+00:00,723,forecast,A,EW,0,0,0,0,0,0,0.0,0.0,0.0,0.4032,3,201.9281,921,918,157.8638,158.8638,918,734,144
8ebdb0b3-2c32-494c-b6b3-b6162684d288,2026-10-10T06:17:13.892919+00:00,723,forecast,B,EW,1,0,0,0,3,0,0.2016,1.008,0.0,0.0,3,201.9281,921,918,157.8638,158.8638,918,734,144
8ebdb0b3-2c32-494c-b6b3-b6162684d288,2026-10-10T06:17:13.892919+00:00,723,forecast,C,NS,1,0,0,0,0,0,0.0,0.0,0.2016,0.0,3,201.9281,921,918,157.8638,158.8638,918,734,144
8ebdb0b3-2c32-494c-b6b3-b6162684d288,2026-10-10T06:17:13.892919+00:00,723,forecast,D,NS,1,0,0,0,0,0,0.0,0.2016,0.4032,0.0,3,201.9281,921,918,157.8638,158.8638,918,734,144
8ebdb0b3-2c32-494c-b6b3-b6162684d288,2026-10-10T06:17:14.822816+00:00,724,forecast,A,EW,1,0,0,0,0,0,0.0,0.0,0.0,0.4021,3,201.6533,921,918,157.8638,158.8638,918,734,144
8ebdb0b3-2c32-494c-b6b3-b6162684d288,2026-10-10T06:17:14.822816+00:00,724,forecast,B,EW,0,0,0,0,3,0,0.2011,1.0053,0.0,0.0,3,201.6533,921,918,157.8638,158.8638,918,734,144
8ebdb0b3-2c32-494c-b6b3-b6162684d288,2026-10-10T06:17:14.822816+00:00,724,forecast,C,NS,0,0,0,0,0,0,0.0,0.0,0.2011,0.0,3,201.6533,921,918,157.8638,158.8638,918,734,144
8ebdb0b3-2c32-494c-b6b3-b6162684d288,2026-10-10T06:17:14.822816+00:00,724,forecast,D,NS,0,0,0,0,0,0,0.0,0.2011,0.4021,0.0,3,201.6533,921,918,157.8638,158.8638,918,734,144
8ebdb0b3-2c32-494c-b6b3-b6162684d288,2026-10-10T06:17:15.831746+00:00,725,forecast,A,EW,0,0,0,0,0,0,0.0,0.0,0.0,0.397,3,201.3793,921,918,157.8638,158.8638,918,734,144
8ebdb0b3-2c32-494c-b6b3-b6162684d288,2026-10-10T06:17:15.831746+00:00,725,forecast,B,EW,1,0,0,0,3,0,0.1985,0.9925,0.0,0.0,3,201.3793,921,918,157.8638,158.8638,918,734,144
8ebdb0b3-2c32-494c-b6b3-b6162684d288,2026-10-10T06:17:15.831746+00:00,725,forecast,C,NS,1,0,0,0,0,0,0.0,0.0,0.1985,0.0,3,201.3793,921,918,157.8638,158.8638,918,734,144
8ebdb0b3-2c32-494c-b6b3-b6162684d288,2026-10-10T06:17:15.831746+00:00,725,forecast,D,NS,1,0,0,0,0,0,0.0,0.1985,0.397,0.0,3,201.3793,921,918,157.8638,158.8638,918,734,144
8ebdb0b3-2c32-494c-b6b3-b6162684d288,2026-10-10T06:17:16.828314+00:00,726,forecast,A,EW,1,0,0,0,0,0,0.0,0.0,0.0,0.3956,3,201.1061,921,918,157.8638,158.8638,918,734,144
8ebdb0b3-2c32-494c-b6b3-b6162684d288,2026-10-10T06:17:16.828314+00:00,726,forecast,B,EW,0,0,0,0,3,0,0.1978,0.9891,0.0,0.0,3,201.1061,921,918,157.8638,158.8638,918,734,144
8ebdb0b3-2c32-494c-b6b3-b6162684d288,2026-10-10T06:17:16.828314+00:00,726,forecast,C,NS,0,0,0,0,0,0,0.0,0.0,0.1978,0.0,3,201.1061,921,918,157.8638,158.8638,918,734,144
8ebdb0b3-2c32-494c-b6b3-b6162684d288,2026-10-10T06:17:16.828314+00:00,726,forecast,D,NS,0,0,0,0,0,0,0.0,0.1978,0.3956,0.0,3,201.1061,921,918,157.8638,158.8638,918,734,144
8ebdb0b3-2c32-494c-b6b3-b6162684d288,2026-10-10T06:17:17.837507+00:00,727,forecast,A,EW,0,0,0,0,0,0,0.0,0.0,0.0,0.3987,3,200.8336,921,918,157.8638,158.8638,918,734,144
8ebdb0b3-2c32-494c-b6b3-b6162684d288,2026-10-10T06:17:17.837507+00:00,727,forecast,B,EW,1,0,0,0,3,0,0.1994,0.9968,0.0,0.0,3,200.8336,921,918,157.8638,158.8638,918,734,144
8ebdb0b3-2c32-494c-b6b3-b6162684d288,2026-10-10T06:17:17.837507+00:00,727,forecast,C,NS,1,0,0,0,0,0,0.0,0.0,0.1994,0.0,3,200.8336,921,918,157.8638,158.8638,918,734,144
8ebdb0b3-2c32-494c-b6b3-b6162684d288,2026-10-10T06:17:17.837507+00:00,727,forecast,D,NS,1,0,0,0,0,0,0.0,0.1994,0.3987,0.0,3,200.8336,921,918,157.8638,158.8638,918,734,144
8ebdb0b3-2c32-494c-b6b3-b6162684d288,2026-10-10T06:17:18.830373+00:00,728,forecast,A,EW,1,0,0,0,0,0,0.0,0.0,0.0,0.4022,3,200.5618,921,918,157.8638,158.8638,918,734,144
8ebdb0b3-2c32-494c-b6b3-b6162684d288,2026-10-10T06:17:18.830373+00:00,728,forecast,B,EW,0,0,0,0,3,0,0.2011,1.0056,0.0,0.0,3,200.5618,921,918,157.8638,158.8638,918,734,144
8ebdb0b3-2c32-494c-b6b3-b6162684d288,2026-10-10T06:17:18.830373+00:00,728,forecast,C,NS,0,0,0,0,0,0,0.0,0.0,0.2011,0.0,3,200.5618,921,918,157.8638,158.8638,918,734,144
8ebdb0b3-2c32-494c-b6b3-b6162684d288,2026-10-10T06:17:18.830373+00:00,728,forecast,D,NS,0,0,0,0,0,0,0.0,0.2011,0.4022,0.0,3,200.5618,921,918,157.8638,158.8638,918,734,144
8ebdb0b3-2c32-494c-b6b3-b6162684d288,2026-10-10T06:17:19.862383+00:00,729,forecast,A,EW,0,0,0,0,0,0,0.0,0.0,0.0,0.4033,3,200.2908,921,918,157.8638,158.8638,918,734,144
8ebdb0b3-2c32-494c-b6b3-b6162684d288,2026-10-10T06:17:19.862383+00:00,729,forecast,B,EW,2,0,0,0,3,0,0.2017,1.0083,0.0,0.0,3,200.2908,921,918,157.8638,158.8638,918,734,144
8ebdb0b3-2c32-494c-b6b3-b6162684d288,2026-10-10T06:17:19.862383+00:00,729,forecast,C,NS,1,0,0,0,0,0,0.0,0.0,0.2017,0.0,3,200.2908,921,918,157.8638,158.8638,918,734,144
8ebdb0b3-2c32-494c-b6b3-b6162684d288,2026-10-10T06:17:19.862383+00:00,729,forecast,D,NS,1,0,0,0,0,0,0.0,0.2017,0.4033,0.0,3,200.2908,921,918,157.8638,158.8638,918,734,144
8ebdb0b3-2c32-494c-b6b3-b6162684d288,2026-10-10T06:17:20.834876+00:00,730,forecast,A,EW,1,0,0,0,0,0,0.0,0.0,0.0,0.4003,3,200.0205,921,918,157.8638,158.8638,918,734,144
8ebdb0b3-2c32-494c-b6b3-b6162684d288,2026-10-10T06:17:20.834876+00:00,730,forecast,B,EW,1,0,0,0,3,0,0.2002,1.0008,0.0,0.0,3,200.0205,921,918,157.8638,158.8638,918,734,144
8ebdb0b3-2c32-494c-b6b3-b6162684d288,2026-10-10T06:17:20.834876+00:00,730,forecast,C,NS,0,0,0,0,0,0,0.0,0.0,0.2002,0.0,3,200.0205,921,918,157.8638,158.8638,918,734,144
8ebdb0b3-2c32-494c-b6b3-b6162684d288,2026-10-10T06:17:20.834876+00:00,730,forecast,D,NS,0,0,0,0,0,0,0.0,0.2002,0.4003,0.0,3,200.0205,921,918,157.8638,158.8638,918,734,144
8ebdb0b3-2c32-494c-b6b3-b6162684d288,2026-10-10T06:17:21.831070+00:00,731,forecast,A,EW,0,0,0,0,0,0,0.0,0.0,0.0,0.3998,3,199.751,921,918,157.8638,158.8638,918,734,144
8ebdb0b3-2c32-494c-b6b3-b6162684d288,2026-10-10T06:17:21.831070+00:00,731,forecast,B,EW,0,0,0,0,3,0,0.1999,0.9995,0.0,0.0,3,199.751,921,918,157.8638,158.8638,918,734,144
8ebdb0b3-2c32-494c-b6b3-b6162684d288,2026-10-10T06:17:21.831070+00:00,731,forecast,C,NS,1,0,0,0,0,0,0.0,0.0,0.1999,0.0,3,199.751,921,918,157.8638,158.8638,918,734,144
8ebdb0b3-2c32-494c-b6b3-b6162684d288,2026-10-10T06:17:21.831070+00:00,731,forecast,D,NS,1,0,0,0,0,0,0.0,0.1999,0.3998,0.0,3,199.751,921,918,157.8638,158.8638,918,734,144
8ebdb0b3-2c32-494c-b6b3-b6162684d288,2026-10-10T06:17:22.910255+00:00,732,forecast,A,EW,1,0,0,0,0,0,0.0,0.0,0.0,0.3963,3,199.4822,921,918,157.8638,158.8638,918,734,144
8ebdb0b3-2c32-494c-b6b3-b6162684d288,2026-10-10T06:17:22.910255+00:00,732,forecast,B,EW,1,0,0,0,3,0,0.1982,0.9908,0.0,0.0,3,199.4822,921,918,157.8638,158.8638,918,734,144
8ebdb0b3-2c32-494c-b6b3-b6162684d288,2026-10-10T06:17:22.910255+00:00,732,forecast,C,NS,0,0,0,0,0,0,0.0,0.0,0.1982,0.0,3,199.4822,921,918,157.8638,158.8638,918,734,144
8ebdb0b3-2c32-494c-b6b3-b6162684d288,2026-10-10T06:17:22.910255+00:00,732,forecast,D,NS,0,0,0,0,0,0,0.0,0.1982,0.3963,0.0,3,199.4822,921,918,157.8638,158.8638,918,734,144
8ebdb0b3-2c32-494c-b6b3-b6162684d288,2026-10-10T06:17:23.820251+00:00,733,forecast,A,EW,0,0,0,0,0,0,0.0,0.0,0.0,0.3984,3,199.2142,921,918,157.8638,158.8638,918,734,144
8ebdb0b3-2c32-494c-b6b3-b6162684d288,2026-10-10T06:17:23.820251+00:00,733,forecast,B,EW,0,0,0,0,3,0,0.1992,0.9959,0.0,0.0,3,199.2142,921,918,157.8638,158.8638,918,734,144
8ebdb0b3-2c32-494c-b6b3-b6162684d288,2026-10-10T06:17:23.820251+00:00,733,forecast,C,NS,1,0,0,0,0,0,0.0,0.0,0.1992,0.0,3,199.2142,921,918,157.8638,158.8638,918,734,144
8ebdb0b3-2c32-494c-b6b3-b6162684d288,2026-10-10T06:17:23.820251+00:00,733,forecast,D,NS,1,0,0,0,0,0,0.0,0.1992,0.3984,0.0,3,199.2142,921,918,157.8638,158.8638,918,734,144
8ebdb0b3-2c32-494c-b6b3-b6162684d288,2026-10-10T06:17:24.843501+00:00,734,forecast,A,EW,1,0,0,0,0,0,0.0,0.0,0.0,0.4009,3,198.9469,921,918,157.8638,158.8638,918,734,144
8ebdb0b3-2c32-494c-b6b3-b6162684d288,2026-10-10T06:17:24.843501+00:00,734,forecast,B,EW,2,0,0,0,3,0,0.2004,1.0022,0.0,0.0,3,198.9469,921,918,157.8638,158.8638,918,734,144
8ebdb0b3-2c32-494c-b6b3-b6162684d288,2026-10-10T06:17:24.843501+00:00,734,forecast,C,NS,0,0,0,0,0,0,0.0,0.0,0.2004,0.0,3,198.9469,921,918,157.8638,158.8638,918,734,144
8ebdb0b3-2c32-494c-b6b3-b6162684d288,2026-10-10T06:17:24.843501+00:00,734,forecast,D,NS,0,0,0,0,0,0,0.0,0.2004,0.4009,0.0,3,198.9469,921,918,157.8638,158.8638,918,734,144
8ebdb0b3-2c32-494c-b6b3-b6162684d288,2026-10-10T06:17:25.844635+00:00,735,forecast,A,EW,0,0,0,0,0,0,0.0,0.0,0.0,0.4033,3,198.6803,921,918,157.8638,158.8638,918,734,144
8ebdb0b3-2c32-494c-b6b3-b6162684d288,2026-10-10T06:17:25.844635+00:00,735,forecast,B,EW,1,0,0,0,3,0,0.2017,1.0083,0.0,0.0,3,198.6803,921,918,157.8638,158.8638,918,734,144
8ebdb0b3-2c32-494c-b6b3-b6162684d288,2026-10-10T06:17:25.844635+00:00,735,forecast,C,NS,1,0,0,0,0,0,0.0,0.0,0.2017,0.0,3,198.6803,921,918,157.8638,158.8638,918,734,144
8ebdb0b3-2c32-494c-b6b3-b6162684d288,2026-10-10T06:17:25.844635+00:00,735,forecast,D,NS,1,0,0,0,0,0,0.0,0.2017,0.4033,0.0,3,198.6803,921,918,157.8638,158.8638,918,734,144
8ebdb0b3-2c32-494c-b6b3-b6162684d288,2026-10-10T06:17:26.853494+00:00,736,forecast,A,EW,1,0,0,0,0,0,0.0,0.0,0.0,0.4016,3,198.4144,921,918,157.8638,158.8638,918,734,144
8ebdb0b3-2c32-494c-b6b3-b6162684d288,2026-10-10T06:17:26.853494+00:00,736,forecast,B,EW,0,0,0,0,3,0,0.2008,1.004,0.0,0.0,3,198.4144,921,918,157.8638,158.8638,918,734,144
8ebdb0b3-2c32-494c-b6b3-b6162684d288,2026-10-10T06:17:26.853494+00:00,736,forecast,C,NS,0,0,0,0,0,0,0.0,0.0,0.2008,0.0,3,198.4144,921,918,157.8638,158.8638,918,734,144
8ebdb0b3-2c32-494c-b6b3-b6162684d288,2026-10-10T06:17:26.853494+00:00,736,forecast,D,NS,0,0,0,0,0,0,0.0,0.2008,0.4016,0.0,3,198.4144,921,918,157.8638,158.8638,918,734,144
8ebdb0b3-2c32-494c-b6b3-b6162684d288,2026-10-10T06:17:27.852583+00:00,737,forecast,A,EW,0,0,0,0,0,0,0.0,0.0,0.0,0.4009,3,198.1493,921,918,157.8638,158.8638,918,734,144
8ebdb0b3-2c32-494c-b6b3-b6162684d288,2026-10-10T06:17:27.852583+00:00,737,forecast,B,EW,2,0,0,0,3,0,0.2004,1.0022,0.0,0.0,3,198.1493,921,918,157.8638,158.8638,918,734,144
8ebdb0b3-2c32-494c-b6b3-b6162684d288,2026-10-10T06:17:27.852583+00:00,737,forecast,C,NS,1,0,0,0,0,0,0.0,0.0,0.2004,0.0,3,198.1493,921,918,157.8638,158.8638,918,734,144
8ebdb0b3-2c32-494c-b6b3-b6162684d288,2026-10-10T06:17:27.852583+00:00,737,forecast,D,NS,1,0,0,0,0,0,0.0,0.2004,0.4009,0.0,3,198.1493,921,918,157.8638,158.8638,918,734,144
8ebdb0b3-2c32-494c-b6b3-b6162684d288,2026-10-10T06:17:28.870104+00:00,738,forecast,A,EW,1,0,0,0,0,0,0.0,0.0,0.0,0.3974,3,197.8848,921,918,157.8638,158.8638,918,734,144
8ebdb0b3-2c32-494c-b6b3-b6162684d288,2026-10-10T06:17:28.870104+00:00,738,forecast,B,EW,1,0,0,0,3,0,0.1987,0.9936,0.0,0.0,3,197.8848,921,918,157.8638,158.8638,918,734,144
8ebdb0b3-2c32-494c-b6b3-b6162684d288,2026-10-10T06:17:28.870104+00:00,738,forecast,C,NS,0,0,0,0,0,0,0.0,0.0,0.1987,0.0,3,197.8848,921,918,157.8638,158.8638,918,734,144
8ebdb0b3-2c32-494c-b6b3-b6162684d288,2026-10-10T06:17:28.870104+00:00,738,forecast,D,NS,0,0,0,0,0,0,0.0,0.1987,0.3974,0.0,3,197.8848,921,918,157.8638,158.8638,918,734,144
8ebdb0b3-2c32-494c-b6b3-b6162684d288,2026-10-10T06:17:29.835054+00:00,739,forecast,A,EW,0,0,0,0,0,0,0.0,0.0,0.0,0.3963,3,197.6211,921,918,157.8638,158.8638,918,734,144
8ebdb0b3-2c32-494c-b6b3-b6162684d288,2026-10-10T06:17:29.835054+00:00,739,forecast,B,EW,0,0,0,0,3,0,0.1981,0.9907,0.0,0.0,3,197.6211,921,918,157.8638,158.8638,918,734,144
8ebdb0b3-2c32-494c-b6b3-b6162684d288,2026-10-10T06:17:29.835054+00:00,739,forecast,C,NS,1,0,0,0,0,0,0.0,0.0,0.1981,0.0,3,197.6211,921,918,157.8638,158.8638,918,734,144
8ebdb0b3-2c32-494c-b6b3-b6162684d288,2026-10-10T06:17:29.835054+00:00,739,forecast,D,NS,1,0,0,0,0,0,0.0,0.1981,0.3963,0.0,3,197.6211,921,918,157.8638,158.8638,918,734,144
8ebdb0b3-2c32-494c-b6b3-b6162684d288,2026-10-10T06:17:30.838547+00:00,740,forecast,A,EW,1,0,0,0,0,0,0.0,0.0,0.0,0.3999,3,197.3581,921,918,157.8638,158.8638,918,734,144
8ebdb0b3-2c32-494c-b6b3-b6162684d288,2026-10-10T06:17:30.838547+00:00,740,forecast,B,EW,1,0,0,0,3,0,0.1999,0.9997,0.0,0.0,3,197.3581,921,918,157.8638,158.8638,918,734,144
8ebdb0b3-2c32-494c-b6b3-b6162684d288,2026-10-10T06:17:30.838547+00:00,740,forecast,C,NS,0,0,0,0,0,0,0.0,0.0,0.1999,0.0,3,197.3581,921,918,157.8638,158.8638,918,734,144
8ebdb0b3-2c32-494c-b6b3-b6162684d288,2026-10-10T06:17:30.838547+00:00,740,forecast,D,NS,0,0,0,0,0,0,0.0,0.1999,0.3999,0.0,3,197.3581,921,918,157.8638,158.8638,918,734,144
8ebdb0b3-2c32-494c-b6b3-b6162684d288,2026-10-10T06:17:31.925891+00:00,741,forecast,A,EW,0,0,0,0,0,0,0.0,0.0,0.0,0.4035,3,197.0958,921,918,157.8638,158.8638,918,734,144
8ebdb0b3-2c32-494c-b6b3-b6162684d288,2026-10-10T06:17:31.925891+00:00,741,forecast,B,EW,0,0,0,0,3,0,0.2018,1.0088,0.0,0.0,3,197.0958,921,918,157.8638,158.8638,918,734,144
8ebdb0b3-2c32-494c-b6b3-b6162684d288,2026-10-10T06:17:31.925891+00:00,741,forecast,C,NS,1,0,0,0,0,0,0.0,0.0,0.2018,0.0,3,197.0958,921,918,157.8638,158.8638,918,734,144
8ebdb0b3-2c32-494c-b6b3-b6162684d288,2026-10-10T06:17:31.925891+00:00,741,forecast,D,NS,1,0,0,0,0,0,0.0,0.2018,0.4035,0.0,3,197.0958,921,918,157.8638,158.8638,918,734,144
8ebdb0b3-2c32-494c-b6b3-b6162684d288,2026-10-10T06:17:32.831980+00:00,742,forecast,A,EW,1,0,0,0,0,0,0.0,0.0,0.0,0.4035,3,196.8342,921,918,157.8638,158.8638,918,734,144
8ebdb0b3-2c32-494c-b6b3-b6162684d288,2026-10-10T06:17:32.831980+00:00,742,forecast,B,EW,2,0,0,0,3,0,0.2018,1.0088,0.0,0.0,3,196.8342,921,918,157.8638,158.8638,918,734,144
8ebdb0b3-2c32-494c-b6b3-b6162684d288,2026-10-10T06:17:32.831980+00:00,742,forecast,C,NS,0,0,0,0,0,0,0.0,0.0,0.2018,0.0,3,196.8342,921,918,157.8638,158.8638,918,734,144
8ebdb0b3-2c32-494c-b6b3-b6162684d288,2026-10-10T06:17:32.831980+00:00,742,forecast,D,NS,0,0,0,0,0,0,0.0,0.2018,0.4035,0.0,3,196.8342,921,918,157.8638,158.8638,918,734,144
8ebdb0b3-2c32-494c-b6b3-b6162684d288,2026-10-10T06:17:33.854490+00:00,743,forecast,A,EW,0,0,0,0,0,0,0.0,0.0,0.0,0.4007,3,196.5734,921,918,157.8638,158.8638,918,734,144
8ebdb0b3-2c32-494c-b6b3-b6162684d288,2026-10-10T06:17:33.854490+00:00,743,forecast,B,EW,1,0,0,0,3,0,0.2003,1.0017,0.0,0.0,3,196.5734,921,918,157.8638,158.8638,918,734,144
8ebdb0b3-2c32-494c-b6b3-b6162684d288,2026-10-10T06:17:33.854490+00:00,743,forecast,C,NS,1,0,0,0,0,0,0.0,0.0,0.2003,0.0,3,196.5734,921,918,157.8638,158.8638,918,734,144
8ebdb0b3-2c32-494c-b6b3-b6162684d288,2026-10-10T06:17:33.854490+00:00,743,forecast,D,NS,1,0,0,0,0,0,0.0,0.2003,0.4007,0.0,3,196.5734,921,918,157.8638,158.8638,918,734,144
8ebdb0b3-2c32-494c-b6b3-b6162684d288,2026-10-10T06:17:34.825403+00:00,744,forecast,A,EW,1,0,0,0,0,0,0.0,0.0,0.0,0.3972,3,196.3132,921,918,157.8638,158.8638,918,734,144
8ebdb0b3-2c32-494c-b6b3-b6162684d288,2026-10-10T06:17:34.825403+00:00,744,forecast,B,EW,0,0,0,0,3,0,0.1986,0.993,0.0,0.0,3,196.3132,921,918,157.8638,158.8638,918,734,144
8ebdb0b3-2c32-494c-b6b3-b6162684d288,2026-10-10T06:17:34.825403+00:00,744,forecast,C,NS,0,0,0,0,0,0,0.0,0.0,0.1986,0.0,3,196.3132,921,918,157.8638,158.8638,918,734,144
8ebdb0b3-2c32-494c-b6b3-b6162684d288,2026-10-10T06:17:34.825403+00:00,744,forecast,D,NS,0,0,0,0,0,0,0.0,0.1986,0.3972,0.0,3,196.3132,921,918,157.8638,158.8638,918,734,144
8ebdb0b3-2c32-494c-b6b3-b6162684d288,2026-10-10T06:17:35.839012+00:00,745,forecast,A,EW,0,0,0,0,0,0,0.0,0.0,0.0,0.3957,3,196.0537,921,918,157.8638,158.8638,918,734,144
8ebdb0b3-2c32-494c-b6b3-b6162684d288,2026-10-10T06:17:35.839012+00:00,745,forecast,B,EW,1,0,0,0,3,0,0.1979,0.9893,0.0,0.0,3,196.0537,921,918,157.8638,158.8638,918,734,144
8ebdb0b3-2c32-494c-b6b3-b6162684d288,2026-10-10T06:17:35.839012+00:00,745,forecast,C,NS,1,0,0,0,0,0,0.0,0.0,0.1979,0.0,3,196.0537,921,918,157.8638,158.8638,918,734,144
8ebdb0b3-2c32-494c-b6b3-b6162684d288,2026-10-10T06:17:35.839012+00:00,745,forecast,D,NS,1,0,0,0,0,0,0.0,0.1979,0.3957,0.0,3,196.0537,921,918,157.8638,158.8638,918,734,144
8ebdb0b3-2c32-494c-b6b3-b6162684d288,2026-10-10T06:17:36.830737+00:00,746,forecast,A,EW,1,0,0,0,0,0,0.0,0.0,0.0,0.3991,3,195.7949,921,918,157.8638,158.8638,918,734,144
8ebdb0b3-2c32-494c-b6b3-b6162684d288,2026-10-10T06:17:36.830737+00:00,746,forecast,B,EW,0,0,0,0,3,0,0.1996,0.9978,0.0,0.0,3,195.7949,921,918,157.8638,158.8638,918,734,144
8ebdb0b3-2c32-494c-b6b3-b6162684d288,2026-10-10T06:17:36.830737+00:00,746,forecast,C,NS,0,0,0,0,0,0,0.0,0.0,0.1996,0.0,3,195.7949,921,918,157.8638,158.8638,918,734,144
8ebdb0b3-2c32-494c-b6b3-b6162684d288,2026-10-10T06:17:36.830737+00:00,746,forecast,D,NS,0,0,0,0,0,0,0.0,0.1996,0.3991,0.0,3,195.7949,921,918,157.8638,158.8638,918,734,144
8ebdb0b3-2c32-494c-b6b3-b6162684d288,2026-10-10T06:17:37.826054+00:00,747,forecast,A,EW,0,0,0,0,0,0,0.0,0.0,0.0,0.4023,3,195.5368,921,918,157.8638,158.8638,918,734,144
8ebdb0b3-2c32-494c-b6b3-b6162684d288,2026-10-10T06:17:37.826054+00:00,747,forecast,B,EW,2,0,0,0,3,0,0.2011,1.0057,0.0,0.0,3,195.5368,921,918,157.8638,158.8638,918,734,144
8ebdb0b3-2c32-494c-b6b3-b6162684d288,2026-10-10T06:17:37.826054+00:00,747,forecast,C,NS,1,0,0,0,0,0,0.0,0.0,0.2011,0.0,3,195.5368,921,918,157.8638,158.8638,918,734,144
8ebdb0b3-2c32-494c-b6b3-b6162684d288,2026-10-10T06:17:37.826054+00:00,747,forecast,D,NS,1,0,0,0,0,0,0.0,0.2011,0.4023,0.0,3,195.5368,921,918,157.8638,158.8638,918,734,144
8ebdb0b3-2c32-494c-b6b3-b6162684d288,2026-10-10T06:17:38.828381+00:00,748,forecast,A,EW,1,0,0,0,0,0,0.0,0.0,0.0,0.4042,3,195.2794,921,918,157.8638,158.8638,918,734,144
8ebdb0b3-2c32-494c-b6b3-b6162684d288,2026-10-10T06:17:38.828381+00:00,748,forecast,B,EW,1,0,0,0,3,0,0.2021,1.0104,0.0,0.0,3,195.2794,921,918,157.8638,158.8638,918,734,144
8ebdb0b3-2c32-494c-b6b3-b6162684d288,2026-10-10T06:17:38.828381+00:00,748,forecast,C,NS,0,0,0,0,0,0,0.0,0.0,0.2021,0.0,3,195.2794,921,918,157.8638,158.8638,918,734,144
8ebdb0b3-2c32-494c-b6b3-b6162684d288,2026-10-10T06:17:38.828381+00:00,748,forecast,D,NS,0,0,0,0,0,0,0.0,0.2021,0.4042,0.0,3,195.2794,921,918,157.8638,158.8638,918,734,144
8ebdb0b3-2c32-494c-b6b3-b6162684d288,2026-10-10T06:17:39.850183+00:00,749,forecast,A,EW,0,0,0,0,0,0,0.0,0.0,0.0,0.4026,3,195.0227,921,918,157.8638,158.8638,918,734,144
8ebdb0b3-2c32-494c-b6b3-b6162684d288,2026-10-10T06:17:39.850183+00:00,749,forecast,B,EW,0,0,0,0,3,0,0.2013,1.0065,0.0,0.0,3,195.0227,921,918,157.8638,158.8638,918,734,144
8ebdb0b3-2c32-494c-b6b3-b6162684d288,2026-10-10T06:17:39.850183+00:00,749,forecast,C,NS,1,0,0,0,0,0,0.0,0.0,0.2013,0.0,3,195.0227,921,918,157.8638,158.8638,918,734,144
8ebdb0b3-2c32-494c-b6b3-b6162684d288,2026-10-10T06:17:39.850183+00:00,749,forecast,D,NS,1,0,0,0,0,0,0.0,0.2013,0.4026,0.0,3,195.0227,921,918,157.8638,158.8638,918,734,144
8ebdb0b3-2c32-494c-b6b3-b6162684d288,2026-10-10T06:17:40.844563+00:00,750,forecast,A,EW,1,0,0,0,0,0,0.0,0.0,0.0,0.3988,3,194.7667,921,918,157.8638,158.8638,918,734,144
8ebdb0b3-2c32-494c-b6b3-b6162684d288,2026-10-10T06:17:40.844563+00:00,750,forecast,B,EW,1,0,0,0,3,0,0.1994,0.9969,0.0,0.0,3,194.7667,921,918,157.8638,158.8638,918,734,144
8ebdb0b3-2c32-494c-b6b3-b6162684d288,2026-10-10T06:17:40.844563+00:00,750,forecast,C,NS,0,0,0,0,0,0,0.0,0.0,0.1994,0.0,3,194.7667,921,918,157.8638,158.8638,918,734,144
8ebdb0b3-2c32-494c-b6b3-b6162684d288,2026-10-10T06:17:40.844563+00:00,750,forecast,D,NS,0,0,0,0,0,0,0.0,0.1994,0.3988,0.0,3,194.7667,921,918,157.8638,158.8638,918,734,144
8ebdb0b3-2c32-494c-b6b3-b6162684d288,2026-10-10T06:17:41.825767+00:00,751,forecast,A,EW,0,0,0,0,0,0,0.0,0.0,0.0,0.3953,3,194.5113,921,918,157.8638,158.8638,918,734,144
8ebdb0b3-2c32-494c-b6b3-b6162684d288,2026-10-10T06:17:41.825767+00:00,751,forecast,B,EW,0,0,0,0,3,0,0.1977,0.9883,0.0,0.0,3,194.5113,921,918,157.8638,158.8638,918,734,144
8ebdb0b3-2c32-494c-b6b3-b6162684d288,2026-10-10T06:17:41.825767+00:00,751,forecast,C,NS,1,0,0,0,0,0,0.0,0.0,0.1977,0.0,3,194.5113,921,918,157.8638,158.8638,918,734,144
8ebdb0b3-2c32-494c-b6b3-b6162684d288,2026-10-10T06:17:41.825767+00:00,751,forecast,D,NS,1,0,0,0,0,0,0.0,0.1977,0.3953,0.0,3,194.5113,921,918,157.8638,158.8638,918,734,144
8ebdb0b3-2c32-494c-b6b3-b6162684d288,2026-10-10T06:17:42.849425+00:00,752,forecast,A,EW,1,0,0,0,0,0,0.0,0.0,0.0,0.3969,3,194.2566,921,918,157.8638,158.8638,918,734,144
8ebdb0b3-2c32-494c-b6b3-b6162684d288,2026-10-10T06:17:42.849425+00:00,752,forecast,B,EW,1,0,0,0,3,0,0.1985,0.9923,0.0,0.0,3,194.2566,921,918,157.8638,158.8638,918,734,144
8ebdb0b3-2c32-494c-b6b3-b6162684d288,2026-10-10T06:17:42.849425+00:00,752,forecast,C,NS,0,0,0,0,0,0,0.0,0.0,0.1985,0.0,3,194.2566,921,918,157.8638,158.8638,918,734,144
8ebdb0b3-2c32-494c-b6b3-b6162684d288,2026-10-10T06:17:42.849425+00:00,752,forecast,D,NS,0,0,0,0,0,0,0.0,0.1985,0.3969,0.0,3,194.2566,921,918,157.8638,158.8638,918,734,144
8ebdb0b3-2c32-494c-b6b3-b6162684d288,2026-10-10T06:17:43.825685+00:00,753,forecast,A,EW,0,0,0,0,0,0,0.0,0.0,0.0,0.4009,3,194.0027,921,918,157.8638,158.8638,918,734,144
8ebdb0b3-2c32-494c-b6b3-b6162684d288,2026-10-10T06:17:43.825685+00:00,753,forecast,B,EW,0,0,0,0,3,0,0.2005,1.0024,0.0,0.0,3,194.0027,921,918,157.8638,158.8638,918,734,144
8ebdb0b3-2c32-494c-b6b3-b6162684d288,2026-10-10T06:17:43.825685+00:00,753,forecast,C,NS,1,0,0,0,0,0,0.0,0.0,0.2005,0.0,3,194.0027,921,918,157.8638,158.8638,918,734,144
8ebdb0b3-2c32-494c-b6b3-b6162684d288,2026-10-10T06:17:43.825685+00:00,753,forecast,D,NS,1,0,0,0,0,0,0.0,0.2005,0.4009,0.0,3,194.0027,921,918,157.8638,158.8638,918,734,144
8ebdb0b3-2c32-494c-b6b3-b6162684d288,2026-10-10T06:17:44.834665+00:00,754,forecast,A,EW,1,0,0,0,0,0,0.0,0.0,0.0,0.4047,3,193.7493,921,918,157.8638,158.8638,918,734,144
8ebdb0b3-2c32-494c-b6b3-b6162684d288,2026-10-10T06:17:44.834665+00:00,754,forecast,B,EW,2,0,0,0,3,0,0.2023,1.0117,0.0,0.0,3,193.7493,921,918,157.8638,158.8638,918,734,144
8ebdb0b3-2c32-494c-b6b3-b6162684d288,2026-10-10T06:17:44.834665+00:00,754,forecast,C,NS,0,0,0,0,0,0,0.0,0.0,0.2023,0.0,3,193.7493,921,918,157.8638,158.8638,918,734,144
8ebdb0b3-2c32-494c-b6b3-b6162684d288,2026-10-10T06:17:44.834665+00:00,754,forecast,D,NS,0,0,0,0,0,0,0.0,0.2023,0.4047,0.0,3,193.7493,921,918,157.8638,158.8638,918,734,144
8ebdb0b3-2c32-494c-b6b3-b6162684d288,2026-10-10T06:17:45.849454+00:00,755,forecast,A,EW,0,0,0,0,0,0,0.0,0.0,0.0,0.4023,3,193.4967,921,918,157.8638,158.8638,918,734,144
8ebdb0b3-2c32-494c-b6b3-b6162684d288,2026-10-10T06:17:45.849454+00:00,755,forecast,B,EW,1,0,0,0,3,0,0.2011,1.0057,0.0,0.0,3,193.4967,921,918,157.8638,158.8638,918,734,144
8ebdb0b3-2c32-494c-b6b3-b6162684d288,2026-10-10T06:17:45.849454+00:00,755,forecast,C,NS,1,0,0,0,0,0,0.0,0.0,0.2011,0.0,3,193.4967,921,918,157.8638,158.8638,918,734,144
8ebdb0b3-2c32-494c-b6b3-b6162684d288,2026-10-10T06:17:45.849454+00:00,755,forecast,D,NS,1,0,0,0,0,0,0.0,0.2011,0.4023,0.0,3,193.4967,921,918,157.8638,158.8638,918,734,144
8ebdb0b3-2c32-494c-b6b3-b6162684d288,2026-10-10T06:17:46.825969+00:00,756,forecast,A,EW,1,0,0,0,0,0,0.0,0.0,0.0,0.4003,3,193.2447,921,918,157.8638,158.8638,918,734,144
8ebdb0b3-2c32-494c-b6b3-b6162684d288,2026-10-10T06:17:46.825969+00:00,756,forecast,B,EW,0,0,0,0,3,0,0.2002,1.0008,0.0,0.0,3,193.2447,921,918,157.8638,158.8638,918,734,144
8ebdb0b3-2c32-494c-b6b3-b6162684d288,2026-10-10T06:17:46.825969+00:00,756,forecast,C,NS,0,0,0,0,0,0,0.0,0.0,0.2002,0.0,3,193.2447,921,918,157.8638,158.8638,918,734,144
8ebdb0b3-2c32-494c-b6b3-b6162684d288,2026-10-10T06:17:46.825969+00:00,756,forecast,D,NS,0,0,0,0,0,0,0.0,0.2002,0.4003,0.0,3,193.2447,921,918,157.8638,158.8638,918,734,144
8ebdb0b3-2c32-494c-b6b3-b6162684d288,2026-10-10T06:17:47.825540+00:00,757,forecast,A,EW,0,0,0,0,0,0,0.0,0.0,0.0,0.3961,3,192.9934,921,918,157.8638,158.8638,918,734,144
8ebdb0b3-2c32-494c-b6b3-b6162684d288,2026-10-10T06:17:47.825540+00:00,757,forecast,B,EW,1,0,0,0,3,0,0.198,0.9902,0.0,0.0,3,192.9934,921,918,157.8638,158.8638,918,734,144
8ebdb0b3-2c32-494c-b6b3-b6162684d288,2026-10-10T06:17:47.825540+00:00,757,forecast,C,NS,1,0,0,0,0,0,0.0,0.0,0.198,0.0,3,192.9934,921,918,157.8638,158.8638,918,734,144
8ebdb0b3-2c32-494c-b6b3-b6162684d288,2026-10-10T06:17:47.825540+00:00,757,forecast,D,NS,1,0,0,0,0,0,0.0,0.198,0.3961,0.0,3,192.9934,921,918,157.8638,158.8638,918,734,144
8ebdb0b3-2c32-494c-b6b3-b6162684d288,2026-10-10T06:17:48.829819+00:00,758,forecast,A,EW,1,0,0,0,0,0,0.0,0.0,0.0,0.3963,3,192.7427,921,918,157.8638,158.8638,918,734,144
8ebdb0b3-2c32-494c-b6b3-b6162684d288,2026-10-10T06:17:48.829819+00:00,758,forecast,B,EW,0,0,0,0,3,0,0.1982,0.9908,0.0,0.0,3,192.7427,921,918,157.8638,158.8638,918,734,144
8ebdb0b3-2c32-494c-b6b3-b6162684d288,2026-10-10T06:17:48.829819+00:00,758,forecast,C,NS,0,0,0,0,0,0,0.0,0.0,0.1982,0.0,3,192.7427,921,918,157.8638,158.8638,918,734,144
8ebdb0b3-2c32-494c-b6b3-b6162684d288,2026-10-10T06:17:48.829819+00:00,758,forecast,D,NS,0,0,0,0,0,0,0.0,0.1982,0.3963,0.0,3,192.7427,921,918,157.8638,158.8638,918,734,144
8ebdb0b3-2c32-494c-b6b3-b6162684d288,2026-10-10T06:17:49.828489+00:00,759,forecast,A,EW,0,0,0,0,0,0,0.0,0.0,0.0,0.3994,3,192.4928,921,918,157.8638,158.8638,918,734,144
8ebdb0b3-2c32-494c-b6b3-b6162684d288,2026-10-10T06:17:49.828489+00:00,759,forecast,B,EW,1,0,0,0,3,0,0.1997,0.9985,0.0,0.0,3,192.4928,921,918,157.8638,158.8638,918,734,144
8ebdb0b3-2c32-494c-b6b3-b6162684d288,2026-10-10T06:17:49.828489+00:00,759,forecast,C,NS,1,0,0,0,0,0,0.0,0.0,0.1997,0.0,3,192.4928,921,918,157.8638,158.8638,918,734,144
8ebdb0b3-2c32-494c-b6b3-b6162684d288,2026-10-10T06:17:49.828489+00:00,759,forecast,D,NS,1,0,0,0,0,0,0.0,0.1997,0.3994,0.0,3,192.4928,921,918,157.8638,158.8638,918,734,144
8ebdb0b3-2c32-494c-b6b3-b6162684d288,2026-10-10T06:17:50.898737+00:00,760,forecast,A,EW,1,0,0,0,0,0,0.0,0.0,0.0,0.403,3,192.2434,921,918,157.8638,158.8638,918,734,144
8ebdb0b3-2c32-494c-b6b3-b6162684d288,2026-10-10T06:17:50.898737+00:00,760,forecast,B,EW,0,0,0,0,3,0,0.2015,1.0076,0.0,0.0,3,192.2434,921,918,157.8638,158.8638,918,734,144
8ebdb0b3-2c32-494c-b6b3-b6162684d288,2026-10-10T06:17:50.898737+00:00,760,forecast,C,NS,0,0,0,0,0,0,0.0,0.0,0.2015,0.0,3,192.2434,921,918,157.8638,158.8638,918,734,144
8ebdb0b3-2c32-494c-b6b3-b6162684d288,2026-10-10T06:17:50.898737+00:00,760,forecast,D,NS,0,0,0,0,0,0,0.0,0.2015,0.403,0.0,3,192.2434,921,918,157.8638,158.8638,918,734,144
8ebdb0b3-2c32-494c-b6b3-b6162684d288,2026-10-10T06:17:51.828172+00:00,761,forecast,A,EW,0,0,0,0,0,0,0.0,0.0,0.0,0.4036,3,191.9947,921,918,157.8638,158.8638,918,734,144
8ebdb0b3-2c32-494c-b6b3-b6162684d288,2026-10-10T06:17:51.828172+00:00,761,forecast,B,EW,2,0,0,0,3,0,0.2018,1.0091,0.0,0.0,3,191.9947,921,918,157.8638,158.8638,918,734,144
8ebdb0b3-2c32-494c-b6b3-b6162684d288,2026-10-10T06:17:51.828172+00:00,761,forecast,C,NS,1,0,0,0,0,0,0.0,0.0,0.2018,0.0,3,191.9947,921,918,157.8638,158.8638,918,734,144
8ebdb0b3-2c32-494c-b6b3-b6162684d288,2026-10-10T06:17:51.828172+00:00,761,forecast,D,NS,1,0,0,0,0,0,0.0,0.2018,0.4036,0.0,3,191.9947,921,918,157.8638,158.8638,918,734,144
8ebdb0b3-2c32-494c-b6b3-b6162684d288,2026-10-10T06:17:52.827639+00:00,762,forecast,A,EW,1,0,0,0,0,0,0.0,0.0,0.0,0.4023,3,191.7467,921,918,157.8638,158.8638,918,734,144
8ebdb0b3-2c32-494c-b6b3-b6162684d288,2026-10-10T06:17:52.827639+00:00,762,forecast,B,EW,1,0,0,0,3,0,0.2012,1.0058,0.0,0.0,3,191.7467,921,918,157.8638,158.8638,918,734,144
8ebdb0b3-2c32-494c-b6b3-b6162684d288,2026-10-10T06:17:52.827639+00:00,762,forecast,C,NS,0,0,0,0,0,0,0.0,0.0,0.2012,0.0,3,191.7467,921,918,157.8638,158.8638,918,734,144
8ebdb0b3-2c32-494c-b6b3-b6162684d288,2026-10-10T06:17:52.827639+00:00,762,forecast,D,NS,0,0,0,0,0,0,0.0,0.2012,0.4023,0.0,3,191.7467,921,918,157.8638,158.8638,918,734,144
8ebdb0b3-2c32-494c-b6b3-b6162684d288,2026-10-10T06:17:53.860168+00:00,763,forecast,A,EW,0,0,0,0,0,0,0.0,0.0,0.0,0.3976,3,191.4993,921,918,157.8638,158.8638,918,734,144
8ebdb0b3-2c32-494c-b6b3-b6162684d288,2026-10-10T06:17:53.860168+00:00,763,forecast,B,EW,0,0,0,0,3,0,0.1988,0.9939,0.0,0.0,3,191.4993,921,918,157.8638,158.8638,918,734,144
8ebdb0b3-2c32-494c-b6b3-b6162684d288,2026-10-10T06:17:53.860168+00:00,763,forecast,C,NS,1,0,0,0,0,0,0.0,0.0,0.1988,0.0,3,191.4993,921,918,157.8638,158.8638,918,734,144
8ebdb0b3-2c32-494c-b6b3-b6162684d288,2026-10-10T06:17:53.860168+00:00,763,forecast,D,NS,1,0,0,0,0,0,0.0,0.1988,0.3976,0.0,3,191.4993,921,918,157.8638,158.8638,918,734,144
8ebdb0b3-2c32-494c-b6b3-b6162684d288,2026-10-10T06:17:54.820540+00:00,764,forecast,A,EW,1,0,0,0,0,0,0.0,0.0,0.0,0.3962,3,191.2526,921,918,157.8638,158.8638,918,734,144
8ebdb0b3-2c32-494c-b6b3-b6162684d288,2026-10-10T06:17:54.820540+00:00,764,forecast,B,EW,1,0,0,0,3,0,0.1981,0.9906,0.0,0.0,3,191.2526,921,918,157.8638,158.8638,918,734,144
8ebdb0b3-2c32-494c-b6b3-b6162684d288,2026-10-10T06:17:54.820540+00:00,764,forecast,C,NS,0,0,0,0,0,0,0.0,0.0,0.1981,0.0,3,191.2526,921,918,157.8638,158.8638,918,734,144
8ebdb0b3-2c32-494c-b6b3-b6162684d288,2026-10-10T06:17:54.820540+00:00,764,forecast,D,NS,0,0,0,0,0,0,0.0,0.1981,0.3962,0.0,3,191.2526,921,918,157.8638,158.8638,918,734,144
8ebdb0b3-2c32-494c-b6b3-b6162684d288,2026-10-10T06:17:55.851186+00:00,765,forecast,A,EW,0,0,0,0,0,0,0.0,0.0,0.0,0.3974,3,191.0065,921,918,157.8638,158.8638,918,734,144
8ebdb0b3-2c32-494c-b6b3-b6162684d288,2026-10-10T06:17:55.851186+00:00,765,forecast,B,EW,0,0,0,0,3,0,0.1987,0.9935,0.0,0.0,3,191.0065,921,918,157.8638,158.8638,918,734,144
8ebdb0b3-2c32-494c-b6b3-b6162684d288,2026-10-10T06:17:55.851186+00:00,765,forecast,C,NS,1,0,0,0,0,0,0.0,0.0,0.1987,0.0,3,191.0065,921,918,157.8638,158.8638,918,734,144
8ebdb0b3-2c32-494c-b6b3-b6162684d288,2026-10-10T06:17:55.851186+00:00,765,forecast,D,NS,1,0,0,0,0,0,0.0,0.1987,0.3974,0.0,3,191.0065,921,918,157.8638,158.8638,918,734,144
8ebdb0b3-2c32-494c-b6b3-b6162684d288,2026-10-10T06:17:56.830428+00:00,766,forecast,A,EW,1,0,0,0,0,0,0.0,0.0,0.0,0.402,3,190.7611,921,918,157.8638,158.8638,918,734,144
8ebdb0b3-2c32-494c-b6b3-b6162684d288,2026-10-10T06:17:56.830428+00:00,766,forecast,B,EW,2,0,0,0,3,0,0.201,1.0049,0.0,0.0,3,190.7611,921,918,157.8638,158.8638,918,734,144
8ebdb0b3-2c32-494c-b6b3-b6162684d288,2026-10-10T06:17:56.830428+00:00,766,forecast,C,NS,0,0,0,0,0,0,0.0,0.0,0.201,0.0,3,190.7611,921,918,157.8638,158.8638,918,734,144
8ebdb0b3-2c32-494c-b6b3-b6162684d288,2026-10-10T06:17:56.830428+00:00,766,forecast,D,NS,0,0,0,0,0,0,0.0,0.201,0.402,0.0,3,190.7611,921,918,157.8638,158.8638,918,734,144
8ebdb0b3-2c32-494c-b6b3-b6162684d288,2026-10-10T06:17:57.846860+00:00,767,forecast,A,EW,0,0,0,0,0,0,0.0,0.0,0.0,0.4038,3,190.5163,921,918,157.8638,158.8638,918,734,144
8ebdb0b3-2c32-494c-b6b3-b6162684d288,2026-10-10T06:17:57.846860+00:00,767,forecast,B,EW,1,0,0,0,3,0,0.2019,1.0095,0.0,0.0,3,190.5163,921,918,157.8638,158.8638,918,734,144
8ebdb0b3-2c32-494c-b6b3-b6162684d288,2026-10-10T06:17:57.846860+00:00,767,forecast,C,NS,1,0,0,0,0,0,0.0,0.0,0.2019,0.0,3,190.5163,921,918,157.8638,158.8638,918,734,144
8ebdb0b3-2c32-494c-b6b3-b6162684d288,2026-10-10T06:17:57.846860+00:00,767,forecast,D,NS,1,0,0,0,0,0,0.0,0.2019,0.4038,0.0,3,190.5163,921,918,157.8638,158.8638,918,734,144
8ebdb0b3-2c32-494c-b6b3-b6162684d288,2026-10-10T06:17:58.820545+00:00,768,forecast,A,EW,1,0,0,0,0,0,0.0,0.0,0.0,0.4029,3,190.2721,921,918,157.8638,158.8638,918,734,144
8ebdb0b3-2c32-494c-b6b3-b6162684d288,2026-10-10T06:17:58.820545+00:00,768,forecast,B,EW,0,0,0,0,3,0,0.2014,1.0072,0.0,0.0,3,190.2721,921,918,157.8638,158.8638,918,734,144
8ebdb0b3-2c32-494c-b6b3-b6162684d288,2026-10-10T06:17:58.820545+00:00,768,forecast,C,NS,0,0,0,0,0,0,0.0,0.0,0.2014,0.0,3,190.2721,921,918,157.8638,158.8638,918,734,144
8ebdb0b3-2c32-494c-b6b3-b6162684d288,2026-10-10T06:17:58.820545+00:00,768,forecast,D,NS,0,0,0,0,0,0,0.0,0.2014,0.4029,0.0,3,190.2721,921,918,157.8638,158.8638,918,734,144
8ebdb0b3-2c32-494c-b6b3-b6162684d288,2026-10-10T06:17:59.837682+00:00,769,forecast,A,EW,0,0,0,0,0,0,0.0,0.0,0.0,0.3988,3,190.0286,921,918,157.8638,158.8638,918,734,144
8ebdb0b3-2c32-494c-b6b3-b6162684d288,2026-10-10T06:17:59.837682+00:00,769,forecast,B,EW,1,0,0,0,3,0,0.1994,0.9971,0.0,0.0,3,190.0286,921,918,157.8638,158.8638,918,734,144
8ebdb0b3-2c32-494c-b6b3-b6162684d288,2026-10-10T06:17:59.837682+00:00,769,forecast,C,NS,1,0,0,0,0,0,0.0,0.0,0.1994,0.0,3,190.0286,921,918,157.8638,158.8638,918,734,144
8ebdb0b3-2c32-494c-b6b3-b6162684d288,2026-10-10T06:17:59.837682+00:00,769,forecast,D,NS,1,0,0,0,0,0,0.0,0.1994,0.3988,0.0,3,190.0286,921,918,157.8638,158.8638,918,734,144
8ebdb0b3-2c32-494c-b6b3-b6162684d288,2026-10-10T06:18:00.841707+00:00,770,forecast,A,EW,1,0,0,0,0,0,0.0,0.0,0.0,0.3955,3,189.7857,921,918,157.8638,158.8638,918,734,144
8ebdb0b3-2c32-494c-b6b3-b6162684d288,2026-10-10T06:18:00.841707+00:00,770,forecast,B,EW,0,0,0,0,3,0,0.1978,0.9888,0.0,0.0,3,189.7857,921,918,157.8638,158.8638,918,734,144
8ebdb0b3-2c32-494c-b6b3-b6162684d288,2026-10-10T06:18:00.841707+00:00,770,forecast,C,NS,0,0,0,0,0,0,0.0,0.0,0.1978,0.0,3,189.7857,921,918,157.8638,158.8638,918,734,144
8ebdb0b3-2c32-494c-b6b3-b6162684d288,2026-10-10T06:18:00.841707+00:00,770,forecast,D,NS,0,0,0,0,0,0,0.0,0.1978,0.3955,0.0,3,189.7857,921,918,157.8638,158.8638,918,734,144
8ebdb0b3-2c32-494c-b6b3-b6162684d288,2026-10-10T06:18:01.880275+00:00,771,forecast,A,EW,0,0,0,0,0,0,0.0,0.0,0.0,0.3976,3,189.5435,921,918,157.8638,158.8638,918,734,144
8ebdb0b3-2c32-494c-b6b3-b6162684d288,2026-10-10T06:18:01.880275+00:00,771,forecast,B,EW,1,0,0,0,3,0,0.1988,0.9941,0.0,0.0,3,189.5435,921,918,157.8638,158.8638,918,734,144
8ebdb0b3-2c32-494c-b6b3-b6162684d288,2026-10-10T06:18:01.880275+00:00,771,forecast,C,NS,1,0,0,0,0,0,0.0,0.0,0.1988,0.0,3,189.5435,921,918,157.8638,158.8638,918,734,144
8ebdb0b3-2c32-494c-b6b3-b6162684d288,2026-10-10T06:18:01.880275+00:00,771,forecast,D,NS,1,0,0,0,0,0,0.0,0.1988,0.3976,0.0,3,189.5435,921,918,157.8638,158.8638,918,734,144
8ebdb0b3-2c32-494c-b6b3-b6162684d288,2026-10-10T06:18:02.826727+00:00,772,forecast,A,EW,1,0,0,0,0,0,0.0,0.0,0.0,0.3992,3,189.3018,921,918,157.8638,158.8638,918,734,144
8ebdb0b3-2c32-494c-b6b3-b6162684d288,2026-10-10T06:18:02.826727+00:00,772,forecast,B,EW,0,0,0,0,3,0,0.1996,0.9981,0.0,0.0,3,189.3018,921,918,157.8638,158.8638,918,734,144
8ebdb0b3-2c32-494c-b6b3-b6162684d288,2026-10-10T06:18:02.826727+00:00,772,forecast,C,NS,0,0,0,0,0,0,0.0,0.0,0.1996,0.0,3,189.3018,921,918,157.8638,158.8638,918,734,144
8ebdb0b3-2c32-494c-b6b3-b6162684d288,2026-10-10T06:18:02.826727+00:00,772,forecast,D,NS,0,0,0,0,0,0,0.0,0.1996,0.3992,0.0,3,189.3018,921,918,157.8638,158.8638,918,734,144
8ebdb0b3-2c32-494c-b6b3-b6162684d288,2026-10-10T06:18:03.850329+00:00,773,forecast,A,EW,0,0,0,0,0,0,0.0,0.0,0.0,0.4034,3,189.0608,921,918,157.8638,158.8638,918,734,144
8ebdb0b3-2c32-494c-b6b3-b6162684d288,2026-10-10T06:18:03.850329+00:00,773,forecast,B,EW,2,0,0,0,3,0,0.2017,1.0084,0.0,0.0,3,189.0608,921,918,157.8638,158.8638,918,734,144
8ebdb0b3-2c32-494c-b6b3-b6162684d288,2026-10-10T06:18:03.850329+00:00,773,forecast,C,NS,1,0,0,0,0,0,0.0,0.0,0.2017,0.0,3,189.0608,921,918,157.8638,158.8638,918,734,144
8ebdb0b3-2c32-494c-b6b3-b6162684d288,2026-10-10T06:18:03.850329+00:00,773,forecast,D,NS,1,0,0,0,0,0,0.0,0.2017,0.4034,0.0,3,189.0608,921,918,157.8638,158.8638,918,734,144
8ebdb0b3-2c32-494c-b6b3-b6162684d288,2026-10-10T06:18:04.833789+00:00,774,forecast,A,EW,1,0,0,0,0,0,0.0,0.0,0.0,0.4029,3,188.8204,921,918,157.8638,158.8638,918,734,144
8ebdb0b3-2c32-494c-b6b3-b6162684d288,2026-10-10T06:18:04.833789+00:00,774,forecast,B,EW,1,0,0,0,3,0,0.2014,1.0072,0.0,0.0,3,188.8204,921,918,157.8638,158.8638,918,734,144
8ebdb0b3-2c32-494c-b6b3-b6162684d288,2026-10-10T06:18:04.833789+00:00,774,forecast,C,NS,0,0,0,0,0,0,0.0,0.0,0.2014,0.0,3,188.8204,921,918,157.8638,158.8638,918,734,144
8ebdb0b3-2c32-494c-b6b3-b6162684d288,2026-10-10T06:18:04.833789+00:00,774,forecast,D,NS,0,0,0,0,0,0,0.0,0.2014,0.4029,0.0,3,188.8204,921,918,157.8638,158.8638,918,734,144
8ebdb0b3-2c32-494c-b6b3-b6162684d288,2026-10-10T06:18:05.824006+00:00,775,forecast,A,EW,0,0,0,0,0,0,0.0,0.0,0.0,0.4022,3,188.5806,921,918,157.8638,158.8638,918,734,144
8ebdb0b3-2c32-494c-b6b3-b6162684d288,2026-10-10T06:18:05.824006+00:00,775,forecast,B,EW,0,0,0,0,3,0,0.2011,1.0056,0.0,0.0,3,188.5806,921,918,157.8638,158.8638,918,734,144
8ebdb0b3-2c32-494c-b6b3-b6162684d288,2026-10-10T06:18:05.824006+00:00,775,forecast,C,NS,1,0,0,0,0,0,0.0,0.0,0.2011,0.0,3,188.5806,921,918,157.8638,158.8638,918,734,144
8ebdb0b3-2c32-494c-b6b3-b6162684d288,2026-10-10T06:18:05.824006+00:00,775,forecast,D,NS,1,0,0,0,0,0,0.0,0.2011,0.4022,0.0,3,188.5806,921,918,157.8638,158.8638,918,734,144
8ebdb0b3-2c32-494c-b6b3-b6162684d288,2026-10-10T06:18:06.822834+00:00,776,forecast,A,EW,1,0,0,0,0,0,0.0,0.0,0.0,0.3971,3,188.3415,921,918,157.8638,158.8638,918,734,144
8ebdb0b3-2c32-494c-b6b3-b6162684d288,2026-10-10T06:18:06.822834+00:00,776,forecast,B,EW,1,0,0,0,3,0,0.1985,0.9927,0.0,0.0,3,188.3415,921,918,157.8638,158.8638,918,734,144
8ebdb0b3-2c32-494c-b6b3-b6162684d288,2026-10-10T06:18:06.822834+00:00,776,forecast,C,NS,0,0,0,0,0,0,0.0,0.0,0.1985,0.0,3,188.3415,921,918,157.8638,158.8638,918,734,144
8ebdb0b3-2c32-494c-b6b3-b6162684d288,2026-10-10T06:18:06.822834+00:00,776,forecast,D,NS,0,0,0,0,0,0,0.0,0.1985,0.3971,0.0,3,188.3415,921,918,157.8638,158.8638,918,734,144
8ebdb0b3-2c32-494c-b6b3-b6162684d288,2026-10-10T06:18:07.847178+00:00,777,forecast,A,EW,0,0,0,0,0,0,0.0,0.0,0.0,0.3955,3,188.103,921,918,157.8638,158.8638,918,734,144
8ebdb0b3-2c32-494c-b6b3-b6162684d288,2026-10-10T06:18:07.847178+00:00,777,forecast,B,EW,0,0,0,0,3,0,0.1978,0.9888,0.0,0.0,3,188.103,921,918,157.8638,158.8638,918,734,144
8ebdb0b3-2c32-494c-b6b3-b6162684d288,2026-10-10T06:18:07.847178+00:00,777,forecast,C,NS,1,0,0,0,0,0,0.0,0.0,0.1978,0.0,3,188.103,921,918,157.8638,158.8638,918,734,144
8ebdb0b3-2c32-494c-b6b3-b6162684d288,2026-10-10T06:18:07.847178+00:00,777,forecast,D,NS,1,0,0,0,0,0,0.0,0.1978,0.3955,0.0,3,188.103,921,918,157.8638,158.8638,918,734,144
8ebdb0b3-2c32-494c-b6b3-b6162684d288,2026-10-10T06:18:08.820244+00:00,778,forecast,A,EW,1,0,0,0,0,0,0.0,0.0,0.0,0.3991,3,187.865,921,918,157.8638,158.8638,918,734,144
8ebdb0b3-2c32-494c-b6b3-b6162684d288,2026-10-10T06:18:08.820244+00:00,778,forecast,B,EW,1,0,0,0,3,0,0.1996,0.9979,0.0,0.0,3,187.865,921,918,157.8638,158.8638,918,734,144
8ebdb0b3-2c32-494c-b6b3-b6162684d288,2026-10-10T06:18:08.820244+00:00,778,forecast,C,NS,0,0,0,0,0,0,0.0,0.0,0.1996,0.0,3,187.865,921,918,157.8638,158.8638,918,734,144
8ebdb0b3-2c32-494c-b6b3-b6162684d288,2026-10-10T06:18:08.820244+00:00,778,forecast,D,NS,0,0,0,0,0,0,0.0,0.1996,0.3991,0.0,3,187.865,921,918,157.8638,158.8638,918,734,144
8ebdb0b3-2c32-494c-b6b3-b6162684d288,2026-10-10T06:18:09.820496+00:00,779,forecast,A,EW,0,0,0,0,0,0,0.0,0.0,0.0,0.4022,3,187.6277,921,918,157.8638,158.8638,918,734,144
8ebdb0b3-2c32-494c-b6b3-b6162684d288,2026-10-10T06:18:09.820496+00:00,779,forecast,B,EW,0,0,0,0,3,0,0.2011,1.0055,0.0,0.0,3,187.6277,921,918,157.8638,158.8638,918,734,144
8ebdb0b3-2c32-494c-b6b3-b6162684d288,2026-10-10T06:18:09.820496+00:00,779,forecast,C,NS,1,0,0,0,0,0,0.0,0.0,0.2011,0.0,3,187.6277,921,918,157.8638,158.8638,918,734,144
8ebdb0b3-2c32-494c-b6b3-b6162684d288,2026-10-10T06:18:09.820496+00:00,779,forecast,D,NS,1,0,0,0,0,0,0.0,0.2011,0.4022,0.0,3,187.6277,921,918,157.8638,158.8638,918,734,144
8ebdb0b3-2c32-494c-b6b3-b6162684d288,2026-10-10T06:18:10.884727+00:00,780,forecast,A,EW,1,0,0,0,0,0,0.0,0.0,0.0,0.4034,3,187.391,921,918,157.8638,158.8638,918,734,144
8ebdb0b3-2c32-494c-b6b3-b6162684d288,2026-10-10T06:18:10.884727+00:00,780,forecast,B,EW,2,0,0,0,3,0,0.2017,1.0086,0.0,0.0,3,187.391,921,918,157.8638,158.8638,918,734,144
8ebdb0b3-2c32-494c-b6b3-b6162684d288,2026-10-10T06:18:10.884727+00:00,780,forecast,C,NS,0,0,0,0,0,0,0.0,0.0,0.2017,0.0,3,187.391,921,918,157.8638,158.8638,918,734,144
8ebdb0b3-2c32-494c-b6b3-b6162684d288,2026-10-10T06:18:10.884727+00:00,780,forecast,D,NS,0,0,0,0,0,0,0.0,0.2017,0.4034,0.0,3,187.391,921,918,157.8638,158.8638,918,734,144
8ebdb0b3-2c32-494c-b6b3-b6162684d288,2026-10-10T06:18:11.825852+00:00,781,forecast,A,EW,0,0,0,0,0,0,0.0,0.0,0.0,0.4028,3,187.1549,921,918,157.8638,158.8638,918,734,144
8ebdb0b3-2c32-494c-b6b3-b6162684d288,2026-10-10T06:18:11.825852+00:00,781,forecast,B,EW,1,0,0,0,3,0,0.2014,1.007,0.0,0.0,3,187.1549,921,918,157.8638,158.8638,918,734,144
8ebdb0b3-2c32-494c-b6b3-b6162684d288,2026-10-10T06:18:11.825852+00:00,781,forecast,C,NS,1,0,0,0,0,0,0.0,0.0,0.2014,0.0,3,187.1549,921,918,157.8638,158.8638,918,734,144
8ebdb0b3-2c32-494c-b6b3-b6162684d288,2026-10-10T06:18:11.825852+00:00,781,forecast,D,NS,1,0,0,0,0,0,0.0,0.2014,0.4028,0.0,3,187.1549,921,918,157.8638,158.8638,918,734,144
8ebdb0b3-2c32-494c-b6b3-b6162684d288,2026-10-10T06:18:12.881572+00:00,782,forecast,A,EW,1,0,0,0,0,0,0.0,0.0,0.0,0.3984,3,186.9194,921,918,157.8638,158.8638,918,734,144
8ebdb0b3-2c32-494c-b6b3-b6162684d288,2026-10-10T06:18:12.881572+00:00,782,forecast,B,EW,0,0,0,0,3,0,0.1992,0.9959,0.0,0.0,3,186.9194,921,918,157.8638,158.8638,918,734,144
8ebdb0b3-2c32-494c-b6b3-b6162684d288,2026-10-10T06:18:12.881572+00:00,782,forecast,C,NS,0,0,0,0,0,0,0.0,0.0,0.1992,0.0,3,186.9194,921,918,157.8638,158.8638,918,734,144
8ebdb0b3-2c32-494c-b6b3-b6162684d288,2026-10-10T06:18:12.881572+00:00,782,forecast,D,NS,0,0,0,0,0,0,0.0,0.1992,0.3984,0.0,3,186.9194,921,918,157.8638,158.8638,918,734,144
8ebdb0b3-2c32-494c-b6b3-b6162684d288,2026-10-10T06:18:13.828124+00:00,783,forecast,A,EW,0,0,0,0,0,0,0.0,0.0,0.0,0.3963,3,186.6845,921,918,157.8638,158.8638,918,734,144
8ebdb0b3-2c32-494c-b6b3-b6162684d288,2026-10-10T06:18:13.828124+00:00,783,forecast,B,EW,1,0,0,0,3,0,0.1982,0.9908,0.0,0.0,3,186.6845,921,918,157.8638,158.8638,918,734,144
8ebdb0b3-2c32-494c-b6b3-b6162684d288,2026-10-10T06:18:13.828124+00:00,783,forecast,C,NS,1,0,0,0,0,0,0.0,0.0,0.1982,0.0,3,186.6845,921,918,157.8638,158.8638,918,734,144
8ebdb0b3-2c32-494c-b6b3-b6162684d288,2026-10-10T06:18:13.828124+00:00,783,forecast,D,NS,1,0,0,0,0,0,0.0,0.1982,0.3963,0.0,3,186.6845,921,918,157.8638,158.8638,918,734,144
8ebdb0b3-2c32-494c-b6b3-b6162684d288,2026-10-10T06:18:14.840409+00:00,784,forecast,A,EW,1,0,0,0,0,0,0.0,0.0,0.0,0.3969,3,186.4503,921,918,157.8638,158.8638,918,734,144
8ebdb0b3-2c32-494c-b6b3-b6162684d288,2026-10-10T06:18:14.840409+00:00,784,forecast,B,EW,0,0,0,0,3,0,0.1984,0.9921,0.0,0.0,3,186.4503,921,918,157.8638,158.8638,918,734,144
8ebdb0b3-2c32-494c-b6b3-b6162684d288,2026-10-10T06:18:14.840409+00:00,784,forecast,C,NS,0,0,0,0,0,0,0.0,0.0,0.1984,0.0,3,186.4503,921,918,157.8638,158.8638,918,734,144
8ebdb0b3-2c32-494c-b6b3-b6162684d288,2026-10-10T06:18:14.840409+00:00,784,forecast,D,NS,0,0,0,0,0,0,0.0,0.1984,0.3969,0.0,3,186.4503,921,918,157.8638,158.8638,918,734,144
8ebdb0b3-2c32-494c-b6b3-b6162684d288,2026-10-10T06:18:15.824190+00:00,785,forecast,A,EW,0,0,0,0,0,0,0.0,0.0,0.0,0.4009,3,186.2166,921,918,157.8638,158.8638,918,734,144
8ebdb0b3-2c32-494c-b6b3-b6162684d288,2026-10-10T06:18:15.824190+00:00,785,forecast,B,EW,2,0,0,0,3,0,0.2005,1.0024,0.0,0.0,3,186.2166,921,918,157.8638,158.8638,918,734,144
8ebdb0b3-2c32-494c-b6b3-b6162684d288,2026-10-10T06:18:15.824190+00:00,785,forecast,C,NS,1,0,0,0,0,0,0.0,0.0,0.2005,0.0,3,186.2166,921,918,157.8638,158.8638,918,734,144
8ebdb0b3-2c32-494c-b6b3-b6162684d288,2026-10-10T06:18:15.824190+00:00,785,forecast,D,NS,1,0,0,0,0,0,0.0,0.2005,0.4009,0.0,3,186.2166,921,918,157.8638,158.8638,918,734,144
8ebdb0b3-2c32-494c-b6b3-b6162684d288,2026-10-10T06:18:16.862209+00:00,786,forecast,A,EW,1,0,0,0,0,0,0.0,0.0,0.0,0.4043,3,185.9835,921,918,157.8638,158.8638,918,734,144
8ebdb0b3-2c32-494c-b6b3-b6162684d288,2026-10-10T06:18:16.862209+00:00,786,forecast,B,EW,1,0,0,0,3,0,0.2022,1.0108,0.0,0.0,3,185.9835,921,918,157.8638,158.8638,918,734,144
8ebdb0b3-2c32-494c-b6b3-b6162684d288,2026-10-10T06:18:16.862209+00:00,786,forecast,C,NS,0,0,0,0,0,0,0.0,0.0,0.2022,0.0,3,185.9835,921,918,157.8638,158.8638,918,734,144
8ebdb0b3-2c32-494c-b6b3-b6162684d288,2026-10-10T06:18:16.862209+00:00,786,forecast,D,NS,0,0,0,0,0,0,0.0,0.2022,0.4043,0.0,3,185.9835,921,918,157.8638,158.8638,918,734,144
8ebdb0b3-2c32-494c-b6b3-b6162684d288,2026-10-10T06:18:17.827930+00:00,787,forecast,A,EW,0,0,0,0,0,0,0.0,0.0,0.0,0.4019,3,185.751,921,918,157.8638,158.8638,918,734,144
8ebdb0b3-2c32-494c-b6b3-b6162684d288,2026-10-10T06:18:17.827930+00:00,787,forecast,B,EW,0,0,0,0,3,0,0.2009,1.0047,0.0,0.0,3,185.751,921,918,157.8638,158.8638,918,734,144
8ebdb0b3-2c32-494c-b6b3-b6162684d288,2026-10-10T06:18:17.827930+00:00,787,forecast,C,NS,1,0,0,0,0,0,0.0,0.0,0.2009,0.0,3,185.751,921,918,157.8638,158.8638,918,734,144
8ebdb0b3-2c32-494c-b6b3-b6162684d288,2026-10-10T06:18:17.827930+00:00,787,forecast,D,NS,1,0,0,0,0,0,0.0,0.2009,0.4019,0.0,3,185.751,921,918,157.8638,158.8638,918,734,144
8ebdb0b3-2c32-494c-b6b3-b6162684d288,2026-10-10T06:18:18.833525+00:00,788,forecast,A,EW,1,0,0,0,0,0,0.0,0.0,0.0,0.4004,3,185.519,921,918,157.8638,158.8638,918,734,144
8ebdb0b3-2c32-494c-b6b3-b6162684d288,2026-10-10T06:18:18.833525+00:00,788,forecast,B,EW,2,0,0,0,3,0,0.2002,1.001,0.0,0.0,3,185.519,921,918,157.8638,158.8638,918,734,144
8ebdb0b3-2c32-494c-b6b3-b6162684d288,2026-10-10T06:18:18.833525+00:00,788,forecast,C,NS,0,0,0,0,0,0,0.0,0.0,0.2002,0.0,3,185.519,921,918,157.8638,158.8638,918,734,144
8ebdb0b3-2c32-494c-b6b3-b6162684d288,2026-10-10T06:18:18.833525+00:00,788,forecast,D,NS,0,0,0,0,0,0,0.0,0.2002,0.4004,0.0,3,185.519,921,918,157.8638,158.8638,918,734,144
8ebdb0b3-2c32-494c-b6b3-b6162684d288,2026-10-10T06:18:19.851700+00:00,789,forecast,A,EW,0,0,0,0,0,0,0.0,0.0,0.0,0.3967,3,185.2877,921,918,157.8638,158.8638,918,734,144
8ebdb0b3-2c32-494c-b6b3-b6162684d288,2026-10-10T06:18:19.851700+00:00,789,forecast,B,EW,1,0,0,0,3,0,0.1983,0.9916,0.0,0.0,3,185.2877,921,918,157.8638,158.8638,918,734,144
8ebdb0b3-2c32-494c-b6b3-b6162684d288,2026-10-10T06:18:19.851700+00:00,789,forecast,C,NS,1,0,0,0,0,0,0.0,0.0,0.1983,0.0,3,185.2877,921,918,157.8638,158.8638,918,734,144
8ebdb0b3-2c32-494c-b6b3-b6162684d288,2026-10-10T06:18:19.851700+00:00,789,forecast,D,NS,1,0,0,0,0,0,0.0,0.1983,0.3967,0.0,3,185.2877,921,918,157.8638,158.8638,918,734,144
8ebdb0b3-2c32-494c-b6b3-b6162684d288,2026-10-10T06:18:20.842768+00:00,790,forecast,A,EW,1,0,0,0,0,0,0.0,0.0,0.0,0.3964,3,185.057,921,918,157.8638,158.8638,918,734,144
8ebdb0b3-2c32-494c-b6b3-b6162684d288,2026-10-10T06:18:20.842768+00:00,790,forecast,B,EW,0,0,0,0,3,0,0.1982,0.9911,0.0,0.0,3,185.057,921,918,157.8638,158.8638,918,734,144
8ebdb0b3-2c32-494c-b6b3-b6162684d288,2026-10-10T06:18:20.842768+00:00,790,forecast,C,NS,0,0,0,0,0,0,0.0,0.0,0.1982,0.0,3,185.057,921,918,157.8638,158.8638,918,734,144
8ebdb0b3-2c32-494c-b6b3-b6162684d288,2026-10-10T06:18:20.842768+00:00,790,forecast,D,NS,0,0,0,0,0,0,0.0,0.1982,0.3964,0.0,3,185.057,921,918,157.8638,158.8638,918,734,144
8ebdb0b3-2c32-494c-b6b3-b6162684d288,2026-10-10T06:18:21.847907+00:00,791,forecast,A,EW,0,0,0,0,0,0,0.0,0.0,0.0,0.399,3,184.8268,921,918,157.8638,158.8638,918,734,144
8ebdb0b3-2c32-494c-b6b3-b6162684d288,2026-10-10T06:18:21.847907+00:00,791,forecast,B,EW,1,0,0,0,3,0,0.1995,0.9974,0.0,0.0,3,184.8268,921,918,157.8638,158.8638,918,734,144
8ebdb0b3-2c32-494c-b6b3-b6162684d288,2026-10-10T06:18:21.847907+00:00,791,forecast,C,NS,1,0,0,0,0,0,0.0,0.0,0.1995,0.0,3,184.8268,921,918,157.8638,158.8638,918,734,144
8ebdb0b3-2c32-494c-b6b3-b6162684d288,2026-10-10T06:18:21.847907+00:00,791,forecast,D,NS,1,0,0,0,0,0,0.0,0.1995,0.399,0.0,3,184.8268,921,918,157.8638,158.8638,918,734,144
8ebdb0b3-2c32-494c-b6b3-b6162684d288,2026-10-10T06:18:22.843400+00:00,792,forecast,A,EW,1,0,0,0,0,0,0.0,0.0,0.0,0.4031,3,184.5972,921,918,157.8638,158.8638,918,734,144
8ebdb0b3-2c32-494c-b6b3-b6162684d288,2026-10-10T06:18:22.843400+00:00,792,forecast,B,EW,0,0,0,0,3,0,0.2016,1.0078,0.0,0.0,3,184.5972,921,918,157.8638,158.8638,918,734,144
8ebdb0b3-2c32-494c-b6b3-b6162684d288,2026-10-10T06:18:22.843400+00:00,792,forecast,C,NS,0,0,0,0,0,0,0.0,0.0,0.2016,0.0,3,184.5972,921,918,157.8638,158.8638,918,734,144
8ebdb0b3-2c32-494c-b6b3-b6162684d288,2026-10-10T06:18:22.843400+00:00,792,forecast,D,NS,0,0,0,0,0,0,0.0,0.2016,0.4031,0.0,3,184.5972,921,918,157.8638,158.8638,918,734,144
8ebdb0b3-2c32-494c-b6b3-b6162684d288,2026-10-10T06:18:23.855791+00:00,793,forecast,A,EW,0,0,0,0,0,0,0.0,0.0,0.0,0.4022,3,184.3682,921,918,157.8638,158.8638,918,734,144
8ebdb0b3-2c32-494c-b6b3-b6162684d288,2026-10-10T06:18:23.855791+00:00,793,forecast,B,EW,2,0,0,0,3,0,0.2011,1.0055,0.0,0.0,3,184.3682,921,918,157.8638,158.8638,918,734,144
8ebdb0b3-2c32-494c-b6b3-b6162684d288,2026-10-10T06:18:23.855791+00:00,793,forecast,C,NS,1,0,0,0,0,0,0.0,0.0,0.2011,0.0,3,184.3682,921,918,157.8638,158.8638,918,734,144
8ebdb0b3-2c32-494c-b6b3-b6162684d288,2026-10-10T06:18:23.855791+00:00,793,forecast,D,NS,1,0,0,0,0,0,0.0,0.2011,0.4022,0.0,3,184.3682,921,918,157.8638,158.8638,918,734,144
8ebdb0b3-2c32-494c-b6b3-b6162684d288,2026-10-10T06:18:24.826665+00:00,794,forecast,A,EW,1,0,0,0,0,0,0.0,0.0,0.0,0.3996,3,184.1398,921,918,157.8638,158.8638,918,734,144
8ebdb0b3-2c32-494c-b6b3-b6162684d288,2026-10-10T06:18:24.826665+00:00,794,forecast,B,EW,1,0,0,0,3,0,0.1998,0.999,0.0,0.0,3,184.1398,921,918,157.8638,158.8638,918,734,144
8ebdb0b3-2c32-494c-b6b3-b6162684d288,2026-10-10T06:18:24.826665+00:00,794,forecast,C,NS,0,0,0,0,0,0,0.0,0.0,0.1998,0.0,3,184.1398,921,918,157.8638,158.8638,918,734,144
8ebdb0b3-2c32-494c-b6b3-b6162684d288,2026-10-10T06:18:24.826665+00:00,794,forecast,D,NS,0,0,0,0,0,0,0.0,0.1998,0.3996,0.0,3,184.1398,921,918,157.8638,158.8638,918,734,144
8ebdb0b3-2c32-494c-b6b3-b6162684d288,2026-10-10T06:18:25.829084+00:00,795,forecast,A,EW,0,0,0,0,0,0,0.0,0.0,0.0,0.3973,3,183.9119,921,918,157.8638,158.8638,918,734,144
8ebdb0b3-2c32-494c-b6b3-b6162684d288,2026-10-10T06:18:25.829084+00:00,795,forecast,B,EW,0,0,0,0,3,0,0.1987,0.9933,0.0,0.0,3,183.9119,921,918,157.8638,158.8638,918,734,144
8ebdb0b3-2c32-494c-b6b3-b6162684d288,2026-10-10T06:18:25.829084+00:00,795,forecast,C,NS,1,0,0,0,0,0,0.0,0.0,0.1987,0.0,3,183.9119,921,918,157.8638,158.8638,918,734,144
8ebdb0b3-2c32-494c-b6b3-b6162684d288,2026-10-10T06:18:25.829084+00:00,795,forecast,D,NS,1,0,0,0,0,0,0.0,0.1987,0.3973,0.0,3,183.9119,921,918,157.8638,158.8638,918,734,144
8ebdb0b3-2c32-494c-b6b3-b6162684d288,2026-10-10T06:18:26.827774+00:00,796,forecast,A,EW,1,0,0,0,0,0,0.0,0.0,0.0,0.398,3,183.6847,921,918,157.8638,158.8638,918,734,144
8ebdb0b3-2c32-494c-b6b3-b6162684d288,2026-10-10T06:18:26.827774+00:00,796,forecast,B,EW,1,0,0,0,3,0,0.199,0.9951,0.0,0.0,3,183.6847,921,918,157.8638,158.8638,918,734,144
8ebdb0b3-2c32-494c-b6b3-b6162684d288,2026-10-10T06:18:26.827774+00:00,796,forecast,C,NS,0,0,0,0,0,0,0.0,0.0,0.199,0.0,3,183.6847,921,918,157.8638,158.8638,918,734,144
8ebdb0b3-2c32-494c-b6b3-b6162684d288,2026-10-10T06:18:26.827774+00:00,796,forecast,D,NS,0,0,0,0,0,0,0.0,0.199,0.398,0.0,3,183.6847,921,918,157.8638,158.8638,918,734,144
8ebdb0b3-2c32-494c-b6b3-b6162684d288,2026-10-10T06:18:27.853927+00:00,797,forecast,A,EW,0,0,0,0,0,0,0.0,0.0,0.0,0.3998,3,183.458,921,918,157.8638,158.8638,918,734,144
8ebdb0b3-2c32-494c-b6b3-b6162684d288,2026-10-10T06:18:27.853927+00:00,797,forecast,B,EW,0,0,0,0,3,0,0.1999,0.9995,0.0,0.0,3,183.458,921,918,157.8638,158.8638,918,734,144
8ebdb0b3-2c32-494c-b6b3-b6162684d288,2026-10-10T06:18:27.853927+00:00,797,forecast,C,NS,1,0,0,0,0,0,0.0,0.0,0.1999,0.0,3,183.458,921,918,157.8638,158.8638,918,734,144
8ebdb0b3-2c32-494c-b6b3-b6162684d288,2026-10-10T06:18:27.853927+00:00,797,forecast,D,NS,1,0,0,0,0,0,0.0,0.1999,0.3998,0.0,3,183.458,921,918,157.8638,158.8638,918,734,144
8ebdb0b3-2c32-494c-b6b3-b6162684d288,2026-10-10T06:18:28.832283+00:00,798,forecast,A,EW,1,0,0,0,0,0,0.0,0.0,0.0,0.403,3,183.2318,921,918,157.8638,158.8638,918,734,144
8ebdb0b3-2c32-494c-b6b3-b6162684d288,2026-10-10T06:18:28.832283+00:00,798,forecast,B,EW,2,0,0,0,3,0,0.2015,1.0076,0.0,0.0,3,183.2318,921,918,157.8638,158.8638,918,734,144
8ebdb0b3-2c32-494c-b6b3-b6162684d288,2026-10-10T06:18:28.832283+00:00,798,forecast,C,NS,0,0,0,0,0,0,0.0,0.0,0.2015,0.0,3,183.2318,921,918,157.8638,158.8638,918,734,144
8ebdb0b3-2c32-494c-b6b3-b6162684d288,2026-10-10T06:18:28.832283+00:00,798,forecast,D,NS,0,0,0,0,0,0,0.0,0.2015,0.403,0.0,3,183.2318,921,918,157.8638,158.8638,918,734,144
8ebdb0b3-2c32-494c-b6b3-b6162684d288,2026-10-10T06:18:29.833266+00:00,799,forecast,A,EW,0,0,0,0,0,0,0.0,0.0,0.0,0.4027,3,183.0063,921,918,157.8638,158.8638,918,734,144
8ebdb0b3-2c32-494c-b6b3-b6162684d288,2026-10-10T06:18:29.833266+00:00,799,forecast,B,EW,1,0,0,0,3,0,0.2013,1.0066,0.0,0.0,3,183.0063,921,918,157.8638,158.8638,918,734,144
8ebdb0b3-2c32-494c-b6b3-b6162684d288,2026-10-10T06:18:29.833266+00:00,799,forecast,C,NS,1,0,0,0,0,0,0.0,0.0,0.2013,0.0,3,183.0063,921,918,157.8638,158.8638,918,734,144
8ebdb0b3-2c32-494c-b6b3-b6162684d288,2026-10-10T06:18:29.833266+00:00,799,forecast,D,NS,1,0,0,0,0,0,0.0,0.2013,0.4027,0.0,3,183.0063,921,918,157.8638,158.8638,918,734,144
8ebdb0b3-2c32-494c-b6b3-b6162684d288,2026-10-10T06:18:30.841834+00:00,800,forecast,A,EW,1,0,0,0,0,0,0.0,0.0,0.0,0.3987,3,182.7812,921,918,157.8638,158.8638,918,734,144
8ebdb0b3-2c32-494c-b6b3-b6162684d288,2026-10-10T06:18:30.841834+00:00,800,forecast,B,EW,0,0,0,0,3,0,0.1994,0.9968,0.0,0.0,3,182.7812,921,918,157.8638,158.8638,918,734,144
8ebdb0b3-2c32-494c-b6b3-b6162684d288,2026-10-10T06:18:30.841834+00:00,800,forecast,C,NS,0,0,0,0,0,0,0.0,0.0,0.1994,0.0,3,182.7812,921,918,157.8638,158.8638,918,734,144
8ebdb0b3-2c32-494c-b6b3-b6162684d288,2026-10-10T06:18:30.841834+00:00,800,forecast,D,NS,0,0,0,0,0,0,0.0,0.1994,0.3987,0.0,3,182.7812,921,918,157.8638,158.8638,918,734,144
8ebdb0b3-2c32-494c-b6b3-b6162684d288,2026-10-10T06:18:31.828133+00:00,801,forecast,A,EW,0,0,0,0,0,0,0.0,0.0,0.0,0.3978,3,182.5568,921,918,157.8638,158.8638,918,734,144
8ebdb0b3-2c32-494c-b6b3-b6162684d288,2026-10-10T06:18:31.828133+00:00,801,forecast,B,EW,1,0,0,0,3,0,0.1989,0.9945,0.0,0.0,3,182.5568,921,918,157.8638,158.8638,918,734,144
8ebdb0b3-2c32-494c-b6b3-b6162684d288,2026-10-10T06:18:31.828133+00:00,801,forecast,C,NS,1,0,0,0,0,0,0.0,0.0,0.1989,0.0,3,182.5568,921,918,157.8638,158.8638,918,734,144
8ebdb0b3-2c32-494c-b6b3-b6162684d288,2026-10-10T06:18:31.828133+00:00,801,forecast,D,NS,1,0,0,0,0,0,0.0,0.1989,0.3978,0.0,3,182.5568,921,918,157.8638,158.8638,918,734,144
8ebdb0b3-2c32-494c-b6b3-b6162684d288,2026-10-10T06:18:32.830218+00:00,802,forecast,A,EW,1,0,0,0,0,0,0.0,0.0,0.0,0.3978,3,182.3329,921,918,157.8638,158.8638,918,734,144
8ebdb0b3-2c32-494c-b6b3-b6162684d288,2026-10-10T06:18:32.830218+00:00,802,forecast,B,EW,0,0,0,0,3,0,0.1989,0.9944,0.0,0.0,3,182.3329,921,918,157.8638,158.8638,918,734,144
8ebdb0b3-2c32-494c-b6b3-b6162684d288,2026-10-10T06:18:32.830218+00:00,802,forecast,C,NS,0,0,0,0,0,0,0.0,0.0,0.1989,0.0,3,182.3329,921,918,157.8638,158.8638,918,734,144
8ebdb0b3-2c32-494c-b6b3-b6162684d288,2026-10-10T06:18:32.830218+00:00,802,forecast,D,NS,0,0,0,0,0,0,0.0,0.1989,0.3978,0.0,3,182.3329,921,918,157.8638,158.8638,918,734,144
8ebdb0b3-2c32-494c-b6b3-b6162684d288,2026-10-10T06:18:33.828197+00:00,803,forecast,A,EW,0,0,0,0,0,0,0.0,0.0,0.0,0.4007,3,182.1096,921,918,157.8638,158.8638,918,734,144
8ebdb0b3-2c32-494c-b6b3-b6162684d288,2026-10-10T06:18:33.828197+00:00,803,forecast,B,EW,2,0,0,0,3,0,0.2004,1.0018,0.0,0.0,3,182.1096,921,918,157.8638,158.8638,918,734,144
8ebdb0b3-2c32-494c-b6b3-b6162684d288,2026-10-10T06:18:33.828197+00:00,803,forecast,C,NS,1,0,0,0,0,0,0.0,0.0,0.2004,0.0,3,182.1096,921,918,157.8638,158.8638,918,734,144
8ebdb0b3-2c32-494c-b6b3-b6162684d288,2026-10-10T06:18:33.828197+00:00,803,forecast,D,NS,1,0,0,0,0,0,0.0,0.2004,0.4007,0.0,3,182.1096,921,918,157.8638,158.8638,918,734,144
8ebdb0b3-2c32-494c-b6b3-b6162684d288,2026-10-10T06:18:34.829212+00:00,804,forecast,A,EW,1,0,0,0,0,0,0.0,0.0,0.0,0.4033,3,181.8868,921,918,157.8638,158.8638,918,734,144
8ebdb0b3-2c32-494c-b6b3-b6162684d288,2026-10-10T06:18:34.829212+00:00,804,forecast,B,EW,1,0,0,0,3,0,0.2017,1.0084,0.0,0.0,3,181.8868,921,918,157.8638,158.8638,918,734,144
8ebdb0b3-2c32-494c-b6b3-b6162684d288,2026-10-10T06:18:34.829212+00:00,804,forecast,C,NS,0,0,0,0,0,0,0.0,0.0,0.2017,0.0,3,181.8868,921,918,157.8638,158.8638,918,734,144
8ebdb0b3-2c32-494c-b6b3-b6162684d288,2026-10-10T06:18:34.829212+00:00,804,forecast,D,NS,0,0,0,0,0,0,0.0,0.2017,0.4033,0.0,3,181.8868,921,918,157.8638,158.8638,918,734,144
8ebdb0b3-2c32-494c-b6b3-b6162684d288,2026-10-10T06:18:35.842350+00:00,805,forecast,A,EW,0,0,0,0,0,0,0.0,0.0,0.0,0.404,3,181.6646,921,918,157.8638,158.8638,918,734,144
8ebdb0b3-2c32-494c-b6b3-b6162684d288,2026-10-10T06:18:35.842350+00:00,805,forecast,B,EW,0,0,0,0,3,0,0.202,1.01,0.0,0.0,3,181.6646,921,918,157.8638,158.8638,918,734,144
8ebdb0b3-2c32-494c-b6b3-b6162684d288,2026-10-10T06:18:35.842350+00:00,805,forecast,C,NS,1,0,0,0,0,0,0.0,0.0,0.202,0.0,3,181.6646,921,918,157.8638,158.8638,918,734,144
8ebdb0b3-2c32-494c-b6b3-b6162684d288,2026-10-10T06:18:35.842350+00:00,805,forecast,D,NS,1,0,0,0,0,0,0.0,0.202,0.404,0.0,3,181.6646,921,918,157.8638,158.8638,918,734,144
8ebdb0b3-2c32-494c-b6b3-b6162684d288,2026-10-10T06:18:36.844320+00:00,806,forecast,A,EW,1,0,0,0,0,0,0.0,0.0,0.0,0.3995,3,181.4429,921,918,157.8638,158.8638,918,734,144
8ebdb0b3-2c32-494c-b6b3-b6162684d288,2026-10-10T06:18:36.844320+00:00,806,forecast,B,EW,1,0,0,0,3,0,0.1997,0.9987,0.0,0.0,3,181.4429,921,918,157.8638,158.8638,918,734,144
8ebdb0b3-2c32-494c-b6b3-b6162684d288,2026-10-10T06:18:36.844320+00:00,806,forecast,C,NS,0,0,0,0,0,0,0.0,0.0,0.1997,0.0,3,181.4429,921,918,157.8638,158.8638,918,734,144
8ebdb0b3-2c32-494c-b6b3-b6162684d288,2026-10-10T06:18:36.844320+00:00,806,forecast,D,NS,0,0,0,0,0,0,0.0,0.1997,0.3995,0.0,3,181.4429,921,918,157.8638,158.8638,918,734,144
8ebdb0b3-2c32-494c-b6b3-b6162684d288,2026-10-10T06:18:37.832785+00:00,807,forecast,A,EW,0,0,0,0,0,0,0.0,0.0,0.0,0.3976,3,181.2218,921,918,157.8638,158.8638,918,734,144
8ebdb0b3-2c32-494c-b6b3-b6162684d288,2026-10-10T06:18:37.832785+00:00,807,forecast,B,EW,0,0,0,0,3,0,0.1988,0.9939,0.0,0.0,3,181.2218,921,918,157.8638,158.8638,918,734,144
8ebdb0b3-2c32-494c-b6b3-b6162684d288,2026-10-10T06:18:37.832785+00:00,807,forecast,C,NS,1,0,0,0,0,0,0.0,0.0,0.1988,0.0,3,181.2218,921,918,157.8638,158.8638,918,734,144
8ebdb0b3-2c32-494c-b6b3-b6162684d288,2026-10-10T06:18:37.832785+00:00,807,forecast,D,NS,1,0,0,0,0,0,0.0,0.1988,0.3976,0.0,3,181.2218,921,918,157.8638,158.8638,918,734,144
8ebdb0b3-2c32-494c-b6b3-b6162684d288,2026-10-10T06:18:38.836525+00:00,808,forecast,A,EW,1,0,0,0,0,0,0.0,0.0,0.0,0.3959,3,181.0012,921,918,157.8638,158.8638,918,734,144
8ebdb0b3-2c32-494c-b6b3-b6162684d288,2026-10-10T06:18:38.836525+00:00,808,forecast,B,EW,1,0,0,0,3,0,0.1979,0.9897,0.0,0.0,3,181.0012,921,918,157.8638,158.8638,918,734,144
8ebdb0b3-2c32-494c-b6b3-b6162684d288,2026-10-10T06:18:38.836525+00:00,808,forecast,C,NS,0,0,0,0,0,0,0.0,0.0,0.1979,0.0,3,181.0012,921,918,157.8638,158.8638,918,734,144
8ebdb0b3-2c32-494c-b6b3-b6162684d288,2026-10-10T06:18:38.836525+00:00,808,forecast,D,NS,0,0,0,0,0,0,0.0,0.1979,0.3959,0.0,3,181.0012,921,918,157.8638,158.8638,918,734,144
8ebdb0b3-2c32-494c-b6b3-b6162684d288,2026-10-10T06:18:39.850051+00:00,809,forecast,A,EW,0,0,0,0,0,0,0.0,0.0,0.0,0.4,3,180.7812,921,918,157.8638,158.8638,918,734,144
8ebdb0b3-2c32-494c-b6b3-b6162684d288,2026-10-10T06:18:39.850051+00:00,809,forecast,B,EW,0,0,0,0,3,0,0.2,1.0,0.0,0.0,3,180.7812,921,918,157.8638,158.8638,918,734,144
8ebdb0b3-2c32-494c-b6b3-b6162684d288,2026-10-10T06:18:39.850051+00:00,809,forecast,C,NS,1,0,0,0,0,0,0.0,0.0,0.2,0.0,3,180.7812,921,918,157.8638,158.8638,918,734,144
8ebdb0b3-2c32-494c-b6b3-b6162684d288,2026-10-10T06:18:39.850051+00:00,809,forecast,D,NS,1,0,0,0,0,0,0.0,0.2,0.4,0.0,3,180.7812,921,918,157.8638,158.8638,918,734,144
8ebdb0b3-2c32-494c-b6b3-b6162684d288,2026-10-10T06:18:40.838375+00:00,810,forecast,A,EW,1,0,0,0,0,0,0.0,0.0,0.0,0.403,3,180.5617,921,918,157.8638,158.8638,918,734,144
8ebdb0b3-2c32-494c-b6b3-b6162684d288,2026-10-10T06:18:40.838375+00:00,810,forecast,B,EW,2,0,0,0,3,0,0.2015,1.0074,0.0,0.0,3,180.5617,921,918,157.8638,158.8638,918,734,144
8ebdb0b3-2c32-494c-b6b3-b6162684d288,2026-10-10T06:18:40.838375+00:00,810,forecast,C,NS,0,0,0,0,0,0,0.0,0.0,0.2015,0.0,3,180.5617,921,918,157.8638,158.8638,918,734,144
8ebdb0b3-2c32-494c-b6b3-b6162684d288,2026-10-10T06:18:40.838375+00:00,810,forecast,D,NS,0,0,0,0,0,0,0.0,0.2015,0.403,0.0,3,180.5617,921,918,157.8638,158.8638,918,734,144
8ebdb0b3-2c32-494c-b6b3-b6162684d288,2026-10-10T06:18:41.833951+00:00,811,forecast,A,EW,0,0,0,0,0,0,0.0,0.0,0.0,0.4053,3,180.3428,921,918,157.8638,158.8638,918,734,144
8ebdb0b3-2c32-494c-b6b3-b6162684d288,2026-10-10T06:18:41.833951+00:00,811,forecast,B,EW,1,0,0,0,3,0,0.2026,1.0131,0.0,0.0,3,180.3428,921,918,157.8638,158.8638,918,734,144
8ebdb0b3-2c32-494c-b6b3-b6162684d288,2026-10-10T06:18:41.833951+00:00,811,forecast,C,NS,1,0,0,0,0,0,0.0,0.0,0.2026,0.0,3,180.3428,921,918,157.8638,158.8638,918,734,144
8ebdb0b3-2c32-494c-b6b3-b6162684d288,2026-10-10T06:18:41.833951+00:00,811,forecast,D,NS,1,0,0,0,0,0,0.0,0.2026,0.4053,0.0,3,180.3428,921,918,157.8638,158.8638,918,734,144
8ebdb0b3-2c32-494c-b6b3-b6162684d288,2026-10-10T06:18:42.852016+00:00,812,forecast,A,EW,1,0,0,0,0,0,0.0,0.0,0.0,0.3999,3,180.1244,921,918,157.8638,158.8638,918,734,144
8ebdb0b3-2c32-494c-b6b3-b6162684d288,2026-10-10T06:18:42.852016+00:00,812,forecast,B,EW,0,0,0,0,3,0,0.1999,0.9996,0.0,0.0,3,180.1244,921,918,157.8638,158.8638,918,734,144
8ebdb0b3-2c32-494c-b6b3-b6162684d288,2026-10-10T06:18:42.852016+00:00,812,forecast,C,NS,0,0,0,0,0,0,0.0,0.0,0.1999,0.0,3,180.1244,921,918,157.8638,158.8638,918,734,144
8ebdb0b3-2c32-494c-b6b3-b6162684d288,2026-10-10T06:18:42.852016+00:00,812,forecast,D,NS,0,0,0,0,0,0,0.0,0.1999,0.3999,0.0,3,180.1244,921,918,157.8638,158.8638,918,734,144
8ebdb0b3-2c32-494c-b6b3-b6162684d288,2026-10-10T06:18:43.838064+00:00,813,forecast,A,EW,0,0,0,0,0,0,0.0,0.0,0.0,0.397,3,179.9065,921,918,157.8638,158.8638,918,734,144
8ebdb0b3-2c32-494c-b6b3-b6162684d288,2026-10-10T06:18:43.838064+00:00,813,forecast,B,EW,1,0,0,0,3,0,0.1985,0.9925,0.0,0.0,3,179.9065,921,918,157.8638,158.8638,918,734,144
8ebdb0b3-2c32-494c-b6b3-b6162684d288,2026-10-10T06:18:43.838064+00:00,813,forecast,C,NS,1,0,0,0,0,0,0.0,0.0,0.1985,0.0,3,179.9065,921,918,157.8638,158.8638,918,734,144
8ebdb0b3-2c32-494c-b6b3-b6162684d288,2026-10-10T06:18:43.838064+00:00,813,forecast,D,NS,1,0,0,0,0,0,0.0,0.1985,0.397,0.0,3,179.9065,921,918,157.8638,158.8638,918,734,144
8ebdb0b3-2c32-494c-b6b3-b6162684d288,2026-10-10T06:18:44.821454+00:00,814,forecast,A,EW,1,0,0,0,0,0,0.0,0.0,0.0,0.3957,3,179.6892,921,918,157.8638,158.8638,918,734,144
8ebdb0b3-2c32-494c-b6b3-b6162684d288,2026-10-10T06:18:44.821454+00:00,814,forecast,B,EW,0,0,0,0,3,0,0.1979,0.9893,0.0,0.0,3,179.6892,921,918,157.8638,158.8638,918,734,144
8ebdb0b3-2c32-494c-b6b3-b6162684d288,2026-10-10T06:18:44.821454+00:00,814,forecast,C,NS,0,0,0,0,0,0,0.0,0.0,0.1979,0.0,3,179.6892,921,918,157.8638,158.8638,918,734,144
8ebdb0b3-2c32-494c-b6b3-b6162684d288,2026-10-10T06:18:44.821454+00:00,814,forecast,D,NS,0,0,0,0,0,0,0.0,0.1979,0.3957,0.0,3,179.6892,921,918,157.8638,158.8638,918,734,144
8ebdb0b3-2c32-494c-b6b3-b6162684d288,2026-10-10T06:18:45.818955+00:00,815,forecast,A,EW,0,0,0,0,0,0,0.0,0.0,0.0,0.3989,3,179.4724,921,918,157.8638,158.8638,918,734,144
8ebdb0b3-2c32-494c-b6b3-b6162684d288,2026-10-10T06:18:45.818955+00:00,815,forecast,B,EW,1,0,0,0,3,0,0.1995,0.9974,0.0,0.0,3,179.4724,921,918,157.8638,158.8638,918,734,144
8ebdb0b3-2c32-494c-b6b3-b6162684d288,2026-10-10T06:18:45.818955+00:00,815,forecast,C,NS,1,0,0,0,0,0,0.0,0.0,0.1995,0.0,3,179.4724,921,918,157.8638,158.8638,918,734,144
8ebdb0b3-2c32-494c-b6b3-b6162684d288,2026-10-10T06:18:45.818955+00:00,815,forecast,D,NS,1,0,0,0,0,0,0.0,0.1995,0.3989,0.0,3,179.4724,921,918,157.8638,158.8638,918,734,144
8ebdb0b3-2c32-494c-b6b3-b6162684d288,2026-10-10T06:18:46.821428+00:00,816,forecast,A,EW,1,0,0,0,0,0,0.0,0.0,0.0,0.4023,3,179.2561,921,918,157.8638,158.8638,918,734,144
8ebdb0b3-2c32-494c-b6b3-b6162684d288,2026-10-10T06:18:46.821428+00:00,816,forecast,B,EW,0,0,0,0,3,0,0.2012,1.0059,0.0,0.0,3,179.2561,921,918,157.8638,158.8638,918,734,144
8ebdb0b3-2c32-494c-b6b3-b6162684d288,2026-10-10T06:18:46.821428+00:00,816,forecast,C,NS,0,0,0,0,0,0,0.0,0.0,0.2012,0.0,3,179.2561,921,918,157.8638,158.8638,918,734,144
8ebdb0b3-2c32-494c-b6b3-b6162684d288,2026-10-10T06:18:46.821428+00:00,816,forecast,D,NS,0,0,0,0,0,0,0.0,0.2012,0.4023,0.0,3,179.2561,921,918,157.8638,158.8638,918,734,144
8ebdb0b3-2c32-494c-b6b3-b6162684d288,2026-10-10T06:18:47.838853+00:00,817,forecast,A,EW,0,0,0,0,0,0,0.0,0.0,0.0,0.4036,3,179.0404,921,918,157.8638,158.8638,918,734,144
8ebdb0b3-2c32-494c-b6b3-b6162684d288,2026-10-10T06:18:47.838853+00:00,817,forecast,B,EW,2,0,0,0,3,0,0.2018,1.009,0.0,0.0,3,179.0404,921,918,157.8638,158.8638,918,734,144
8ebdb0b3-2c32-494c-b6b3-b6162684d288,2026-10-10T06:18:47.838853+00:00,817,forecast,C,NS,1,0,0,0,0,0,0.0,0.0,0.2018,0.0,3,179.0404,921,918,157.8638,158.8638,918,734,144
8ebdb0b3-2c32-494c-b6b3-b6162684d288,2026-10-10T06:18:47.838853+00:00,817,forecast,D,NS,1,0,0,0,0,0,0.0,0.2018,0.4036,0.0,3,179.0404,921,918,157.8638,158.8638,918,734,144
8ebdb0b3-2c32-494c-b6b3-b6162684d288,2026-10-10T06:18:48.840440+00:00,818,forecast,A,EW,1,0,0,0,0,0,0.0,0.0,0.0,0.4032,3,178.8252,921,918,157.8638,158.8638,918,734,144
8ebdb0b3-2c32-494c-b6b3-b6162684d288,2026-10-10T06:18:48.840440+00:00,818,forecast,B,EW,1,0,0,0,3,0,0.2016,1.008,0.0,0.0,3,178.8252,921,918,157.8638,158.8638,918,734,144
8ebdb0b3-2c32-494c-b6b3-b6162684d288,2026-10-10T06:18:48.840440+00:00,818,forecast,C,NS,0,0,0,0,0,0,0.0,0.0,0.2016,0.0,3,178.8252,921,918,157.8638,158.8638,918,734,144
8ebdb0b3-2c32-494c-b6b3-b6162684d288,2026-10-10T06:18:48.840440+00:00,818,forecast,D,NS,0,0,0,0,0,0,0.0,0.2016,0.4032,0.0,3,178.8252,921,918,157.8638,158.8638,918,734,144
8ebdb0b3-2c32-494c-b6b3-b6162684d288,2026-10-10T06:18:49.823007+00:00,819,forecast,A,EW,0,0,0,0,0,0,0.0,0.0,0.0,0.3986,3,178.6105,921,918,157.8638,158.8638,918,734,144
8ebdb0b3-2c32-494c-b6b3-b6162684d288,2026-10-10T06:18:49.823007+00:00,819,forecast,B,EW,0,0,0,0,3,0,0.1993,0.9964,0.0,0.0,3,178.6105,921,918,157.8638,158.8638,918,734,144
8ebdb0b3-2c32-494c-b6b3-b6162684d288,2026-10-10T06:18:49.823007+00:00,819,forecast,C,NS,1,0,0,0,0,0,0.0,0.0,0.1993,0.0,3,178.6105,921,918,157.8638,158.8638,918,734,144
8ebdb0b3-2c32-494c-b6b3-b6162684d288,2026-10-10T06:18:49.823007+00:00,819,forecast,D,NS,1,0,0,0,0,0,0.0,0.1993,0.3986,0.0,3,178.6105,921,918,157.8638,158.8638,918,734,144
8ebdb0b3-2c32-494c-b6b3-b6162684d288,2026-10-10T06:18:50.909202+00:00,820,forecast,A,EW,1,0,0,0,0,0,0.0,0.0,0.0,0.3954,3,178.3963,921,918,157.8638,158.8638,918,734,144
8ebdb0b3-2c32-494c-b6b3-b6162684d288,2026-10-10T06:18:50.909202+00:00,820,forecast,B,EW,1,0,0,0,3,0,0.1977,0.9886,0.0,0.0,3,178.3963,921,918,157.8638,158.8638,918,734,144
8ebdb0b3-2c32-494c-b6b3-b6162684d288,2026-10-10T06:18:50.909202+00:00,820,forecast,C,NS,0,0,0,0,0,0,0.0,0.0,0.1977,0.0,3,178.3963,921,918,157.8638,158.8638,918,734,144
8ebdb0b3-2c32-494c-b6b3-b6162684d288,2026-10-10T06:18:50.909202+00:00,820,forecast,D,NS,0,0,0,0,0,0,0.0,0.1977,0.3954,0.0,3,178.3963,921,918,157.8638,158.8638,918,734,144
8ebdb0b3-2c32-494c-b6b3-b6162684d288,2026-10-10T06:18:51.823393+00:00,821,forecast,A,EW,0,0,0,0,0,0,0.0,0.0,0.0,0.397,3,178.1827,921,918,157.8638,158.8638,918,734,144
8ebdb0b3-2c32-494c-b6b3-b6162684d288,2026-10-10T06:18:51.823393+00:00,821,forecast,B,EW,0,0,0,0,3,0,0.1985,0.9924,0.0,0.0,3,178.1827,921,918,157.8638,158.8638,918,734,144
8ebdb0b3-2c32-494c-b6b3-b6162684d288,2026-10-10T06:18:51.823393+00:00,821,forecast,C,NS,1,0,0,0,0,0,0.0,0.0,0.1985,0.0,3,178.1827,921,918,157.8638,158.8638,918,734,144
8ebdb0b3-2c32-494c-b6b3-b6162684d288,2026-10-10T06:18:51.823393+00:00,821,forecast,D,NS,1,0,0,0,0,0,0.0,0.1985,0.397,0.0,3,178.1827,921,918,157.8638,158.8638,918,734,144
8ebdb0b3-2c32-494c-b6b3-b6162684d288,2026-10-10T06:18:52.826277+00:00,822,forecast,A,EW,1,0,0,0,0,0,0.0,0.0,0.0,0.401,3,177.9696,921,918,157.8638,158.8638,918,734,144
8ebdb0b3-2c32-494c-b6b3-b6162684d288,2026-10-10T06:18:52.826277+00:00,822,forecast,B,EW,2,0,0,0,3,0,0.2005,1.0025,0.0,0.0,3,177.9696,921,918,157.8638,158.8638,918,734,144
8ebdb0b3-2c32-494c-b6b3-b6162684d288,2026-10-10T06:18:52.826277+00:00,822,forecast,C,NS,0,0,0,0,0,0,0.0,0.0,0.2005,0.0,3,177.9696,921,918,157.8638,158.8638,918,734,144
8ebdb0b3-2c32-494c-b6b3-b6162684d288,2026-10-10T06:18:52.826277+00:00,822,forecast,D,NS,0,0,0,0,0,0,0.0,0.2005,0.401,0.0,3,177.9696,921,918,157.8638,158.8638,918,734,144
8ebdb0b3-2c32-494c-b6b3-b6162684d288,2026-10-10T06:18:53.856261+00:00,823,forecast,A,EW,0,0,0,0,0,0,0.0,0.0,0.0,0.4037,3,177.757,921,918,157.8638,158.8638,918,734,144
8ebdb0b3-2c32-494c-b6b3-b6162684d288,2026-10-10T06:18:53.856261+00:00,823,forecast,B,EW,1,0,0,0,3,0,0.2018,1.0092,0.0,0.0,3,177.757,921,918,157.8638,158.8638,918,734,144
8ebdb0b3-2c32-494c-b6b3-b6162684d288,2026-10-10T06:18:53.856261+00:00,823,forecast,C,NS,1,0,0,0,0,0,0.0,0.0,0.2018,0.0,3,177.757,921,918,157.8638,158.8638,918,734,144
8ebdb0b3-2c32-494c-b6b3-b6162684d288,2026-10-10T06:18:53.856261+00:00,823,forecast,D,NS,1,0,0,0,0,0,0.0,0.2018,0.4037,0.0,3,177.757,921,918,157.8638,158.8638,918,734,144
8ebdb0b3-2c32-494c-b6b3-b6162684d288,2026-10-10T06:18:54.823583+00:00,824,forecast,A,EW,1,0,0,0,0,0,0.0,0.0,0.0,0.4019,3,177.5449,921,918,157.8638,158.8638,918,734,144
8ebdb0b3-2c32-494c-b6b3-b6162684d288,2026-10-10T06:18:54.823583+00:00,824,forecast,B,EW,0,0,0,0,3,0,0.2009,1.0047,0.0,0.0,3,177.5449,921,918,157.8638,158.8638,918,734,144
8ebdb0b3-2c32-494c-b6b3-b6162684d288,2026-10-10T06:18:54.823583+00:00,824,forecast,C,NS,0,0,0,0,0,0,0.0,0.0,0.2009,0.0,3,177.5449,921,918,157.8638,158.8638,918,734,144
8ebdb0b3-2c32-494c-b6b3-b6162684d288,2026-10-10T06:18:54.823583+00:00,824,forecast,D,NS,0,0,0,0,0,0,0.0,0.2009,0.4019,0.0,3,177.5449,921,918,157.8638,158.8638,918,734,144
8ebdb0b3-2c32-494c-b6b3-b6162684d288,2026-10-10T06:18:55.826140+00:00,825,forecast,A,EW,0,0,0,0,0,0,0.0,0.0,0.0,0.401,3,177.3333,921,918,157.8638,158.8638,918,734,144
8ebdb0b3-2c32-494c-b6b3-b6162684d288,2026-10-10T06:18:55.826140+00:00,825,forecast,B,EW,2,0,0,0,3,0,0.2005,1.0026,0.0,0.0,3,177.3333,921,918,157.8638,158.8638,918,734,144
8ebdb0b3-2c32-494c-b6b3-b6162684d288,2026-10-10T06:18:55.826140+00:00,825,forecast,C,NS,1,0,0,0,0,0,0.0,0.0,0.2005,0.0,3,177.3333,921,918,157.8638,158.8638,918,734,144
8ebdb0b3-2c32-494c-b6b3-b6162684d288,2026-10-10T06:18:55.826140+00:00,825,forecast,D,NS,1,0,0,0,0,0,0.0,0.2005,0.401,0.0,3,177.3333,921,918,157.8638,158.8638,918,734,144
8ebdb0b3-2c32-494c-b6b3-b6162684d288,2026-10-10T06:18:56.856690+00:00,826,forecast,A,EW,1,0,0,0,0,0,0.0,0.0,0.0,0.397,3,177.1223,921,918,157.8638,158.8638,918,734,144
8ebdb0b3-2c32-494c-b6b3-b6162684d288,2026-10-10T06:18:56.856690+00:00,826,forecast,B,EW,1,0,0,0,3,0,0.1985,0.9925,0.0,0.0,3,177.1223,921,918,157.8638,158.8638,918,734,144
8ebdb0b3-2c32-494c-b6b3-b6162684d288,2026-10-10T06:18:56.856690+00:00,826,forecast,C,NS,0,0,0,0,0,0,0.0,0.0,0.1985,0.0,3,177.1223,921,918,157.8638,158.8638,918,734,144
8ebdb0b3-2c32-494c-b6b3-b6162684d288,2026-10-10T06:18:56.856690+00:00,826,forecast,D,NS,0,0,0,0,0,0,0.0,0.1985,0.397,0.0,3,177.1223,921,918,157.8638,158.8638,918,734,144
8ebdb0b3-2c32-494c-b6b3-b6162684d288,2026-10-10T06:18:57.827155+00:00,827,forecast,A,EW,0,0,0,0,0,0,0.0,0.0,0.0,0.3958,3,176.9117,921,918,157.8638,158.8638,918,734,144
8ebdb0b3-2c32-494c-b6b3-b6162684d288,2026-10-10T06:18:57.827155+00:00,827,forecast,B,EW,0,0,0,0,3,0,0.1979,0.9895,0.0,0.0,3,176.9117,921,918,157.8638,158.8638,918,734,144
8ebdb0b3-2c32-494c-b6b3-b6162684d288,2026-10-10T06:18:57.827155+00:00,827,forecast,C,NS,1,0,0,0,0,0,0.0,0.0,0.1979,0.0,3,176.9117,921,918,157.8638,158.8638,918,734,144
8ebdb0b3-2c32-494c-b6b3-b6162684d288,2026-10-10T06:18:57.827155+00:00,827,forecast,D,NS,1,0,0,0,0,0,0.0,0.1979,0.3958,0.0,3,176.9117,921,918,157.8638,158.8638,918,734,144
8ebdb0b3-2c32-494c-b6b3-b6162684d288,2026-10-10T06:18:58.824656+00:00,828,forecast,A,EW,1,0,0,0,0,0,0.0,0.0,0.0,0.3997,3,176.7017,921,918,157.8638,158.8638,918,734,144
8ebdb0b3-2c32-494c-b6b3-b6162684d288,2026-10-10T06:18:58.824656+00:00,828,forecast,B,EW,1,0,0,0,3,0,0.1999,0.9993,0.0,0.0,3,176.7017,921,918,157.8638,158.8638,918,734,144
8ebdb0b3-2c32-494c-b6b3-b6162684d288,2026-10-10T06:18:58.824656+00:00,828,forecast,C,NS,0,0,0,0,0,0,0.0,0.0,0.1999,0.0,3,176.7017,921,918,157.8638,158.8638,918,734,144
8ebdb0b3-2c32-494c-b6b3-b6162684d288,2026-10-10T06:18:58.824656+00:00,828,forecast,D,NS,0,0,0,0,0,0,0.0,0.1999,0.3997,0.0,3,176.7017,921,918,157.8638,158.8638,918,734,144
8ebdb0b3-2c32-494c-b6b3-b6162684d288,2026-10-10T06:18:59.834913+00:00,829,forecast,A,EW,0,0,0,0,0,0,0.0,0.0,0.0,0.403,3,176.4922,921,918,157.8638,158.8638,918,734,144
8ebdb0b3-2c32-494c-b6b3-b6162684d288,2026-10-10T06:18:59.834913+00:00,829,forecast,B,EW,0,0,0,0,3,0,0.2015,1.0075,0.0,0.0,3,176.4922,921,918,157.8638,158.8638,918,734,144
8ebdb0b3-2c32-494c-b6b3-b6162684d288,2026-10-10T06:18:59.834913+00:00,829,forecast,C,NS,1,0,0,0,0,0,0.0,0.0,0.2015,0.0,3,176.4922,921,918,157.8638,158.8638,918,734,144
8ebdb0b3-2c32-494c-b6b3-b6162684d288,2026-10-10T06:18:59.834913+00:00,829,forecast,D,NS,1,0,0,0,0,0,0.0,0.2015,0.403,0.0,3,176.4922,921,918,157.8638,158.8638,918,734,144
8ebdb0b3-2c32-494c-b6b3-b6162684d288,2026-10-10T06:19:00.831583+00:00,830,forecast,A,EW,1,0,0,0,0,0,0.0,0.0,0.0,0.4037,3,176.2831,921,918,157.8638,158.8638,918,734,144
8ebdb0b3-2c32-494c-b6b3-b6162684d288,2026-10-10T06:19:00.831583+00:00,830,forecast,B,EW,2,0,0,0,3,0,0.2018,1.0092,0.0,0.0,3,176.2831,921,918,157.8638,158.8638,918,734,144
8ebdb0b3-2c32-494c-b6b3-b6162684d288,2026-10-10T06:19:00.831583+00:00,830,forecast,C,NS,0,0,0,0,0,0,0.0,0.0,0.2018,0.0,3,176.2831,921,918,157.8638,158.8638,918,734,144
8ebdb0b3-2c32-494c-b6b3-b6162684d288,2026-10-10T06:19:00.831583+00:00,830,forecast,D,NS,0,0,0,0,0,0,0.0,0.2018,0.4037,0.0,3,176.2831,921,918,157.8638,158.8638,918,734,144
8ebdb0b3-2c32-494c-b6b3-b6162684d288,2026-10-10T06:19:01.826238+00:00,831,forecast,A,EW,0,0,0,0,0,0,0.0,0.0,0.0,0.4017,3,176.0746,921,918,157.8638,158.8638,918,734,144
8ebdb0b3-2c32-494c-b6b3-b6162684d288,2026-10-10T06:19:01.826238+00:00,831,forecast,B,EW,1,0,0,0,3,0,0.2009,1.0043,0.0,0.0,3,176.0746,921,918,157.8638,158.8638,918,734,144
8ebdb0b3-2c32-494c-b6b3-b6162684d288,2026-10-10T06:19:01.826238+00:00,831,forecast,C,NS,1,0,0,0,0,0,0.0,0.0,0.2009,0.0,3,176.0746,921,918,157.8638,158.8638,918,734,144
8ebdb0b3-2c32-494c-b6b3-b6162684d288,2026-10-10T06:19:01.826238+00:00,831,forecast,D,NS,1,0,0,0,0,0,0.0,0.2009,0.4017,0.0,3,176.0746,921,918,157.8638,158.8638,918,734,144
8ebdb0b3-2c32-494c-b6b3-b6162684d288,2026-10-10T06:19:02.832056+00:00,832,forecast,A,EW,1,0,0,0,0,0,0.0,0.0,0.0,0.3976,3,175.8666,921,918,157.8638,158.8638,918,734,144
8ebdb0b3-2c32-494c-b6b3-b6162684d288,2026-10-10T06:19:02.832056+00:00,832,forecast,B,EW,0,0,0,0,3,0,0.1988,0.9939,0.0,0.0,3,175.8666,921,918,157.8638,158.8638,918,734,144
8ebdb0b3-2c32-494c-b6b3-b6162684d288,2026-10-10T06:19:02.832056+00:00,832,forecast,C,NS,0,0,0,0,0,0,0.0,0.0,0.1988,0.0,3,175.8666,921,918,157.8638,158.8638,918,734,144
8ebdb0b3-2c32-494c-b6b3-b6162684d288,2026-10-10T06:19:02.832056+00:00,832,forecast,D,NS,0,0,0,0,0,0,0.0,0.1988,0.3976,0.0,3,175.8666,921,918,157.8638,158.8638,918,734,144
8ebdb0b3-2c32-494c-b6b3-b6162684d288,2026-10-10T06:19:03.840372+00:00,833,forecast,A,EW,0,0,0,0,0,0,0.0,0.0,0.0,0.3962,3,175.6591,921,918,157.8638,158.8638,918,734,144
8ebdb0b3-2c32-494c-b6b3-b6162684d288,2026-10-10T06:19:03.840372+00:00,833,forecast,B,EW,1,0,0,0,3,0,0.1981,0.9905,0.0,0.0,3,175.6591,921,918,157.8638,158.8638,918,734,144
8ebdb0b3-2c32-494c-b6b3-b6162684d288,2026-10-10T06:19:03.840372+00:00,833,forecast,C,NS,1,0,0,0,0,0,0.0,0.0,0.1981,0.0,3,175.6591,921,918,157.8638,158.8638,918,734,144
8ebdb0b3-2c32-494c-b6b3-b6162684d288,2026-10-10T06:19:03.840372+00:00,833,forecast,D,NS,1,0,0,0,0,0,0.0,0.1981,0.3962,0.0,3,175.6591,921,918,157.8638,158.8638,918,734,144
8ebdb0b3-2c32-494c-b6b3-b6162684d288,2026-10-10T06:19:04.829728+00:00,834,forecast,A,EW,1,0,0,0,0,0,0.0,0.0,0.0,0.3977,3,175.452,921,918,157.8638,158.8638,918,734,144
8ebdb0b3-2c32-494c-b6b3-b6162684d288,2026-10-10T06:19:04.829728+00:00,834,forecast,B,EW,0,0,0,0,3,0,0.1989,0.9943,0.0,0.0,3,175.452,921,918,157.8638,158.8638,918,734,144
8ebdb0b3-2c32-494c-b6b3-b6162684d288,2026-10-10T06:19:04.829728+00:00,834,forecast,C,NS,0,0,0,0,0,0,0.0,0.0,0.1989,0.0,3,175.452,921,918,157.8638,158.8638,918,734,144
8ebdb0b3-2c32-494c-b6b3-b6162684d288,2026-10-10T06:19:04.829728+00:00,834,forecast,D,NS,0,0,0,0,0,0,0.0,0.1989,0.3977,0.0,3,175.452,921,918,157.8638,158.8638,918,734,144
8ebdb0b3-2c32-494c-b6b3-b6162684d288,2026-10-10T06:19:05.854269+00:00,835,forecast,A,EW,0,0,0,0,0,0,0.0,0.0,0.0,0.4021,3,175.2455,921,918,157.8638,158.8638,918,734,144
8ebdb0b3-2c32-494c-b6b3-b6162684d288,2026-10-10T06:19:05.854269+00:00,835,forecast,B,EW,2,0,0,0,3,0,0.2011,1.0054,0.0,0.0,3,175.2455,921,918,157.8638,158.8638,918,734,144
8ebdb0b3-2c32-494c-b6b3-b6162684d288,2026-10-10T06:19:05.854269+00:00,835,forecast,C,NS,1,0,0,0,0,0,0.0,0.0,0.2011,0.0,3,175.2455,921,918,157.8638,158.8638,918,734,144
8ebdb0b3-2c32-494c-b6b3-b6162684d288,2026-10-10T06:19:05.854269+00:00,835,forecast,D,NS,1,0,0,0,0,0,0.0,0.2011,0.4021,0.0,3,175.2455,921,918,157.8638,158.8638,918,734,144
8ebdb0b3-2c32-494c-b6b3-b6162684d288,2026-10-10T06:19:06.852845+00:00,836,forecast,A,EW,1,0,0,0,0,0,0.0,0.0,0.0,0.4043,3,175.0395,921,918,157.8638,158.8638,918,734,144
8ebdb0b3-2c32-494c-b6b3-b6162684d288,2026-10-10T06:19:06.852845+00:00,836,forecast,B,EW,1,0,0,0,3,0,0.2022,1.0108,0.0,0.0,3,175.0395,921,918,157.8638,158.8638,918,734,144
8ebdb0b3-2c32-494c-b6b3-b6162684d288,2026-10-10T06:19:06.852845+00:00,836,forecast,C,NS,0,0,0,0,0,0,0.0,0.0,0.2022,0.0,3,175.0395,921,918,157.8638,158.8638,918,734,144
8ebdb0b3-2c32-494c-b6b3-b6162684d288,2026-10-10T06:19:06.852845+00:00,836,forecast,D,NS,0,0,0,0,0,0,0.0,0.2022,0.4043,0.0,3,175.0395,921,918,157.8638,158.8638,918,734,144
8ebdb0b3-2c32-494c-b6b3-b6162684d288,2026-10-10T06:19:07.832330+00:00,837,forecast,A,EW,0,0,0,0,0,0,0.0,0.0,0.0,0.4027,3,174.8339,921,918,157.8638,158.8638,918,734,144
8ebdb0b3-2c32-494c-b6b3-b6162684d288,2026-10-10T06:19:07.832330+00:00,837,forecast,B,EW,0,0,0,0,3,0,0.2014,1.0068,0.0,0.0,3,174.8339,921,918,157.8638,158.8638,918,734,144
8ebdb0b3-2c32-494c-b6b3-b6162684d288,2026-10-10T06:19:07.832330+00:00,837,forecast,C,NS,1,0,0,0,0,0,0.0,0.0,0.2014,0.0,3,174.8339,921,918,157.8638,158.8638,918,734,144
8ebdb0b3-2c32-494c-b6b3-b6162684d288,2026-10-10T06:19:07.832330+00:00,837,forecast,D,NS,1,0,0,0,0,0,0.0,0.2014,0.4027,0.0,3,174.8339,921,918,157.8638,158.8638,918,734,144
8ebdb0b3-2c32-494c-b6b3-b6162684d288,2026-10-10T06:19:08.840327+00:00,838,forecast,A,EW,1,0,0,0,0,0,0.0,0.0,0.0,0.399,3,174.6289,921,918,157.8638,158.8638,918,734,144
8ebdb0b3-2c32-494c-b6b3-b6162684d288,2026-10-10T06:19:08.840327+00:00,838,forecast,B,EW,1,0,0,0,3,0,0.1995,0.9975,0.0,0.0,3,174.6289,921,918,157.8638,158.8638,918,734,144
8ebdb0b3-2c32-494c-b6b3-b6162684d288,2026-10-10T06:19:08.840327+00:00,838,forecast,C,NS,0,0,0,0,0,0,0.0,0.0,0.1995,0.0,3,174.6289,921,918,157.8638,158.8638,918,734,144
8ebdb0b3-2c32-494c-b6b3-b6162684d288,2026-10-10T06:19:08.840327+00:00,838,forecast,D,NS,0,0,0,0,0,0,0.0,0.1995,0.399,0.0,3,174.6289,921,918,157.8638,158.8638,918,734,144
8ebdb0b3-2c32-494c-b6b3-b6162684d288,2026-10-10T06:19:09.842716+00:00,839,forecast,A,EW,0,0,0,0,0,0,0.0,0.0,0.0,0.3953,3,174.4243,921,918,157.8638,158.8638,918,734,144
8ebdb0b3-2c32-494c-b6b3-b6162684d288,2026-10-10T06:19:09.842716+00:00,839,forecast,B,EW,0,0,0,0,3,0,0.1976,0.9882,0.0,0.0,3,174.4243,921,918,157.8638,158.8638,918,734,144
8ebdb0b3-2c32-494c-b6b3-b6162684d288,2026-10-10T06:19:09.842716+00:00,839,forecast,C,NS,1,0,0,0,0,0,0.0,0.0,0.1976,0.0,3,174.4243,921,918,157.8638,158.8638,918,734,144
8ebdb0b3-2c32-494c-b6b3-b6162684d288,2026-10-10T06:19:09.842716+00:00,839,forecast,D,NS,1,0,0,0,0,0,0.0,0.1976,0.3953,0.0,3,174.4243,921,918,157.8638,158.8638,918,734,144
8ebdb0b3-2c32-494c-b6b3-b6162684d288,2026-10-10T06:19:10.862062+00:00,840,forecast,A,EW,1,0,0,0,0,0,0.0,0.0,0.0,0.3971,3,174.2202,921,918,157.8638,158.8638,918,734,144
8ebdb0b3-2c32-494c-b6b3-b6162684d288,2026-10-10T06:19:10.862062+00:00,840,forecast,B,EW,1,0,0,0,3,0,0.1986,0.9928,0.0,0.0,3,174.2202,921,918,157.8638,158.8638,918,734,144
8ebdb0b3-2c32-494c-b6b3-b6162684d288,2026-10-10T06:19:10.862062+00:00,840,forecast,C,NS,0,0,0,0,0,0,0.0,0.0,0.1986,0.0,3,174.2202,921,918,157.8638,158.8638,918,734,144
8ebdb0b3-2c32-494c-b6b3-b6162684d288,2026-10-10T06:19:10.862062+00:00,840,forecast,D,NS,0,0,0,0,0,0,0.0,0.1986,0.3971,0.0,3,174.2202,921,918,157.8638,158.8638,918,734,144
8ebdb0b3-2c32-494c-b6b3-b6162684d288,2026-10-10T06:19:11.840980+00:00,841,forecast,A,EW,0,0,0,0,0,0,0.0,0.0,0.0,0.3999,3,174.0166,921,918,157.8638,158.8638,918,734,144
8ebdb0b3-2c32-494c-b6b3-b6162684d288,2026-10-10T06:19:11.840980+00:00,841,forecast,B,EW,0,0,0,0,3,0,0.2,0.9999,0.0,0.0,3,174.0166,921,918,157.8638,158.8638,918,734,144
8ebdb0b3-2c32-494c-b6b3-b6162684d288,2026-10-10T06:19:11.840980+00:00,841,forecast,C,NS,1,0,0,0,0,0,0.0,0.0,0.2,0.0,3,174.0166,921,918,157.8638,158.8638,918,734,144
8ebdb0b3-2c32-494c-b6b3-b6162684d288,2026-10-10T06:19:11.840980+00:00,841,forecast,D,NS,1,0,0,0,0,0,0.0,0.2,0.3999,0.0,3,174.0166,921,918,157.8638,158.8638,918,734,144
8ebdb0b3-2c32-494c-b6b3-b6162684d288,2026-10-10T06:19:12.834986+00:00,842,forecast,A,EW,1,0,0,0,0,0,0.0,0.0,0.0,0.4046,3,173.8135,921,918,157.8638,158.8638,918,734,144
8ebdb0b3-2c32-494c-b6b3-b6162684d288,2026-10-10T06:19:12.834986+00:00,842,forecast,B,EW,2,0,0,0,3,0,0.2023,1.0114,0.0,0.0,3,173.8135,921,918,157.8638,158.8638,918,734,144
8ebdb0b3-2c32-494c-b6b3-b6162684d288,2026-10-10T06:19:12.834986+00:00,842,forecast,C,NS,0,0,0,0,0,0,0.0,0.0,0.2023,0.0,3,173.8135,921,918,157.8638,158.8638,918,734,144
8ebdb0b3-2c32-494c-b6b3-b6162684d288,2026-10-10T06:19:12.834986+00:00,842,forecast,D,NS,0,0,0,0,0,0,0.0,0.2023,0.4046,0.0,3,173.8135,921,918,157.8638,158.8638,918,734,144
8ebdb0b3-2c32-494c-b6b3-b6162684d288,2026-10-10T06:19:13.845931+00:00,843,forecast,A,EW,0,0,0,0,0,0,0.0,0.0,0.0,0.4021,3,173.6109,921,918,157.8638,158.8638,918,734,144
8ebdb0b3-2c32-494c-b6b3-b6162684d288,2026-10-10T06:19:13.845931+00:00,843,forecast,B,EW,1,0,0,0,3,0,0.2011,1.0053,0.0,0.0,3,173.6109,921,918,157.8638,158.8638,918,734,144
8ebdb0b3-2c32-494c-b6b3-b6162684d288,2026-10-10T06:19:13.845931+00:00,843,forecast,C,NS,1,0,0,0,0,0,0.0,0.0,0.2011,0.0,3,173.6109,921,918,157.8638,158.8638,918,734,144
8ebdb0b3-2c32-494c-b6b3-b6162684d288,2026-10-10T06:19:13.845931+00:00,843,forecast,D,NS,1,0,0,0,0,0,0.0,0.2011,0.4021,0.0,3,173.6109,921,918,157.8638,158.8638,918,734,144
8ebdb0b3-2c32-494c-b6b3-b6162684d288,2026-10-10T06:19:14.873444+00:00,844,forecast,A,EW,1,0,0,0,0,0,0.0,0.0,0.0,0.4008,3,173.4088,921,918,157.8638,158.8638,918,734,144
8ebdb0b3-2c32-494c-b6b3-b6162684d288,2026-10-10T06:19:14.873444+00:00,844,forecast,B,EW,0,0,0,0,3,0,0.2004,1.0021,0.0,0.0,3,173.4088,921,918,157.8638,158.8638,918,734,144
8ebdb0b3-2c32-494c-b6b3-b6162684d288,2026-10-10T06:19:14.873444+00:00,844,forecast,C,NS,0,0,0,0,0,0,0.0,0.0,0.2004,0.0,3,173.4088,921,918,157.8638,158.8638,918,734,144
8ebdb0b3-2c32-494c-b6b3-b6162684d288,2026-10-10T06:19:14.873444+00:00,844,forecast,D,NS,0,0,0,0,0,0,0.0,0.2004,0.4008,0.0,3,173.4088,921,918,157.8638,158.8638,918,734,144
8ebdb0b3-2c32-494c-b6b3-b6162684d288,2026-10-10T06:19:15.822137+00:00,845,forecast,A,EW,0,0,0,0,0,0,0.0,0.0,0.0,0.3969,3,173.2071,921,918,157.8638,158.8638,918,734,144
8ebdb0b3-2c32-494c-b6b3-b6162684d288,2026-10-10T06:19:15.822137+00:00,845,forecast,B,EW,1,0,0,0,3,0,0.1985,0.9923,0.0,0.0,3,173.2071,921,918,157.8638,158.8638,918,734,144
8ebdb0b3-2c32-494c-b6b3-b6162684d288,2026-10-10T06:19:15.822137+00:00,845,forecast,C,NS,1,0,0,0,0,0,0.0,0.0,0.1985,0.0,3,173.2071,921,918,157.8638,158.8638,918,734,144
8ebdb0b3-2c32-494c-b6b3-b6162684d288,2026-10-10T06:19:15.822137+00:00,845,forecast,D,NS,1,0,0,0,0,0,0.0,0.1985,0.3969,0.0,3,173.2071,921,918,157.8638,158.8638,918,734,144
8ebdb0b3-2c32-494c-b6b3-b6162684d288,2026-10-10T06:19:16.820006+00:00,846,forecast,A,EW,1,0,0,0,0,0,0.0,0.0,0.0,0.396,3,173.0059,921,918,157.8638,158.8638,918,734,144
8ebdb0b3-2c32-494c-b6b3-b6162684d288,2026-10-10T06:19:16.820006+00:00,846,forecast,B,EW,0,0,0,0,3,0,0.198,0.99,0.0,0.0,3,173.0059,921,918,157.8638,158.8638,918,734,144
8ebdb0b3-2c32-494c-b6b3-b6162684d288,2026-10-10T06:19:16.820006+00:00,846,forecast,C,NS,0,0,0,0,0,0,0.0,0.0,0.198,0.0,3,173.0059,921,918,157.8638,158.8638,918,734,144
8ebdb0b3-2c32-494c-b6b3-b6162684d288,2026-10-10T06:19:16.820006+00:00,846,forecast,D,NS,0,0,0,0,0,0,0.0,0.198,0.396,0.0,3,173.0059,921,918,157.8638,158.8638,918,734,144
8ebdb0b3-2c32-494c-b6b3-b6162684d288,2026-10-10T06:19:17.819689+00:00,847,forecast,A,EW,0,0,0,0,0,0,0.0,0.0,0.0,0.3992,3,172.8052,921,918,157.8638,158.8638,918,734,144
8ebdb0b3-2c32-494c-b6b3-b6162684d288,2026-10-10T06:19:17.819689+00:00,847,forecast,B,EW,1,0,0,0,3,0,0.1996,0.998,0.0,0.0,3,172.8052,921,918,157.8638,158.8638,918,734,144
8ebdb0b3-2c32-494c-b6b3-b6162684d288,2026-10-10T06:19:17.819689+00:00,847,forecast,C,NS,1,0,0,0,0,0,0.0,0.0,0.1996,0.0,3,172.8052,921,918,157.8638,158.8638,918,734,144
8ebdb0b3-2c32-494c-b6b3-b6162684d288,2026-10-10T06:19:17.819689+00:00,847,forecast,D,NS,1,0,0,0,0,0,0.0,0.1996,0.3992,0.0,3,172.8052,921,918,157.8638,158.8638,918,734,144
8ebdb0b3-2c32-494c-b6b3-b6162684d288,2026-10-10T06:19:18.853304+00:00,848,forecast,A,EW,1,0,0,0,0,0,0.0,0.0,0.0,0.4021,3,172.605,921,918,157.8638,158.8638,918,734,144
8ebdb0b3-2c32-494c-b6b3-b6162684d288,2026-10-10T06:19:18.853304+00:00,848,forecast,B,EW,0,0,0,0,3,0,0.2011,1.0053,0.0,0.0,3,172.605,921,918,157.8638,158.8638,918,734,144
8ebdb0b3-2c32-494c-b6b3-b6162684d288,2026-10-10T06:19:18.853304+00:00,848,forecast,C,NS,0,0,0,0,0,0,0.0,0.0,0.2011,0.0,3,172.605,921,918,157.8638,158.8638,918,734,144
8ebdb0b3-2c32-494c-b6b3-b6162684d288,2026-10-10T06:19:18.853304+00:00,848,forecast,D,NS,0,0,0,0,0,0,0.0,0.2011,0.4021,0.0,3,172.605,921,918,157.8638,158.8638,918,734,144
8ebdb0b3-2c32-494c-b6b3-b6162684d288,2026-10-10T06:19:19.877217+00:00,849,forecast,A,EW,0,0,0,0,0,0,0.0,0.0,0.0,0.4026,3,172.4052,921,918,157.8638,158.8638,918,734,144
8ebdb0b3-2c32-494c-b6b3-b6162684d288,2026-10-10T06:19:19.877217+00:00,849,forecast,B,EW,2,0,0,0,3,0,0.2013,1.0064,0.0,0.0,3,172.4052,921,918,157.8638,158.8638,918,734,144
8ebdb0b3-2c32-494c-b6b3-b6162684d288,2026-10-10T06:19:19.877217+00:00,849,forecast,C,NS,1,0,0,0,0,0,0.0,0.0,0.2013,0.0,3,172.4052,921,918,157.8638,158.8638,918,734,144
8ebdb0b3-2c32-494c-b6b3-b6162684d288,2026-10-10T06:19:19.877217+00:00,849,forecast,D,NS,1,0,0,0,0,0,0.0,0.2013,0.4026,0.0,3,172.4052,921,918,157.8638,158.8638,918,734,144
8ebdb0b3-2c32-494c-b6b3-b6162684d288,2026-10-10T06:19:20.844413+00:00,850,forecast,A,EW,1,0,0,0,0,0,0.0,0.0,0.0,0.3994,3,172.2059,921,918,157.8638,158.8638,918,734,144
8ebdb0b3-2c32-494c-b6b3-b6162684d288,2026-10-10T06:19:20.844413+00:00,850,forecast,B,EW,1,0,0,0,3,0,0.1997,0.9985,0.0,0.0,3,172.2059,921,918,157.8638,158.8638,918,734,144
8ebdb0b3-2c32-494c-b6b3-b6162684d288,2026-10-10T06:19:20.844413+00:00,850,forecast,C,NS,0,0,0,0,0,0,0.0,0.0,0.1997,0.0,3,172.2059,921,918,157.8638,158.8638,918,734,144
8ebdb0b3-2c32-494c-b6b3-b6162684d288,2026-10-10T06:19:20.844413+00:00,850,forecast,D,NS,0,0,0,0,0,0,0.0,0.1997,0.3994,0.0,3,172.2059,921,918,157.8638,158.8638,918,734,144
8ebdb0b3-2c32-494c-b6b3-b6162684d288,2026-10-10T06:19:21.920413+00:00,851,forecast,A,EW,0,0,0,0,0,0,0.0,0.0,0.0,0.3978,3,172.0071,921,918,157.8638,158.8638,918,734,144
8ebdb0b3-2c32-494c-b6b3-b6162684d288,2026-10-10T06:19:21.920413+00:00,851,forecast,B,EW,0,0,0,0,3,0,0.1989,0.9946,0.0,0.0,3,172.0071,921,918,157.8638,158.8638,918,734,144
8ebdb0b3-2c32-494c-b6b3-b6162684d288,2026-10-10T06:19:21.920413+00:00,851,forecast,C,NS,1,0,0,0,0,0,0.0,0.0,0.1989,0.0,3,172.0071,921,918,157.8638,158.8638,918,734,144
8ebdb0b3-2c32-494c-b6b3-b6162684d288,2026-10-10T06:19:21.920413+00:00,851,forecast,D,NS,1,0,0,0,0,0,0.0,0.1989,0.3978,0.0,3,172.0071,921,918,157.8638,158.8638,918,734,144
8ebdb0b3-2c32-494c-b6b3-b6162684d288,2026-10-10T06:19:22.838945+00:00,852,forecast,A,EW,1,0,0,0,0,0,0.0,0.0,0.0,0.3976,3,171.8087,921,918,157.8638,158.8638,918,734,144
8ebdb0b3-2c32-494c-b6b3-b6162684d288,2026-10-10T06:19:22.838945+00:00,852,forecast,B,EW,1,0,0,0,3,0,0.1988,0.9941,0.0,0.0,3,171.8087,921,918,157.8638,158.8638,918,734,144
8ebdb0b3-2c32-494c-b6b3-b6162684d288,2026-10-10T06:19:22.838945+00:00,852,forecast,C,NS,0,0,0,0,0,0,0.0,0.0,0.1988,0.0,3,171.8087,921,918,157.8638,158.8638,918,734,144
8ebdb0b3-2c32-494c-b6b3-b6162684d288,2026-10-10T06:19:22.838945+00:00,852,forecast,D,NS,0,0,0,0,0,0,0.0,0.1988,0.3976,0.0,3,171.8087,921,918,157.8638,158.8638,918,734,144
8ebdb0b3-2c32-494c-b6b3-b6162684d288,2026-10-10T06:19:23.833227+00:00,853,forecast,A,EW,0,0,0,0,0,0,0.0,0.0,0.0,0.3998,3,171.6108,921,918,157.8638,158.8638,918,734,144
8ebdb0b3-2c32-494c-b6b3-b6162684d288,2026-10-10T06:19:23.833227+00:00,853,forecast,B,EW,0,0,0,0,3,0,0.1999,0.9996,0.0,0.0,3,171.6108,921,918,157.8638,158.8638,918,734,144
8ebdb0b3-2c32-494c-b6b3-b6162684d288,2026-10-10T06:19:23.833227+00:00,853,forecast,C,NS,1,0,0,0,0,0,0.0,0.0,0.1999,0.0,3,171.6108,921,918,157.8638,158.8638,918,734,144
8ebdb0b3-2c32-494c-b6b3-b6162684d288,2026-10-10T06:19:23.833227+00:00,853,forecast,D,NS,1,0,0,0,0,0,0.0,0.1999,0.3998,0.0,3,171.6108,921,918,157.8638,158.8638,918,734,144
8ebdb0b3-2c32-494c-b6b3-b6162684d288,2026-10-10T06:19:24.822548+00:00,854,forecast,A,EW,1,0,0,0,0,0,0.0,0.0,0.0,0.4026,3,171.4133,921,918,157.8638,158.8638,918,734,144
8ebdb0b3-2c32-494c-b6b3-b6162684d288,2026-10-10T06:19:24.822548+00:00,854,forecast,B,EW,2,0,0,0,3,0,0.2013,1.0066,0.0,0.0,3,171.4133,921,918,157.8638,158.8638,918,734,144
8ebdb0b3-2c32-494c-b6b3-b6162684d288,2026-10-10T06:19:24.822548+00:00,854,forecast,C,NS,0,0,0,0,0,0,0.0,0.0,0.2013,0.0,3,171.4133,921,918,157.8638,158.8638,918,734,144
8ebdb0b3-2c32-494c-b6b3-b6162684d288,2026-10-10T06:19:24.822548+00:00,854,forecast,D,NS,0,0,0,0,0,0,0.0,0.2013,0.4026,0.0,3,171.4133,921,918,157.8638,158.8638,918,734,144
8ebdb0b3-2c32-494c-b6b3-b6162684d288,2026-10-10T06:19:25.822382+00:00,855,forecast,A,EW,0,0,0,0,0,0,0.0,0.0,0.0,0.4029,3,171.2164,921,918,157.8638,158.8638,918,734,144
8ebdb0b3-2c32-494c-b6b3-b6162684d288,2026-10-10T06:19:25.822382+00:00,855,forecast,B,EW,1,0,0,0,3,0,0.2015,1.0073,0.0,0.0,3,171.2164,921,918,157.8638,158.8638,918,734,144
8ebdb0b3-2c32-494c-b6b3-b6162684d288,2026-10-10T06:19:25.822382+00:00,855,forecast,C,NS,1,0,0,0,0,0,0.0,0.0,0.2015,0.0,3,171.2164,921,918,157.8638,158.8638,918,734,144
8ebdb0b3-2c32-494c-b6b3-b6162684d288,2026-10-10T06:19:25.822382+00:00,855,forecast,D,NS,1,0,0,0,0,0,0.0,0.2015,0.4029,0.0,3,171.2164,921,918,157.8638,158.8638,918,734,144
8ebdb0b3-2c32-494c-b6b3-b6162684d288,2026-10-10T06:19:26.824006+00:00,856,forecast,A,EW,1,0,0,0,0,0,0.0,0.0,0.0,0.4001,3,171.0199,921,918,157.8638,158.8638,918,734,144
8ebdb0b3-2c32-494c-b6b3-b6162684d288,2026-10-10T06:19:26.824006+00:00,856,forecast,B,EW,0,0,0,0,3,0,0.2,1.0002,0.0,0.0,3,171.0199,921,918,157.8638,158.8638,918,734,144
8ebdb0b3-2c32-494c-b6b3-b6162684d288,2026-10-10T06:19:26.824006+00:00,856,forecast,C,NS,0,0,0,0,0,0,0.0,0.0,0.2,0.0,3,171.0199,921,918,157.8638,158.8638,918,734,144
8ebdb0b3-2c32-494c-b6b3-b6162684d288,2026-10-10T06:19:26.824006+00:00,856,forecast,D,NS,0,0,0,0,0,0,0.0,0.2,0.4001,0.0,3,171.0199,921,918,157.8638,158.8638,918,734,144
8ebdb0b3-2c32-494c-b6b3-b6162684d288,2026-10-10T06:19:27.823387+00:00,857,forecast,A,EW,0,0,0,0,0,0,0.0,0.0,0.0,0.3972,3,170.8238,921,918,157.8638,158.8638,918,734,144
8ebdb0b3-2c32-494c-b6b3-b6162684d288,2026-10-10T06:19:27.823387+00:00,857,forecast,B,EW,1,0,0,0,3,0,0.1986,0.9931,0.0,0.0,3,170.8238,921,918,157.8638,158.8638,918,734,144
8ebdb0b3-2c32-494c-b6b3-b6162684d288,2026-10-10T06:19:27.823387+00:00,857,forecast,C,NS,1,0,0,0,0,0,0.0,0.0,0.1986,0.0,3,170.8238,921,918,157.8638,158.8638,918,734,144
8ebdb0b3-2c32-494c-b6b3-b6162684d288,2026-10-10T06:19:27.823387+00:00,857,forecast,D,NS,1,0,0,0,0,0,0.0,0.1986,0.3972,0.0,3,170.8238,921,918,157.8638,158.8638,918,734,144
8ebdb0b3-2c32-494c-b6b3-b6162684d288,2026-10-10T06:19:28.836481+00:00,858,forecast,A,EW,1,0,0,0,0,0,0.0,0.0,0.0,0.3978,3,170.6282,921,918,157.8638,158.8638,918,734,144
8ebdb0b3-2c32-494c-b6b3-b6162684d288,2026-10-10T06:19:28.836481+00:00,858,forecast,B,EW,0,0,0,0,3,0,0.1989,0.9945,0.0,0.0,3,170.6282,921,918,157.8638,158.8638,918,734,144
8ebdb0b3-2c32-494c-b6b3-b6162684d288,2026-10-10T06:19:28.836481+00:00,858,forecast,C,NS,0,0,0,0,0,0,0.0,0.0,0.1989,0.0,3,170.6282,921,918,157.8638,158.8638,918,734,144
8ebdb0b3-2c32-494c-b6b3-b6162684d288,2026-10-10T06:19:28.836481+00:00,858,forecast,D,NS,0,0,0,0,0,0,0.0,0.1989,0.3978,0.0,3,170.6282,921,918,157.8638,158.8638,918,734,144
8ebdb0b3-2c32-494c-b6b3-b6162684d288,2026-10-10T06:19:29.824219+00:00,859,forecast,A,EW,0,0,0,0,0,0,0.0,0.0,0.0,0.3997,3,170.4331,921,918,157.8638,158.8638,918,734,144
8ebdb0b3-2c32-494c-b6b3-b6162684d288,2026-10-10T06:19:29.824219+00:00,859,forecast,B,EW,1,0,0,0,3,0,0.1998,0.9992,0.0,0.0,3,170.4331,921,918,157.8638,158.8638,918,734,144
8ebdb0b3-2c32-494c-b6b3-b6162684d288,2026-10-10T06:19:29.824219+00:00,859,forecast,C,NS,1,0,0,0,0,0,0.0,0.0,0.1998,0.0,3,170.4331,921,918,157.8638,158.8638,918,734,144
8ebdb0b3-2c32-494c-b6b3-b6162684d288,2026-10-10T06:19:29.824219+00:00,859,forecast,D,NS,1,0,0,0,0,0,0.0,0.1998,0.3997,0.0,3,170.4331,921,918,157.8638,158.8638,918,734,144
8ebdb0b3-2c32-494c-b6b3-b6162684d288,2026-10-10T06:19:30.827571+00:00,860,forecast,A,EW,1,0,0,0,0,0,0.0,0.0,0.0,0.4036,3,170.2384,921,918,157.8638,158.8638,918,734,144
8ebdb0b3-2c32-494c-b6b3-b6162684d288,2026-10-10T06:19:30.827571+00:00,860,forecast,B,EW,0,0,0,0,3,0,0.2018,1.009,0.0,0.0,3,170.2384,921,918,157.8638,158.8638,918,734,144
8ebdb0b3-2c32-494c-b6b3-b6162684d288,2026-10-10T06:19:30.827571+00:00,860,forecast,C,NS,0,0,0,0,0,0,0.0,0.0,0.2018,0.0,3,170.2384,921,918,157.8638,158.8638,918,734,144
8ebdb0b3-2c32-494c-b6b3-b6162684d288,2026-10-10T06:19:30.827571+00:00,860,forecast,D,NS,0,0,0,0,0,0,0.0,0.2018,0.4036,0.0,3,170.2384,921,918,157.8638,158.8638,918,734,144
8ebdb0b3-2c32-494c-b6b3-b6162684d288,2026-10-10T06:19:31.854696+00:00,861,forecast,A,EW,0,0,0,0,0,0,0.0,0.0,0.0,0.4036,3,170.0441,921,918,157.8638,158.8638,918,734,144
8ebdb0b3-2c32-494c-b6b3-b6162684d288,2026-10-10T06:19:31.854696+00:00,861,forecast,B,EW,2,0,0,0,3,0,0.2018,1.0091,0.0,0.0,3,170.0441,921,918,157.8638,158.8638,918,734,144
8ebdb0b3-2c32-494c-b6b3-b6162684d288,2026-10-10T06:19:31.854696+00:00,861,forecast,C,NS,1,0,0,0,0,0,0.0,0.0,0.2018,0.0,3,170.0441,921,918,157.8638,158.8638,918,734,144
8ebdb0b3-2c32-494c-b6b3-b6162684d288,2026-10-10T06:19:31.854696+00:00,861,forecast,D,NS,1,0,0,0,0,0,0.0,0.2018,0.4036,0.0,3,170.0441,921,918,157.8638,158.8638,918,734,144
8ebdb0b3-2c32-494c-b6b3-b6162684d288,2026-10-10T06:19:32.857344+00:00,862,forecast,A,EW,1,0,0,0,0,0,0.0,0.0,0.0,0.401,3,169.8503,921,918,157.8638,158.8638,918,734,144
8ebdb0b3-2c32-494c-b6b3-b6162684d288,2026-10-10T06:19:32.857344+00:00,862,forecast,B,EW,1,0,0,0,3,0,0.2005,1.0024,0.0,0.0,3,169.8503,921,918,157.8638,158.8638,918,734,144
8ebdb0b3-2c32-494c-b6b3-b6162684d288,2026-10-10T06:19:32.857344+00:00,862,forecast,C,NS,0,0,0,0,0,0,0.0,0.0,0.2005,0.0,3,169.8503,921,918,157.8638,158.8638,918,734,144
8ebdb0b3-2c32-494c-b6b3-b6162684d288,2026-10-10T06:19:32.857344+00:00,862,forecast,D,NS,0,0,0,0,0,0,0.0,0.2005,0.401,0.0,3,169.8503,921,918,157.8638,158.8638,918,734,144
8ebdb0b3-2c32-494c-b6b3-b6162684d288,2026-10-10T06:19:33.826308+00:00,863,forecast,A,EW,0,0,0,0,0,0,0.0,0.0,0.0,0.3979,3,169.657,921,918,157.8638,158.8638,918,734,144
8ebdb0b3-2c32-494c-b6b3-b6162684d288,2026-10-10T06:19:33.826308+00:00,863,forecast,B,EW,0,0,0,0,3,0,0.1989,0.9947,0.0,0.0,3,169.657,921,918,157.8638,158.8638,918,734,144
8ebdb0b3-2c32-494c-b6b3-b6162684d288,2026-10-10T06:19:33.826308+00:00,863,forecast,C,NS,1,0,0,0,0,0,0.0,0.0,0.1989,0.0,3,169.657,921,918,157.8638,158.8638,918,734,144
8ebdb0b3-2c32-494c-b6b3-b6162684d288,2026-10-10T06:19:33.826308+00:00,863,forecast,D,NS,1,0,0,0,0,0,0.0,0.1989,0.3979,0.0,3,169.657,921,918,157.8638,158.8638,918,734,144
8ebdb0b3-2c32-494c-b6b3-b6162684d288,2026-10-10T06:19:34.824940+00:00,864,forecast,A,EW,1,0,0,0,0,0,0.0,0.0,0.0,0.3964,3,169.4641,921,918,157.8638,158.8638,918,734,144
8ebdb0b3-2c32-494c-b6b3-b6162684d288,2026-10-10T06:19:34.824940+00:00,864,forecast,B,EW,1,0,0,0,3,0,0.1982,0.991,0.0,0.0,3,169.4641,921,918,157.8638,158.8638,918,734,144
8ebdb0b3-2c32-494c-b6b3-b6162684d288,2026-10-10T06:19:34.824940+00:00,864,forecast,C,NS,0,0,0,0,0,0,0.0,0.0,0.1982,0.0,3,169.4641,921,918,157.8638,158.8638,918,734,144
8ebdb0b3-2c32-494c-b6b3-b6162684d288,2026-10-10T06:19:34.824940+00:00,864,forecast,D,NS,0,0,0,0,0,0,0.0,0.1982,0.3964,0.0,3,169.4641,921,918,157.8638,158.8638,918,734,144
8ebdb0b3-2c32-494c-b6b3-b6162684d288,2026-10-10T06:19:35.870445+00:00,865,forecast,A,EW,0,0,0,0,0,0,0.0,0.0,0.0,0.3983,3,169.2717,921,918,157.8638,158.8638,918,734,144
8ebdb0b3-2c32-494c-b6b3-b6162684d288,2026-10-10T06:19:35.870445+00:00,865,forecast,B,EW,0,0,0,0,3,0,0.1991,0.9956,0.0,0.0,3,169.2717,921,918,157.8638,158.8638,918,734,144
8ebdb0b3-2c32-494c-b6b3-b6162684d288,2026-10-10T06:19:35.870445+00:00,865,forecast,C,NS,1,0,0,0,0,0,0.0,0.0,0.1991,0.0,3,169.2717,921,918,157.8638,158.8638,918,734,144
8ebdb0b3-2c32-494c-b6b3-b6162684d288,2026-10-10T06:19:35.870445+00:00,865,forecast,D,NS,1,0,0,0,0,0,0.0,0.1991,0.3983,0.0,3,169.2717,921,918,157.8638,158.8638,918,734,144
8ebdb0b3-2c32-494c-b6b3-b6162684d288,2026-10-10T06:19:36.829571+00:00,866,forecast,A,EW,1,0,0,0,0,0,0.0,0.0,0.0,0.4021,3,169.0797,921,918,157.8638,158.8638,918,734,144
8ebdb0b3-2c32-494c-b6b3-b6162684d288,2026-10-10T06:19:36.829571+00:00,866,forecast,B,EW,2,0,0,0,3,0,0.201,1.0052,0.0,0.0,3,169.0797,921,918,157.8638,158.8638,918,734,144
8ebdb0b3-2c32-494c-b6b3-b6162684d288,2026-10-10T06:19:36.829571+00:00,866,forecast,C,NS,0,0,0,0,0,0,0.0,0.0,0.201,0.0,3,169.0797,921,918,157.8638,158.8638,918,734,144
8ebdb0b3-2c32-494c-b6b3-b6162684d288,2026-10-10T06:19:36.829571+00:00,866,forecast,D,NS,0,0,0,0,0,0,0.0,0.201,0.4021,0.0,3,169.0797,921,918,157.8638,158.8638,918,734,144
8ebdb0b3-2c32-494c-b6b3-b6162684d288,2026-10-10T06:19:37.826863+00:00,867,forecast,A,EW,0,0,0,0,0,0,0.0,0.0,0.0,0.4038,3,168.8881,921,918,157.8638,158.8638,918,734,144
8ebdb0b3-2c32-494c-b6b3-b6162684d288,2026-10-10T06:19:37.826863+00:00,867,forecast,B,EW,1,0,0,0,3,0,0.2019,1.0096,0.0,0.0,3,168.8881,921,918,157.8638,158.8638,918,734,144
8ebdb0b3-2c32-494c-b6b3-b6162684d288,2026-10-10T06:19:37.826863+00:00,867,forecast,C,NS,1,0,0,0,0,0,0.0,0.0,0.2019,0.0,3,168.8881,921,918,157.8638,158.8638,918,734,144
8ebdb0b3-2c32-494c-b6b3-b6162684d288,2026-10-10T06:19:37.826863+00:00,867,forecast,D,NS,1,0,0,0,0,0,0.0,0.2019,0.4038,0.0,3,168.8881,921,918,157.8638,158.8638,918,734,144
8ebdb0b3-2c32-494c-b6b3-b6162684d288,2026-10-10T06:19:38.839259+00:00,868,forecast,A,EW,1,0,0,0,0,0,0.0,0.0,0.0,0.4026,3,168.697,921,918,157.8638,158.8638,918,734,144
8ebdb0b3-2c32-494c-b6b3-b6162684d288,2026-10-10T06:19:38.839259+00:00,868,forecast,B,EW,0,0,0,0,3,0,0.2013,1.0064,0.0,0.0,3,168.697,921,918,157.8638,158.8638,918,734,144
8ebdb0b3-2c32-494c-b6b3-b6162684d288,2026-10-10T06:19:38.839259+00:00,868,forecast,C,NS,0,0,0,0,0,0,0.0,0.0,0.2013,0.0,3,168.697,921,918,157.8638,158.8638,918,734,144
8ebdb0b3-2c32-494c-b6b3-b6162684d288,2026-10-10T06:19:38.839259+00:00,868,forecast,D,NS,0,0,0,0,0,0,0.0,0.2013,0.4026,0.0,3,168.697,921,918,157.8638,158.8638,918,734,144
8ebdb0b3-2c32-494c-b6b3-b6162684d288,2026-10-10T06:19:39.852626+00:00,869,forecast,A,EW,0,0,0,0,0,0,0.0,0.0,0.0,0.3983,3,168.5063,921,918,157.8638,158.8638,918,734,144
8ebdb0b3-2c32-494c-b6b3-b6162684d288,2026-10-10T06:19:39.852626+00:00,869,forecast,B,EW,1,0,0,0,3,0,0.1991,0.9956,0.0,0.0,3,168.5063,921,918,157.8638,158.8638,918,734,144
8ebdb0b3-2c32-494c-b6b3-b6162684d288,2026-10-10T06:19:39.852626+00:00,869,forecast,C,NS,1,0,0,0,0,0,0.0,0.0,0.1991,0.0,3,168.5063,921,918,157.8638,158.8638,918,734,144
8ebdb0b3-2c32-494c-b6b3-b6162684d288,2026-10-10T06:19:39.852626+00:00,869,forecast,D,NS,1,0,0,0,0,0,0.0,0.1991,0.3983,0.0,3,168.5063,921,918,157.8638,158.8638,918,734,144
