run_id,timestamp_utc,step,controller,intersection,signal_phase,green_steps_remaining,clearance_steps_remaining,queue_north,queue_east,queue_south,queue_west,forecast_north,forecast_east,forecast_south,forecast_west,network_queue,vehicles_generated,vehicles_served,average_wait_steps,spillback_blocked
f384fa4d-2de3-4da6-b95f-225c7c471f6c,2026-10-10T03:48:46.440819+00:00,1,ppo,A,NS,1,0,0,0,0,1,0.0,0.0,1.0,1.0,3,3,0,0.0,0
f384fa4d-2de3-4da6-b95f-225c7c471f6c,2026-10-10T03:48:46.440819+00:00,1,ppo,B,NS,1,0,0,0,0,1,1.0,0.0,0.0,0.0,3,3,0,0.0,0
f384fa4d-2de3-4da6-b95f-225c7c471f6c,2026-10-10T03:48:46.440819+00:00,1,ppo,C,NS,1,0,0,0,0,0,0.0,0.0,0.0,0.0,3,3,0,0.0,0
f384fa4d-2de3-4da6-b95f-225c7c471f6c,2026-10-10T03:48:46.440819+00:00,1,ppo,D,NS,1,0,1,0,0,0,0.0,0.0,0.0,0.0,3,3,0,0.0,0
f384fa4d-2de3-4da6-b95f-225c7c471f6c,2026-10-10T03:48:46.873998+00:00,2,ppo,A,NS,0,0,0,0,0,2,0.0,0.0,0.5,1.0,5,6,1,1.0,0
f384fa4d-2de3-4da6-b95f-225c7c471f6c,2026-10-10T03:48:46.873998+00:00,2,ppo,B,NS,0,0,0,0,0,1,1.0,0.0,0.0,0.0,5,6,1,1.0,0
f384fa4d-2de3-4da6-b95f-225c7c471f6c,2026-10-10T03:48:46.873998+00:00,2,ppo,C,NS,0,0,0,0,0,0,0.0,0.0,0.0,0.0,5,6,1,1.0,0
f384fa4d-2de3-4da6-b95f-225c7c471f6c,2026-10-10T03:48:46.873998+00:00,2,ppo,D,NS,0,0,1,0,0,1,0.0,0.0,0.0,0.5,5,6,1,1.0,0
f384fa4d-2de3-4da6-b95f-225c7c471f6c,2026-10-10T03:48:47.331155+00:00,3,ppo,A,CLEAR,0,1,0,0,2,2,0.0,0.0,0.3333,0.6667,8,9,1,1.0,0
f384fa4d-2de3-4da6-b95f-225c7c471f6c,2026-10-10T03:48:47.331155+00:00,3,ppo,B,CLEAR,0,1,0,0,0,1,0.6667,0.0,0.0,0.0,8,9,1,1.0,0
f384fa4d-2de3-4da6-b95f-225c7c471f6c,2026-10-10T03:48:47.331155+00:00,3,ppo,C,NS,1,0,0,0,0,0,0.3333,0.0,0.3333,0.0,8,9,1,1.0,0
f384fa4d-2de3-4da6-b95f-225c7c471f6c,2026-10-10T03:48:47.331155+00:00,3,ppo,D,CLEAR,0,1,2,0,0,1,0.3333,0.0,0.0,0.3333,8,9,1,1.0,0
f384fa4d-2de3-4da6-b95f-225c7c471f6c,2026-10-10T03:48:47.774756+00:00,4,ppo,A,EW,1,0,1,0,2,1,0.25,0.25,0.25,0.5,11,12,1,1.0,0
f384fa4d-2de3-4da6-b95f-225c7c471f6c,2026-10-10T03:48:47.774756+00:00,4,ppo,B,EW,1,0,0,0,1,2,0.5,0.0,0.0,0.0,11,12,1,1.0,0
f384fa4d-2de3-4da6-b95f-225c7c471f6c,2026-10-10T03:48:47.774756+00:00,4,ppo,C,NS,0,0,0,0,0,0,0.25,0.0,0.5,0.0,11,12,1,1.0,0
f384fa4d-2de3-4da6-b95f-225c7c471f6c,2026-10-10T03:48:47.774756+00:00,4,ppo,D,EW,1,0,3,0,0,1,0.25,0.0,0.0,0.25,11,12,1,1.0,0
f384fa4d-2de3-4da6-b95f-225c7c471f6c,2026-10-10T03:48:48.226966+00:00,5,ppo,A,EW,0,0,1,0,3,0,0.2,0.2,0.2,0.4,12,15,3,1.0,0
f384fa4d-2de3-4da6-b95f-225c7c471f6c,2026-10-10T03:48:48.226966+00:00,5,ppo,B,EW,0,0,0,0,1,2,0.4,0.2,0.0,0.0,12,15,3,1.0,0
f384fa4d-2de3-4da6-b95f-225c7c471f6c,2026-10-10T03:48:48.226966+00:00,5,ppo,C,NS,1,0,0,0,0,0,0.4,0.0,0.6,0.0,12,15,3,1.0,0
f384fa4d-2de3-4da6-b95f-225c7c471f6c,2026-10-10T03:48:48.226966+00:00,5,ppo,D,EW,0,0,4,0,0,1,0.2,0.0,0.0,0.2,12,15,3,1.0,0
f384fa4d-2de3-4da6-b95f-225c7c471f6c,2026-10-10T03:48:48.678725+00:00,6,ppo,A,EW,1,0,2,0,3,0,0.4,0.2,0.0,0.2,15,18,3,1.0,0
f384fa4d-2de3-4da6-b95f-225c7c471f6c,2026-10-10T03:48:48.678725+00:00,6,ppo,B,CLEAR,0,1,0,0,2,2,0.2,0.2,0.2,0.0,15,18,3,1.0,0
f384fa4d-2de3-4da6-b95f-225c7c471f6c,2026-10-10T03:48:48.678725+00:00,6,ppo,C,NS,0,0,0,0,0,0,0.4,0.0,0.6,0.0,15,18,3,1.0,0
f384fa4d-2de3-4da6-b95f-225c7c471f6c,2026-10-10T03:48:48.678725+00:00,6,ppo,D,CLEAR,0,1,5,0,0,1,0.4,0.0,0.0,0.2,15,18,3,1.0,0
f384fa4d-2de3-4da6-b95f-225c7c471f6c,2026-10-10T03:48:49.116769+00:00,7,ppo,A,EW,0,0,2,1,3,0,0.4,0.2,0.0,0.0,17,21,4,2.0,0
f384fa4d-2de3-4da6-b95f-225c7c471f6c,2026-10-10T03:48:49.116769+00:00,7,ppo,B,NS,1,0,0,0,1,2,0.0,0.2,0.2,0.0,17,21,4,2.0,0
f384fa4d-2de3-4da6-b95f-225c7c471f6c,2026-10-10T03:48:49.116769+00:00,7,ppo,C,NS,1,0,0,1,0,2,0.4,0.0,0.6,0.4,17,21,4,2.0,0
f384fa4d-2de3-4da6-b95f-225c7c471f6c,2026-10-10T03:48:49.116769+00:00,7,ppo,D,NS,1,0,4,0,0,1,0.4,0.0,0.2,0.0,17,21,4,2.0,0
f384fa4d-2de3-4da6-b95f-225c7c471f6c,2026-10-10T03:48:49.578146+00:00,8,ppo,A,EW,1,0,2,1,3,0,0.4,0.4,0.0,0.0,18,24,6,3.5,0
f384fa4d-2de3-4da6-b95f-225c7c471f6c,2026-10-10T03:48:49.578146+00:00,8,ppo,B,NS,0,0,0,0,1,4,0.0,0.2,0.2,0.2,18,24,6,3.5,0
f384fa4d-2de3-4da6-b95f-225c7c471f6c,2026-10-10T03:48:49.578146+00:00,8,ppo,C,NS,0,0,0,1,0,2,0.2,0.0,0.4,0.4,18,24,6,3.5,0
f384fa4d-2de3-4da6-b95f-225c7c471f6c,2026-10-10T03:48:49.578146+00:00,8,ppo,D,NS,0,0,3,0,0,1,0.4,0.0,0.2,0.0,18,24,6,3.5,0
f384fa4d-2de3-4da6-b95f-225c7c471f6c,2026-10-10T03:48:50.027692+00:00,9,ppo,A,EW,0,0,3,0,3,0,0.4,0.2,0.0,0.0,19,27,8,3.375,0
f384fa4d-2de3-4da6-b95f-225c7c471f6c,2026-10-10T03:48:50.027692+00:00,9,ppo,B,CLEAR,0,1,0,0,1,4,0.0,0.2,0.2,0.2,19,27,8,3.375,0
f384fa4d-2de3-4da6-b95f-225c7c471f6c,2026-10-10T03:48:50.027692+00:00,9,ppo,C,NS,1,0,0,3,0,2,0.2,0.0,0.4,0.4,19,27,8,3.375,0
f384fa4d-2de3-4da6-b95f-225c7c471f6c,2026-10-10T03:48:50.027692+00:00,9,ppo,D,NS,1,0,1,0,0,2,0.4,0.0,0.4,0.0,19,27,8,3.375,0
f384fa4d-2de3-4da6-b95f-225c7c471f6c,2026-10-10T03:48:50.479820+00:00,10,ppo,A,EW,1,0,3,1,3,0,0.4,0.2,0.0,0.0,21,30,9,3.4444,0
f384fa4d-2de3-4da6-b95f-225c7c471f6c,2026-10-10T03:48:50.479820+00:00,10,ppo,B,EW,1,0,1,0,2,2,0.2,0.0,0.2,0.2,21,30,9,3.4444,0
f384fa4d-2de3-4da6-b95f-225c7c471f6c,2026-10-10T03:48:50.479820+00:00,10,ppo,C,NS,0,0,0,4,0,2,0.0,0.2,0.2,0.4,21,30,9,3.4444,0
f384fa4d-2de3-4da6-b95f-225c7c471f6c,2026-10-10T03:48:50.479820+00:00,10,ppo,D,NS,0,0,1,0,0,2,0.4,0.0,0.6,0.0,21,30,9,3.4444,0
f384fa4d-2de3-4da6-b95f-225c7c471f6c,2026-10-10T03:48:50.927662+00:00,11,ppo,A,EW,0,0,3,0,5,0,0.2,0.2,0.4,0.0,21,33,12,4.4167,0
f384fa4d-2de3-4da6-b95f-225c7c471f6c,2026-10-10T03:48:50.927662+00:00,11,ppo,B,EW,0,0,2,0,2,1,0.4,0.0,0.0,0.2,21,33,12,4.4167,0
f384fa4d-2de3-4da6-b95f-225c7c471f6c,2026-10-10T03:48:50.927662+00:00,11,ppo,C,NS,1,0,0,4,0,2,0.0,0.2,0.2,0.4,21,33,12,4.4167,0
f384fa4d-2de3-4da6-b95f-225c7c471f6c,2026-10-10T03:48:50.927662+00:00,11,ppo,D,NS,1,0,0,0,0,2,0.2,0.0,0.6,0.0,21,33,12,4.4167,0
f384fa4d-2de3-4da6-b95f-225c7c471f6c,2026-10-10T03:48:51.379997+00:00,12,ppo,A,EW,1,0,3,0,5,0,0.2,0.4,0.4,0.0,23,36,13,4.3846,0
f384fa4d-2de3-4da6-b95f-225c7c471f6c,2026-10-10T03:48:51.379997+00:00,12,ppo,B,EW,1,0,2,0,2,1,0.4,0.0,0.0,0.2,23,36,13,4.3846,0
f384fa4d-2de3-4da6-b95f-225c7c471f6c,2026-10-10T03:48:51.379997+00:00,12,ppo,C,NS,0,0,0,4,0,2,0.0,0.2,0.2,0.0,23,36,13,4.3846,0
f384fa4d-2de3-4da6-b95f-225c7c471f6c,2026-10-10T03:48:51.379997+00:00,12,ppo,D,NS,0,0,0,2,0,2,0.2,0.4,0.4,0.0,23,36,13,4.3846,0
f384fa4d-2de3-4da6-b95f-225c7c471f6c,2026-10-10T03:48:51.827959+00:00,13,ppo,A,EW,0,0,3,0,5,0,0.2,0.2,0.4,0.0,26,39,13,4.3846,0
f384fa4d-2de3-4da6-b95f-225c7c471f6c,2026-10-10T03:48:51.827959+00:00,13,ppo,B,EW,0,0,2,0,3,0,0.4,0.2,0.2,0.0,26,39,13,4.3846,0
f384fa4d-2de3-4da6-b95f-225c7c471f6c,2026-10-10T03:48:51.827959+00:00,13,ppo,C,NS,1,0,0,4,0,3,0.0,0.2,0.2,0.2,26,39,13,4.3846,0
f384fa4d-2de3-4da6-b95f-225c7c471f6c,2026-10-10T03:48:51.827959+00:00,13,ppo,D,NS,1,0,2,2,0,2,0.0,0.4,0.4,0.0,26,39,13,4.3846,0
f384fa4d-2de3-4da6-b95f-225c7c471f6c,2026-10-10T03:48:52.280327+00:00,14,ppo,A,EW,1,0,4,0,5,0,0.2,0.2,0.4,0.0,28,42,14,4.1429,0
f384fa4d-2de3-4da6-b95f-225c7c471f6c,2026-10-10T03:48:52.280327+00:00,14,ppo,B,EW,1,0,2,0,3,0,0.4,0.2,0.2,0.0,28,42,14,4.1429,0
f384fa4d-2de3-4da6-b95f-225c7c471f6c,2026-10-10T03:48:52.280327+00:00,14,ppo,C,NS,0,0,0,5,0,3,0.0,0.4,0.0,0.2,28,42,14,4.1429,0
f384fa4d-2de3-4da6-b95f-225c7c471f6c,2026-10-10T03:48:52.280327+00:00,14,ppo,D,NS,0,0,1,3,0,2,0.0,0.6,0.2,0.0,28,42,14,4.1429,0
f384fa4d-2de3-4da6-b95f-225c7c471f6c,2026-10-10T03:48:52.727816+00:00,15,ppo,A,EW,0,0,4,0,5,0,0.2,0.2,0.4,0.0,30,45,15,4.0667,0
f384fa4d-2de3-4da6-b95f-225c7c471f6c,2026-10-10T03:48:52.727816+00:00,15,ppo,B,EW,0,0,3,0,3,0,0.4,0.2,0.2,0.0,30,45,15,4.0667,0
f384fa4d-2de3-4da6-b95f-225c7c471f6c,2026-10-10T03:48:52.727816+00:00,15,ppo,C,NS,1,0,0,5,0,4,0.0,0.2,0.0,0.4,30,45,15,4.0667,0
f384fa4d-2de3-4da6-b95f-225c7c471f6c,2026-10-10T03:48:52.727816+00:00,15,ppo,D,NS,1,0,0,3,0,3,0.0,0.6,0.0,0.2,30,45,15,4.0667,0
f384fa4d-2de3-4da6-b95f-225c7c471f6c,2026-10-10T03:48:53.167707+00:00,16,ppo,A,EW,1,0,4,0,5,0,0.2,0.4,0.0,0.2,33,48,15,4.0667,0
f384fa4d-2de3-4da6-b95f-225c7c471f6c,2026-10-10T03:48:53.167707+00:00,16,ppo,B,EW,1,0,3,0,3,2,0.2,0.2,0.2,0.0,33,48,15,4.0667,0
f384fa4d-2de3-4da6-b95f-225c7c471f6c,2026-10-10T03:48:53.167707+00:00,16,ppo,C,NS,0,0,0,5,0,4,0.0,0.2,0.0,0.4,33,48,15,4.0667,0
f384fa4d-2de3-4da6-b95f-225c7c471f6c,2026-10-10T03:48:53.167707+00:00,16,ppo,D,NS,0,0,0,3,0,4,0.0,0.6,0.0,0.4,33,48,15,4.0667,0
f384fa4d-2de3-4da6-b95f-225c7c471f6c,2026-10-10T03:48:53.628612+00:00,17,ppo,A,EW,0,0,5,0,5,0,0.4,0.4,0.0,0.2,35,51,16,3.875,0
f384fa4d-2de3-4da6-b95f-225c7c471f6c,2026-10-10T03:48:53.628612+00:00,17,ppo,B,EW,0,0,3,0,3,2,0.2,0.2,0.2,0.0,35,51,16,3.875,0
f384fa4d-2de3-4da6-b95f-225c7c471f6c,2026-10-10T03:48:53.628612+00:00,17,ppo,C,NS,1,0,0,5,0,4,0.0,0.2,0.0,0.4,35,51,16,3.875,0
f384fa4d-2de3-4da6-b95f-225c7c471f6c,2026-10-10T03:48:53.628612+00:00,17,ppo,D,NS,1,0,0,4,0,4,0.0,0.4,0.0,0.4,35,51,16,3.875,0
f384fa4d-2de3-4da6-b95f-225c7c471f6c,2026-10-10T03:48:54.078914+00:00,18,ppo,A,EW,1,0,5,0,6,0,0.4,0.4,0.0,0.2,37,54,17,3.7647,0
f384fa4d-2de3-4da6-b95f-225c7c471f6c,2026-10-10T03:48:54.078914+00:00,18,ppo,B,EW,1,0,4,0,3,1,0.4,0.0,0.0,0.0,37,54,17,3.7647,0
f384fa4d-2de3-4da6-b95f-225c7c471f6c,2026-10-10T03:48:54.078914+00:00,18,ppo,C,NS,0,0,0,5,0,4,0.0,0.2,0.2,0.2,37,54,17,3.7647,0
f384fa4d-2de3-4da6-b95f-225c7c471f6c,2026-10-10T03:48:54.078914+00:00,18,ppo,D,NS,0,0,0,5,0,4,0.0,0.6,0.0,0.4,37,54,17,3.7647,0
f384fa4d-2de3-4da6-b95f-225c7c471f6c,2026-10-10T03:48:54.532559+00:00,19,ppo,A,EW,0,0,6,0,7,0,0.4,0.4,0.2,0.2,39,57,18,3.6667,0
f384fa4d-2de3-4da6-b95f-225c7c471f6c,2026-10-10T03:48:54.532559+00:00,19,ppo,B,EW,0,0,4,0,3,0,0.4,0.0,0.0,0.0,39,57,18,3.6667,0
f384fa4d-2de3-4da6-b95f-225c7c471f6c,2026-10-10T03:48:54.532559+00:00,19,ppo,C,NS,1,0,0,5,0,4,0.0,0.0,0.2,0.2,39,57,18,3.6667,0
f384fa4d-2de3-4da6-b95f-225c7c471f6c,2026-10-10T03:48:54.532559+00:00,19,ppo,D,NS,1,0,0,6,0,4,0.0,0.6,0.0,0.4,39,57,18,3.6667,0
f384fa4d-2de3-4da6-b95f-225c7c471f6c,2026-10-10T03:48:54.979741+00:00,20,ppo,A,EW,1,0,6,0,7,0,0.4,0.4,0.2,0.2,42,60,18,3.6667,0
f384fa4d-2de3-4da6-b95f-225c7c471f6c,2026-10-10T03:48:54.979741+00:00,20,ppo,B,EW,1,0,6,0,3,0,0.6,0.0,0.0,0.0,42,60,18,3.6667,0
f384fa4d-2de3-4da6-b95f-225c7c471f6c,2026-10-10T03:48:54.979741+00:00,20,ppo,C,NS,0,0,0,6,0,4,0.0,0.0,0.2,0.0,42,60,18,3.6667,0
f384fa4d-2de3-4da6-b95f-225c7c471f6c,2026-10-10T03:48:54.979741+00:00,20,ppo,D,NS,0,0,0,6,0,4,0.0,0.6,0.2,0.2,42,60,18,3.6667,0
f384fa4d-2de3-4da6-b95f-225c7c471f6c,2026-10-10T03:48:55.430452+00:00,21,ppo,A,EW,0,0,6,0,8,0,0.4,0.2,0.2,0.2,45,63,18,3.6667,0
f384fa4d-2de3-4da6-b95f-225c7c471f6c,2026-10-10T03:48:55.430452+00:00,21,ppo,B,EW,0,0,6,0,3,1,0.6,0.0,0.0,0.0,45,63,18,3.6667,0
f384fa4d-2de3-4da6-b95f-225c7c471f6c,2026-10-10T03:48:55.430452+00:00,21,ppo,C,NS,1,0,0,6,1,4,0.0,0.0,0.6,0.0,45,63,18,3.6667,0
f384fa4d-2de3-4da6-b95f-225c7c471f6c,2026-10-10T03:48:55.430452+00:00,21,ppo,D,NS,1,0,0,6,0,4,0.0,0.6,0.2,0.0,45,63,18,3.6667,0
f384fa4d-2de3-4da6-b95f-225c7c471f6c,2026-10-10T03:48:55.876589+00:00,22,ppo,A,EW,1,0,6,0,9,0,0.2,0.2,0.2,0.2,47,66,19,3.5263,0
f384fa4d-2de3-4da6-b95f-225c7c471f6c,2026-10-10T03:48:55.876589+00:00,22,ppo,B,EW,1,0,7,0,3,1,0.8,0.0,0.0,0.0,47,66,19,3.5263,0
f384fa4d-2de3-4da6-b95f-225c7c471f6c,2026-10-10T03:48:55.876589+00:00,22,ppo,C,NS,0,0,0,7,0,4,0.0,0.2,0.6,0.0,47,66,19,3.5263,0
f384fa4d-2de3-4da6-b95f-225c7c471f6c,2026-10-10T03:48:55.876589+00:00,22,ppo,D,NS,0,0,0,6,0,4,0.0,0.4,0.2,0.0,47,66,19,3.5263,0
f384fa4d-2de3-4da6-b95f-225c7c471f6c,2026-10-10T03:48:56.329358+00:00,23,ppo,A,EW,0,0,6,0,9,0,0.2,0.2,0.2,0.2,49,69,20,3.4,0
f384fa4d-2de3-4da6-b95f-225c7c471f6c,2026-10-10T03:48:56.329358+00:00,23,ppo,B,EW,0,0,8,0,3,0,0.8,0.0,0.0,0.0,49,69,20,3.4,0
f384fa4d-2de3-4da6-b95f-225c7c471f6c,2026-10-10T03:48:56.329358+00:00,23,ppo,C,NS,1,0,1,7,0,4,0.4,0.2,0.4,0.0,49,69,20,3.4,0
f384fa4d-2de3-4da6-b95f-225c7c471f6c,2026-10-10T03:48:56.329358+00:00,23,ppo,D,NS,1,0,0,6,0,5,0.0,0.2,0.2,0.0,49,69,20,3.4,0
f384fa4d-2de3-4da6-b95f-225c7c471f6c,2026-10-10T03:48:56.768039+00:00,24,ppo,A,EW,1,0,6,0,10,0,0.0,0.2,0.0,0.2,52,72,20,3.4,0
f384fa4d-2de3-4da6-b95f-225c7c471f6c,2026-10-10T03:48:56.768039+00:00,24,ppo,B,EW,1,0,8,0,4,0,0.8,0.0,0.2,0.0,52,72,20,3.4,0
f384fa4d-2de3-4da6-b95f-225c7c471f6c,2026-10-10T03:48:56.768039+00:00,24,ppo,C,NS,0,0,1,7,0,4,0.6,0.2,0.6,0.0,52,72,20,3.4,0
f384fa4d-2de3-4da6-b95f-225c7c471f6c,2026-10-10T03:48:56.768039+00:00,24,ppo,D,NS,0,0,0,6,0,6,0.0,0.0,0.2,0.0,52,72,20,3.4,0
f384fa4d-2de3-4da6-b95f-225c7c471f6c,2026-10-10T03:48:57.232485+00:00,25,ppo,A,EW,0,0,6,0,12,0,0.0,0.2,0.2,0.2,55,75,20,3.4,0
f384fa4d-2de3-4da6-b95f-225c7c471f6c,2026-10-10T03:48:57.232485+00:00,25,ppo,B,EW,0,0,8,0,4,0,0.4,0.0,0.2,0.0,55,75,20,3.4,0
f384fa4d-2de3-4da6-b95f-225c7c471f6c,2026-10-10T03:48:57.232485+00:00,25,ppo,C,NS,1,0,0,8,0,5,0.6,0.2,0.6,0.2,55,75,20,3.4,0
f384fa4d-2de3-4da6-b95f-225c7c471f6c,2026-10-10T03:48:57.232485+00:00,25,ppo,D,NS,1,0,0,6,0,6,0.2,0.0,0.0,0.0,55,75,20,3.4,0
f384fa4d-2de3-4da6-b95f-225c7c471f6c,2026-10-10T03:48:57.679947+00:00,26,ppo,A,EW,1,0,6,1,13,0,0.0,0.2,0.2,0.0,58,78,20,3.4,0
f384fa4d-2de3-4da6-b95f-225c7c471f6c,2026-10-10T03:48:57.679947+00:00,26,ppo,B,EW,1,0,9,0,4,0,0.6,0.2,0.2,0.0,58,78,20,3.4,0
f384fa4d-2de3-4da6-b95f-225c7c471f6c,2026-10-10T03:48:57.679947+00:00,26,ppo,C,NS,0,0,0,8,0,5,0.6,0.2,0.4,0.2,58,78,20,3.4,0
f384fa4d-2de3-4da6-b95f-225c7c471f6c,2026-10-10T03:48:57.679947+00:00,26,ppo,D,NS,0,0,0,6,0,6,0.2,0.0,0.0,0.0,58,78,20,3.4,0
f384fa4d-2de3-4da6-b95f-225c7c471f6c,2026-10-10T03:48:58.120259+00:00,27,ppo,A,EW,0,0,6,1,13,0,0.0,0.0,0.2,0.2,61,81,20,3.4,0
f384fa4d-2de3-4da6-b95f-225c7c471f6c,2026-10-10T03:48:58.120259+00:00,27,ppo,B,EW,0,0,10,0,4,0,0.6,0.4,0.2,0.0,61,81,20,3.4,0
f384fa4d-2de3-4da6-b95f-225c7c471f6c,2026-10-10T03:48:58.120259+00:00,27,ppo,C,NS,1,0,2,8,0,5,0.6,0.0,0.4,0.2,61,81,20,3.4,0
f384fa4d-2de3-4da6-b95f-225c7c471f6c,2026-10-10T03:48:58.120259+00:00,27,ppo,D,NS,1,0,0,6,0,6,0.2,0.0,0.0,0.0,61,81,20,3.4,0
f384fa4d-2de3-4da6-b95f-225c7c471f6c,2026-10-10T03:48:58.579528+00:00,28,ppo,A,EW,1,0,7,1,13,0,0.2,0.0,0.2,0.2,62,84,22,3.1818,0
f384fa4d-2de3-4da6-b95f-225c7c471f6c,2026-10-10T03:48:58.579528+00:00,28,ppo,B,EW,1,0,10,0,4,0,0.4,0.4,0.2,0.2,62,84,22,3.1818,0
f384fa4d-2de3-4da6-b95f-225c7c471f6c,2026-10-10T03:48:58.579528+00:00,28,ppo,C,NS,0,0,1,8,0,5,0.2,0.0,0.4,0.2,62,84,22,3.1818,0
f384fa4d-2de3-4da6-b95f-225c7c471f6c,2026-10-10T03:48:58.579528+00:00,28,ppo,D,NS,0,0,0,7,0,6,0.2,0.2,0.0,0.0,62,84,22,3.1818,0
f384fa4d-2de3-4da6-b95f-225c7c471f6c,2026-10-10T03:48:59.020330+00:00,29,ppo,A,EW,0,0,7,0,13,0,0.2,0.0,0.2,0.2,63,87,24,3.0833,0
f384fa4d-2de3-4da6-b95f-225c7c471f6c,2026-10-10T03:48:59.020330+00:00,29,ppo,B,EW,0,0,11,0,5,0,0.6,0.4,0.0,0.2,63,87,24,3.0833,0
f384fa4d-2de3-4da6-b95f-225c7c471f6c,2026-10-10T03:48:59.020330+00:00,29,ppo,C,NS,1,0,0,8,0,6,0.0,0.0,0.2,0.4,63,87,24,3.0833,0
f384fa4d-2de3-4da6-b95f-225c7c471f6c,2026-10-10T03:48:59.020330+00:00,29,ppo,D,NS,1,0,0,7,0,6,0.2,0.2,0.2,0.0,63,87,24,3.0833,0
f384fa4d-2de3-4da6-b95f-225c7c471f6c,2026-10-10T03:48:59.481470+00:00,30,ppo,A,EW,1,0,7,0,15,0,0.2,0.0,0.0,0.2,66,90,24,3.0833,0
f384fa4d-2de3-4da6-b95f-225c7c471f6c,2026-10-10T03:48:59.481470+00:00,30,ppo,B,EW,1,0,11,0,6,0,0.6,0.4,0.0,0.2,66,90,24,3.0833,0
f384fa4d-2de3-4da6-b95f-225c7c471f6c,2026-10-10T03:48:59.481470+00:00,30,ppo,C,NS,0,0,0,8,0,6,0.2,0.0,0.4,0.2,66,90,24,3.0833,0
f384fa4d-2de3-4da6-b95f-225c7c471f6c,2026-10-10T03:48:59.481470+00:00,30,ppo,D,NS,0,0,0,7,0,6,0.0,0.2,0.4,0.0,66,90,24,3.0833,0
f384fa4d-2de3-4da6-b95f-225c7c471f6c,2026-10-10T03:48:59.933857+00:00,31,ppo,A,EW,0,0,7,0,16,0,0.2,0.2,0.2,0.2,69,93,24,3.0833,0
f384fa4d-2de3-4da6-b95f-225c7c471f6c,2026-10-10T03:48:59.933857+00:00,31,ppo,B,EW,0,0,11,0,6,0,0.4,0.2,0.0,0.2,69,93,24,3.0833,0
f384fa4d-2de3-4da6-b95f-225c7c471f6c,2026-10-10T03:48:59.933857+00:00,31,ppo,C,NS,1,0,1,8,0,6,0.2,0.0,0.2,0.2,69,93,24,3.0833,0
f384fa4d-2de3-4da6-b95f-225c7c471f6c,2026-10-10T03:48:59.933857+00:00,31,ppo,D,NS,1,0,0,8,0,6,0.0,0.4,0.4,0.0,69,93,24,3.0833,0
f384fa4d-2de3-4da6-b95f-225c7c471f6c,2026-10-10T03:49:00.379891+00:00,32,ppo,A,EW,1,0,7,1,17,0,0.2,0.2,0.4,0.0,71,96,25,3.0,0
f384fa4d-2de3-4da6-b95f-225c7c471f6c,2026-10-10T03:49:00.379891+00:00,32,ppo,B,EW,1,0,11,0,6,0,0.2,0.0,0.0,0.4,71,96,25,3.0,0
f384fa4d-2de3-4da6-b95f-225c7c471f6c,2026-10-10T03:49:00.379891+00:00,32,ppo,C,NS,0,0,0,8,0,6,0.2,0.0,0.2,0.2,71,96,25,3.0,0
f384fa4d-2de3-4da6-b95f-225c7c471f6c,2026-10-10T03:49:00.379891+00:00,32,ppo,D,NS,0,0,0,8,0,7,0.0,0.4,0.4,0.2,71,96,25,3.0,0
f384fa4d-2de3-4da6-b95f-225c7c471f6c,2026-10-10T03:49:00.819590+00:00,33,ppo,A,EW,0,0,7,0,18,0,0.0,0.2,0.6,0.0,73,99,26,2.9231,0
f384fa4d-2de3-4da6-b95f-225c7c471f6c,2026-10-10T03:49:00.819590+00:00,33,ppo,B,EW,0,0,11,0,7,0,0.2,0.0,0.2,0.2,73,99,26,2.9231,0
f384fa4d-2de3-4da6-b95f-225c7c471f6c,2026-10-10T03:49:00.819590+00:00,33,ppo,C,NS,1,0,0,8,0,7,0.2,0.0,0.2,0.4,73,99,26,2.9231,0
f384fa4d-2de3-4da6-b95f-225c7c471f6c,2026-10-10T03:49:00.819590+00:00,33,ppo,D,NS,1,0,0,8,0,7,0.0,0.2,0.4,0.2,73,99,26,2.9231,0
f384fa4d-2de3-4da6-b95f-225c7c471f6c,2026-10-10T03:49:01.269066+00:00,34,ppo,A,EW,1,0,7,0,18,0,0.0,0.2,0.6,0.0,76,102,26,2.9231,0
f384fa4d-2de3-4da6-b95f-225c7c471f6c,2026-10-10T03:49:01.269066+00:00,34,ppo,B,EW,1,0,11,0,8,0,0.0,0.0,0.4,0.2,76,102,26,2.9231,0
f384fa4d-2de3-4da6-b95f-225c7c471f6c,2026-10-10T03:49:01.269066+00:00,34,ppo,C,NS,0,0,0,8,0,7,0.2,0.0,0.4,0.2,76,102,26,2.9231,0
f384fa4d-2de3-4da6-b95f-225c7c471f6c,2026-10-10T03:49:01.269066+00:00,34,ppo,D,NS,0,0,0,9,0,8,0.0,0.4,0.2,0.2,76,102,26,2.9231,0
f384fa4d-2de3-4da6-b95f-225c7c471f6c,2026-10-10T03:49:01.718884+00:00,35,ppo,A,EW,0,0,7,0,18,0,0.0,0.4,0.6,0.2,79,105,26,2.9231,0
f384fa4d-2de3-4da6-b95f-225c7c471f6c,2026-10-10T03:49:01.718884+00:00,35,ppo,B,EW,0,0,11,0,8,1,0.0,0.0,0.4,0.4,79,105,26,2.9231,0
f384fa4d-2de3-4da6-b95f-225c7c471f6c,2026-10-10T03:49:01.718884+00:00,35,ppo,C,NS,1,0,1,8,0,7,0.0,0.0,0.2,0.2,79,105,26,2.9231,0
f384fa4d-2de3-4da6-b95f-225c7c471f6c,2026-10-10T03:49:01.718884+00:00,35,ppo,D,NS,1,0,1,9,0,8,0.0,0.4,0.0,0.2,79,105,26,2.9231,0
f384fa4d-2de3-4da6-b95f-225c7c471f6c,2026-10-10T03:49:02.181180+00:00,36,ppo,A,EW,1,0,7,0,18,0,0.0,0.4,0.4,0.4,79,108,29,2.7241,0
f384fa4d-2de3-4da6-b95f-225c7c471f6c,2026-10-10T03:49:02.181180+00:00,36,ppo,B,EW,1,0,11,0,8,1,0.0,0.0,0.4,0.4,79,108,29,2.7241,0
f384fa4d-2de3-4da6-b95f-225c7c471f6c,2026-10-10T03:49:02.181180+00:00,36,ppo,C,NS,0,0,1,8,0,7,0.0,0.0,0.2,0.2,79,108,29,2.7241,0
f384fa4d-2de3-4da6-b95f-225c7c471f6c,2026-10-10T03:49:02.181180+00:00,36,ppo,D,NS,0,0,0,10,0,8,0.0,0.4,0.0,0.2,79,108,29,2.7241,0
f384fa4d-2de3-4da6-b95f-225c7c471f6c,2026-10-10T03:49:02.622920+00:00,37,ppo,A,EW,0,0,7,0,18,0,0.0,0.4,0.2,0.4,80,111,31,2.6129,0
f384fa4d-2de3-4da6-b95f-225c7c471f6c,2026-10-10T03:49:02.622920+00:00,37,ppo,B,EW,0,0,11,0,9,0,0.0,0.0,0.6,0.2,80,111,31,2.6129,0
f384fa4d-2de3-4da6-b95f-225c7c471f6c,2026-10-10T03:49:02.622920+00:00,37,ppo,C,NS,1,0,0,8,0,8,0.0,0.0,0.2,0.4,80,111,31,2.6129,0
f384fa4d-2de3-4da6-b95f-225c7c471f6c,2026-10-10T03:49:02.622920+00:00,37,ppo,D,NS,1,0,0,10,0,9,0.0,0.4,0.0,0.2,80,111,31,2.6129,0
f384fa4d-2de3-4da6-b95f-225c7c471f6c,2026-10-10T03:49:03.064755+00:00,38,ppo,A,EW,1,0,7,1,19,0,0.0,0.6,0.0,0.4,83,114,31,2.6129,0
f384fa4d-2de3-4da6-b95f-225c7c471f6c,2026-10-10T03:49:03.064755+00:00,38,ppo,B,EW,1,0,11,0,9,1,0.0,0.0,0.4,0.4,83,114,31,2.6129,0
f384fa4d-2de3-4da6-b95f-225c7c471f6c,2026-10-10T03:49:03.064755+00:00,38,ppo,C,NS,0,0,0,8,0,8,0.0,0.0,0.4,0.2,83,114,31,2.6129,0
f384fa4d-2de3-4da6-b95f-225c7c471f6c,2026-10-10T03:49:03.064755+00:00,38,ppo,D,NS,0,0,0,10,0,9,0.0,0.4,0.0,0.2,83,114,31,2.6129,0
f384fa4d-2de3-4da6-b95f-225c7c471f6c,2026-10-10T03:49:03.515262+00:00,39,ppo,A,EW,0,0,7,1,19,0,0.0,0.6,0.0,0.4,85,117,32,2.5625,0
f384fa4d-2de3-4da6-b95f-225c7c471f6c,2026-10-10T03:49:03.515262+00:00,39,ppo,B,EW,0,0,11,0,10,0,0.0,0.0,0.2,0.6,85,117,32,2.5625,0
f384fa4d-2de3-4da6-b95f-225c7c471f6c,2026-10-10T03:49:03.515262+00:00,39,ppo,C,NS,1,0,1,8,0,8,0.0,0.0,0.2,0.2,85,117,32,2.5625,0
f384fa4d-2de3-4da6-b95f-225c7c471f6c,2026-10-10T03:49:03.515262+00:00,39,ppo,D,NS,1,0,1,10,0,9,0.4,0.2,0.0,0.2,85,117,32,2.5625,0
f384fa4d-2de3-4da6-b95f-225c7c471f6c,2026-10-10T03:49:03.983217+00:00,40,ppo,A,EW,1,0,7,1,19,0,0.0,0.4,0.0,0.2,86,120,34,2.5,0
f384fa4d-2de3-4da6-b95f-225c7c471f6c,2026-10-10T03:49:03.983217+00:00,40,ppo,B,EW,1,0,11,0,11,0,0.0,0.2,0.2,0.4,86,120,34,2.5,0
f384fa4d-2de3-4da6-b95f-225c7c471f6c,2026-10-10T03:49:03.983217+00:00,40,ppo,C,NS,0,0,0,8,0,9,0.0,0.0,0.2,0.4,86,120,34,2.5,0
f384fa4d-2de3-4da6-b95f-225c7c471f6c,2026-10-10T03:49:03.983217+00:00,40,ppo,D,NS,0,0,1,10,0,9,0.6,0.2,0.0,0.2,86,120,34,2.5,0
f384fa4d-2de3-4da6-b95f-225c7c471f6c,2026-10-10T03:49:04.417445+00:00,41,ppo,A,EW,0,0,7,0,19,0,0.0,0.2,0.0,0.2,89,123,34,2.5,0
f384fa4d-2de3-4da6-b95f-225c7c471f6c,2026-10-10T03:49:04.417445+00:00,41,ppo,B,EW,0,0,11,0,12,1,0.0,0.2,0.2,0.4,89,123,34,2.5,0
f384fa4d-2de3-4da6-b95f-225c7c471f6c,2026-10-10T03:49:04.417445+00:00,41,ppo,C,NS,1,0,1,8,0,9,0.0,0.0,0.2,0.4,89,123,34,2.5,0
f384fa4d-2de3-4da6-b95f-225c7c471f6c,2026-10-10T03:49:04.417445+00:00,41,ppo,D,NS,1,0,1,10,0,10,0.8,0.0,0.0,0.4,89,123,34,2.5,0
f384fa4d-2de3-4da6-b95f-225c7c471f6c,2026-10-10T03:49:04.870438+00:00,42,ppo,A,EW,1,0,7,0,19,0,0.0,0.2,0.0,0.4,90,126,36,2.4444,0
f384fa4d-2de3-4da6-b95f-225c7c471f6c,2026-10-10T03:49:04.870438+00:00,42,ppo,B,EW,1,0,11,0,14,0,0.0,0.2,0.0,0.4,90,126,36,2.4444,0
f384fa4d-2de3-4da6-b95f-225c7c471f6c,2026-10-10T03:49:04.870438+00:00,42,ppo,C,NS,0,0,1,8,0,9,0.0,0.0,0.2,0.2,90,126,36,2.4444,0
f384fa4d-2de3-4da6-b95f-225c7c471f6c,2026-10-10T03:49:04.870438+00:00,42,ppo,D,NS,0,0,0,10,0,11,0.8,0.0,0.2,0.4,90,126,36,2.4444,0
f384fa4d-2de3-4da6-b95f-225c7c471f6c,2026-10-10T03:49:05.327323+00:00,43,ppo,A,EW,0,0,8,0,19,0,0.2,0.2,0.0,0.4,92,129,37,2.4054,1
f384fa4d-2de3-4da6-b95f-225c7c471f6c,2026-10-10T03:49:05.327323+00:00,43,ppo,B,EW,0,0,11,0,14,1,0.0,0.2,0.0,0.2,92,129,37,2.4054,1
f384fa4d-2de3-4da6-b95f-225c7c471f6c,2026-10-10T03:49:05.327323+00:00,43,ppo,C,NS,1,0,1,8,0,9,0.2,0.0,0.0,0.2,92,129,37,2.4054,1
f384fa4d-2de3-4da6-b95f-225c7c471f6c,2026-10-10T03:49:05.327323+00:00,43,ppo,D,NS,1,0,0,10,0,11,0.8,0.0,0.2,0.4,92,129,37,2.4054,1
f384fa4d-2de3-4da6-b95f-225c7c471f6c,2026-10-10T03:49:05.766108+00:00,44,ppo,A,EW,1,0,8,1,19,0,0.2,0.4,0.0,0.4,94,132,38,2.3684,2
f384fa4d-2de3-4da6-b95f-225c7c471f6c,2026-10-10T03:49:05.766108+00:00,44,ppo,B,EW,1,0,11,0,14,1,0.0,0.4,0.0,0.0,94,132,38,2.3684,2
f384fa4d-2de3-4da6-b95f-225c7c471f6c,2026-10-10T03:49:05.766108+00:00,44,ppo,C,NS,0,0,1,9,0,9,0.2,0.2,0.0,0.2,94,132,38,2.3684,2
f384fa4d-2de3-4da6-b95f-225c7c471f6c,2026-10-10T03:49:05.766108+00:00,44,ppo,D,NS,0,0,0,10,0,11,0.4,0.0,0.2,0.4,94,132,38,2.3684,2
f384fa4d-2de3-4da6-b95f-225c7c471f6c,2026-10-10T03:49:06.227191+00:00,45,ppo,A,EW,0,0,8,1,20,0,0.2,0.4,0.2,0.6,96,135,39,2.3333,3
f384fa4d-2de3-4da6-b95f-225c7c471f6c,2026-10-10T03:49:06.227191+00:00,45,ppo,B,EW,0,0,11,0,14,0,0.0,0.4,0.0,0.0,96,135,39,2.3333,3
f384fa4d-2de3-4da6-b95f-225c7c471f6c,2026-10-10T03:49:06.227191+00:00,45,ppo,C,NS,1,0,2,9,0,9,0.2,0.2,0.0,0.0,96,135,39,2.3333,3
f384fa4d-2de3-4da6-b95f-225c7c471f6c,2026-10-10T03:49:06.227191+00:00,45,ppo,D,NS,1,0,1,10,0,11,0.2,0.0,0.2,0.4,96,135,39,2.3333,3
f384fa4d-2de3-4da6-b95f-225c7c471f6c,2026-10-10T03:49:06.669148+00:00,46,ppo,A,EW,1,0,9,0,20,0,0.4,0.4,0.2,0.4,96,138,42,2.2619,4
f384fa4d-2de3-4da6-b95f-225c7c471f6c,2026-10-10T03:49:06.669148+00:00,46,ppo,B,EW,1,0,11,0,14,0,0.0,0.4,0.0,0.0,96,138,42,2.2619,4
f384fa4d-2de3-4da6-b95f-225c7c471f6c,2026-10-10T03:49:06.669148+00:00,46,ppo,C,NS,0,0,1,10,0,10,0.2,0.2,0.0,0.2,96,138,42,2.2619,4
f384fa4d-2de3-4da6-b95f-225c7c471f6c,2026-10-10T03:49:06.669148+00:00,46,ppo,D,NS,0,0,0,10,0,11,0.0,0.0,0.4,0.2,96,138,42,2.2619,4
f384fa4d-2de3-4da6-b95f-225c7c471f6c,2026-10-10T03:49:07.127943+00:00,47,ppo,A,EW,0,0,9,0,20,0,0.4,0.4,0.2,0.2,99,141,42,2.2619,5
f384fa4d-2de3-4da6-b95f-225c7c471f6c,2026-10-10T03:49:07.127943+00:00,47,ppo,B,EW,0,0,11,0,15,0,0.0,0.4,0.0,0.0,99,141,42,2.2619,5
f384fa4d-2de3-4da6-b95f-225c7c471f6c,2026-10-10T03:49:07.127943+00:00,47,ppo,C,NS,1,0,1,10,0,11,0.2,0.2,0.0,0.4,99,141,42,2.2619,5
f384fa4d-2de3-4da6-b95f-225c7c471f6c,2026-10-10T03:49:07.127943+00:00,47,ppo,D,NS,1,0,0,10,0,12,0.0,0.0,0.4,0.2,99,141,42,2.2619,5
f384fa4d-2de3-4da6-b95f-225c7c471f6c,2026-10-10T03:49:07.567683+00:00,48,ppo,A,EW,1,0,9,0,20,0,0.2,0.2,0.2,0.2,102,144,42,2.2619,6
f384fa4d-2de3-4da6-b95f-225c7c471f6c,2026-10-10T03:49:07.567683+00:00,48,ppo,B,EW,1,0,11,0,16,0,0.0,0.4,0.0,0.0,102,144,42,2.2619,6
f384fa4d-2de3-4da6-b95f-225c7c471f6c,2026-10-10T03:49:07.567683+00:00,48,ppo,C,NS,0,0,2,10,0,11,0.2,0.2,0.0,0.4,102,144,42,2.2619,6
f384fa4d-2de3-4da6-b95f-225c7c471f6c,2026-10-10T03:49:07.567683+00:00,48,ppo,D,NS,0,0,0,10,0,13,0.2,0.0,0.4,0.4,102,144,42,2.2619,6
f384fa4d-2de3-4da6-b95f-225c7c471f6c,2026-10-10T03:49:08.018440+00:00,49,ppo,A,EW,0,0,9,1,20,0,0.2,0.0,0.2,0.2,105,147,42,2.2619,8
f384fa4d-2de3-4da6-b95f-225c7c471f6c,2026-10-10T03:49:08.018440+00:00,49,ppo,B,EW,0,0,11,0,17,0,0.0,0.4,0.0,0.0,105,147,42,2.2619,8
f384fa4d-2de3-4da6-b95f-225c7c471f6c,2026-10-10T03:49:08.018440+00:00,49,ppo,C,NS,1,0,2,10,1,11,0.2,0.0,0.2,0.4,105,147,42,2.2619,8
f384fa4d-2de3-4da6-b95f-225c7c471f6c,2026-10-10T03:49:08.018440+00:00,49,ppo,D,NS,1,0,0,10,0,13,0.2,0.0,0.6,0.4,105,147,42,2.2619,8
f384fa4d-2de3-4da6-b95f-225c7c471f6c,2026-10-10T03:49:08.467789+00:00,50,ppo,A,EW,1,0,9,1,20,0,0.2,0.0,0.0,0.0,107,150,43,2.2326,11
f384fa4d-2de3-4da6-b95f-225c7c471f6c,2026-10-10T03:49:08.467789+00:00,50,ppo,B,EW,1,0,11,0,17,0,0.0,0.4,0.0,0.2,107,150,43,2.2326,11
f384fa4d-2de3-4da6-b95f-225c7c471f6c,2026-10-10T03:49:08.467789+00:00,50,ppo,C,NS,0,0,2,10,1,11,0.2,0.0,0.2,0.4,107,150,43,2.2326,11
f384fa4d-2de3-4da6-b95f-225c7c471f6c,2026-10-10T03:49:08.467789+00:00,50,ppo,D,NS,0,0,2,10,0,13,0.4,0.0,0.6,0.4,107,150,43,2.2326,11
f384fa4d-2de3-4da6-b95f-225c7c471f6c,2026-10-10T03:49:08.934248+00:00,51,ppo,A,EW,0,0,9,0,20,0,0.0,0.0,0.0,0.0,109,153,44,2.2045,14
f384fa4d-2de3-4da6-b95f-225c7c471f6c,2026-10-10T03:49:08.934248+00:00,51,ppo,B,EW,0,0,11,0,17,0,0.0,0.4,0.0,0.2,109,153,44,2.2045,14
f384fa4d-2de3-4da6-b95f-225c7c471f6c,2026-10-10T03:49:08.934248+00:00,51,ppo,C,NS,1,0,4,11,1,12,0.4,0.0,0.2,0.4,109,153,44,2.2045,14
f384fa4d-2de3-4da6-b95f-225c7c471f6c,2026-10-10T03:49:08.934248+00:00,51,ppo,D,NS,1,0,1,10,0,13,0.4,0.0,0.6,0.4,109,153,44,2.2045,14
f384fa4d-2de3-4da6-b95f-225c7c471f6c,2026-10-10T03:49:09.382531+00:00,52,ppo,A,EW,1,0,9,1,20,0,0.0,0.0,0.0,0.0,111,156,45,2.2,17
f384fa4d-2de3-4da6-b95f-225c7c471f6c,2026-10-10T03:49:09.382531+00:00,52,ppo,B,EW,1,0,11,1,17,0,0.0,0.8,0.0,0.2,111,156,45,2.2,17
f384fa4d-2de3-4da6-b95f-225c7c471f6c,2026-10-10T03:49:09.382531+00:00,52,ppo,C,NS,0,0,3,11,2,12,0.4,0.0,0.4,0.2,111,156,45,2.2,17
f384fa4d-2de3-4da6-b95f-225c7c471f6c,2026-10-10T03:49:09.382531+00:00,52,ppo,D,NS,0,0,1,10,0,13,0.4,0.0,0.4,0.2,111,156,45,2.2,17
f384fa4d-2de3-4da6-b95f-225c7c471f6c,2026-10-10T03:49:09.819000+00:00,53,ppo,A,EW,0,0,9,1,20,0,0.0,0.0,0.0,0.0,113,159,46,2.1739,20
f384fa4d-2de3-4da6-b95f-225c7c471f6c,2026-10-10T03:49:09.819000+00:00,53,ppo,B,EW,0,0,12,0,17,0,0.2,0.8,0.0,0.2,113,159,46,2.1739,20
f384fa4d-2de3-4da6-b95f-225c7c471f6c,2026-10-10T03:49:09.819000+00:00,53,ppo,C,NS,1,0,3,12,2,12,0.2,0.2,0.4,0.2,113,159,46,2.1739,20
f384fa4d-2de3-4da6-b95f-225c7c471f6c,2026-10-10T03:49:09.819000+00:00,53,ppo,D,NS,1,0,2,10,0,13,0.4,0.0,0.4,0.0,113,159,46,2.1739,20
f384fa4d-2de3-4da6-b95f-225c7c471f6c,2026-10-10T03:49:10.269741+00:00,54,ppo,A,EW,1,0,9,0,20,0,0.0,0.0,0.0,0.0,116,162,46,2.1739,23
f384fa4d-2de3-4da6-b95f-225c7c471f6c,2026-10-10T03:49:10.269741+00:00,54,ppo,B,EW,1,0,12,0,17,0,0.2,0.6,0.0,0.2,116,162,46,2.1739,23
f384fa4d-2de3-4da6-b95f-225c7c471f6c,2026-10-10T03:49:10.269741+00:00,54,ppo,C,NS,0,0,5,12,2,12,0.4,0.2,0.2,0.2,116,162,46,2.1739,23
f384fa4d-2de3-4da6-b95f-225c7c471f6c,2026-10-10T03:49:10.269741+00:00,54,ppo,D,NS,0,0,3,11,0,13,0.6,0.2,0.2,0.0,116,162,46,2.1739,23
f384fa4d-2de3-4da6-b95f-225c7c471f6c,2026-10-10T03:49:10.719130+00:00,55,ppo,A,EW,0,0,9,1,20,0,0.0,0.0,0.0,0.0,118,165,47,2.1915,26
f384fa4d-2de3-4da6-b95f-225c7c471f6c,2026-10-10T03:49:10.719130+00:00,55,ppo,B,EW,0,0,12,0,18,1,0.2,0.4,0.2,0.4,118,165,47,2.1915,26
f384fa4d-2de3-4da6-b95f-225c7c471f6c,2026-10-10T03:49:10.719130+00:00,55,ppo,C,NS,1,0,4,12,2,12,0.4,0.2,0.2,0.2,118,165,47,2.1915,26
f384fa4d-2de3-4da6-b95f-225c7c471f6c,2026-10-10T03:49:10.719130+00:00,55,ppo,D,NS,1,0,3,11,0,13,0.4,0.2,0.2,0.0,118,165,47,2.1915,26
f384fa4d-2de3-4da6-b95f-225c7c471f6c,2026-10-10T03:49:11.172679+00:00,56,ppo,A,EW,1,0,9,1,20,0,0.0,0.4,0.0,0.0,120,168,48,2.1667,29
f384fa4d-2de3-4da6-b95f-225c7c471f6c,2026-10-10T03:49:11.172679+00:00,56,ppo,B,EW,1,0,12,0,18,1,0.2,0.4,0.2,0.4,120,168,48,2.1667,29
f384fa4d-2de3-4da6-b95f-225c7c471f6c,2026-10-10T03:49:11.172679+00:00,56,ppo,C,NS,0,0,4,12,2,12,0.2,0.2,0.2,0.0,120,168,48,2.1667,29
f384fa4d-2de3-4da6-b95f-225c7c471f6c,2026-10-10T03:49:11.172679+00:00,56,ppo,D,NS,0,0,5,11,0,13,0.6,0.2,0.0,0.0,120,168,48,2.1667,29
f384fa4d-2de3-4da6-b95f-225c7c471f6c,2026-10-10T03:49:11.625581+00:00,57,ppo,A,EW,0,0,9,0,20,0,0.0,0.4,0.0,0.2,121,171,50,2.14,32
f384fa4d-2de3-4da6-b95f-225c7c471f6c,2026-10-10T03:49:11.625581+00:00,57,ppo,B,EW,0,0,12,0,18,1,0.2,0.0,0.2,0.4,121,171,50,2.14,32
f384fa4d-2de3-4da6-b95f-225c7c471f6c,2026-10-10T03:49:11.625581+00:00,57,ppo,C,NS,1,0,5,12,2,13,0.2,0.2,0.0,0.2,121,171,50,2.14,32
f384fa4d-2de3-4da6-b95f-225c7c471f6c,2026-10-10T03:49:11.625581+00:00,57,ppo,D,NS,1,0,5,11,0,13,0.8,0.2,0.0,0.0,121,171,50,2.14,32
f384fa4d-2de3-4da6-b95f-225c7c471f6c,2026-10-10T03:49:12.070225+00:00,58,ppo,A,EW,1,0,9,0,20,0,0.0,0.4,0.0,0.2,122,174,52,2.1154,35
f384fa4d-2de3-4da6-b95f-225c7c471f6c,2026-10-10T03:49:12.070225+00:00,58,ppo,B,EW,1,0,13,0,18,0,0.2,0.2,0.2,0.4,122,174,52,2.1154,35
f384fa4d-2de3-4da6-b95f-225c7c471f6c,2026-10-10T03:49:12.070225+00:00,58,ppo,C,NS,0,0,4,13,2,13,0.2,0.2,0.0,0.2,122,174,52,2.1154,35
f384fa4d-2de3-4da6-b95f-225c7c471f6c,2026-10-10T03:49:12.070225+00:00,58,ppo,D,NS,0,0,6,11,0,13,0.6,0.2,0.0,0.0,122,174,52,2.1154,35
f384fa4d-2de3-4da6-b95f-225c7c471f6c,2026-10-10T03:49:12.520160+00:00,59,ppo,A,EW,0,0,9,0,20,0,0.0,0.4,0.0,0.2,124,177,53,2.0943,38
f384fa4d-2de3-4da6-b95f-225c7c471f6c,2026-10-10T03:49:12.520160+00:00,59,ppo,B,EW,0,0,13,0,18,0,0.2,0.2,0.2,0.4,124,177,53,2.0943,38
f384fa4d-2de3-4da6-b95f-225c7c471f6c,2026-10-10T03:49:12.520160+00:00,59,ppo,C,NS,1,0,5,13,2,14,0.2,0.2,0.0,0.4,124,177,53,2.0943,38
f384fa4d-2de3-4da6-b95f-225c7c471f6c,2026-10-10T03:49:12.520160+00:00,59,ppo,D,NS,1,0,6,11,0,13,0.6,0.0,0.0,0.0,124,177,53,2.0943,38
f384fa4d-2de3-4da6-b95f-225c7c471f6c,2026-10-10T03:49:12.970245+00:00,60,ppo,A,EW,1,0,9,0,20,0,0.0,0.4,0.0,0.2,127,180,53,2.0943,41
f384fa4d-2de3-4da6-b95f-225c7c471f6c,2026-10-10T03:49:12.970245+00:00,60,ppo,B,EW,1,0,14,0,18,0,0.4,0.2,0.0,0.0,127,180,53,2.0943,41
f384fa4d-2de3-4da6-b95f-225c7c471f6c,2026-10-10T03:49:12.970245+00:00,60,ppo,C,NS,0,0,6,13,3,14,0.4,0.2,0.2,0.4,127,180,53,2.0943,41
f384fa4d-2de3-4da6-b95f-225c7c471f6c,2026-10-10T03:49:12.970245+00:00,60,ppo,D,NS,0,0,6,11,0,13,0.6,0.0,0.0,0.0,127,180,53,2.0943,41
f384fa4d-2de3-4da6-b95f-225c7c471f6c,2026-10-10T03:49:13.421220+00:00,61,ppo,A,EW,0,0,9,0,20,0,0.0,0.0,0.0,0.2,130,183,53,2.0943,44
f384fa4d-2de3-4da6-b95f-225c7c471f6c,2026-10-10T03:49:13.421220+00:00,61,ppo,B,EW,0,0,14,0,18,0,0.4,0.2,0.0,0.0,130,183,53,2.0943,44
f384fa4d-2de3-4da6-b95f-225c7c471f6c,2026-10-10T03:49:13.421220+00:00,61,ppo,C,NS,1,0,6,13,3,14,0.4,0.2,0.2,0.4,130,183,53,2.0943,44
f384fa4d-2de3-4da6-b95f-225c7c471f6c,2026-10-10T03:49:13.421220+00:00,61,ppo,D,NS,1,0,6,12,0,15,0.4,0.2,0.0,0.4,130,183,53,2.0943,44
f384fa4d-2de3-4da6-b95f-225c7c471f6c,2026-10-10T03:49:13.873331+00:00,62,ppo,A,EW,1,0,10,1,20,0,0.2,0.0,0.0,0.0,133,186,53,2.0943,47
f384fa4d-2de3-4da6-b95f-225c7c471f6c,2026-10-10T03:49:13.873331+00:00,62,ppo,B,EW,1,0,14,0,18,0,0.4,0.2,0.0,0.2,133,186,53,2.0943,47
f384fa4d-2de3-4da6-b95f-225c7c471f6c,2026-10-10T03:49:13.873331+00:00,62,ppo,C,NS,0,0,6,13,3,15,0.4,0.2,0.2,0.4,133,186,53,2.0943,47
f384fa4d-2de3-4da6-b95f-225c7c471f6c,2026-10-10T03:49:13.873331+00:00,62,ppo,D,NS,0,0,6,12,0,15,0.2,0.2,0.0,0.4,133,186,53,2.0943,47
f384fa4d-2de3-4da6-b95f-225c7c471f6c,2026-10-10T03:49:14.322790+00:00,63,ppo,A,EW,0,0,10,0,20,0,0.2,0.0,0.0,0.0,136,189,53,2.0943,50
f384fa4d-2de3-4da6-b95f-225c7c471f6c,2026-10-10T03:49:14.322790+00:00,63,ppo,B,EW,0,0,14,0,18,0,0.2,0.0,0.0,0.2,136,189,53,2.0943,50
f384fa4d-2de3-4da6-b95f-225c7c471f6c,2026-10-10T03:49:14.322790+00:00,63,ppo,C,NS,1,0,7,13,3,16,0.4,0.0,0.2,0.6,136,189,53,2.0943,50
f384fa4d-2de3-4da6-b95f-225c7c471f6c,2026-10-10T03:49:14.322790+00:00,63,ppo,D,NS,1,0,8,12,0,15,0.6,0.2,0.0,0.4,136,189,53,2.0943,50
f384fa4d-2de3-4da6-b95f-225c7c471f6c,2026-10-10T03:49:14.778399+00:00,64,ppo,A,EW,1,0,10,1,20,0,0.2,0.0,0.0,0.0,138,192,54,2.0926,53
f384fa4d-2de3-4da6-b95f-225c7c471f6c,2026-10-10T03:49:14.778399+00:00,64,ppo,B,EW,1,0,14,1,18,0,0.2,0.4,0.0,0.2,138,192,54,2.0926,53
f384fa4d-2de3-4da6-b95f-225c7c471f6c,2026-10-10T03:49:14.778399+00:00,64,ppo,C,NS,0,0,6,13,3,16,0.2,0.0,0.2,0.4,138,192,54,2.0926,53
f384fa4d-2de3-4da6-b95f-225c7c471f6c,2026-10-10T03:49:14.778399+00:00,64,ppo,D,NS,0,0,8,12,0,16,0.4,0.2,0.0,0.6,138,192,54,2.0926,53
f384fa4d-2de3-4da6-b95f-225c7c471f6c,2026-10-10T03:49:15.221086+00:00,65,ppo,A,EW,0,0,11,0,20,0,0.4,0.0,0.0,0.0,141,195,54,2.0926,56
f384fa4d-2de3-4da6-b95f-225c7c471f6c,2026-10-10T03:49:15.221086+00:00,65,ppo,B,EW,0,0,14,0,19,0,0.0,0.4,0.2,0.2,141,195,54,2.0926,56
f384fa4d-2de3-4da6-b95f-225c7c471f6c,2026-10-10T03:49:15.221086+00:00,65,ppo,C,NS,1,0,7,13,3,16,0.0,0.0,0.0,0.4,141,195,54,2.0926,56
f384fa4d-2de3-4da6-b95f-225c7c471f6c,2026-10-10T03:49:15.221086+00:00,65,ppo,D,NS,1,0,9,13,0,16,0.4,0.4,0.0,0.6,141,195,54,2.0926,56
f384fa4d-2de3-4da6-b95f-225c7c471f6c,2026-10-10T03:49:15.671911+00:00,66,ppo,A,EW,1,0,11,1,20,0,0.4,0.0,0.0,0.0,142,198,56,2.0893,59
f384fa4d-2de3-4da6-b95f-225c7c471f6c,2026-10-10T03:49:15.671911+00:00,66,ppo,B,EW,1,0,14,0,20,0,0.0,0.6,0.4,0.2,142,198,56,2.0893,59
f384fa4d-2de3-4da6-b95f-225c7c471f6c,2026-10-10T03:49:15.671911+00:00,66,ppo,C,NS,0,0,6,13,3,16,0.0,0.0,0.0,0.4,142,198,56,2.0893,59
f384fa4d-2de3-4da6-b95f-225c7c471f6c,2026-10-10T03:49:15.671911+00:00,66,ppo,D,NS,0,0,8,14,0,16,0.4,0.4,0.0,0.2,142,198,56,2.0893,59
f384fa4d-2de3-4da6-b95f-225c7c471f6c,2026-10-10T03:49:16.122168+00:00,67,ppo,A,EW,0,0,11,0,20,0,0.2,0.0,0.0,0.0,145,201,56,2.0893,62
f384fa4d-2de3-4da6-b95f-225c7c471f6c,2026-10-10T03:49:16.122168+00:00,67,ppo,B,EW,0,0,14,0,20,0,0.0,0.6,0.4,0.0,145,201,56,2.0893,62
f384fa4d-2de3-4da6-b95f-225c7c471f6c,2026-10-10T03:49:16.122168+00:00,67,ppo,C,NS,1,0,7,13,5,16,0.0,0.0,0.4,0.2,145,201,56,2.0893,62
f384fa4d-2de3-4da6-b95f-225c7c471f6c,2026-10-10T03:49:16.122168+00:00,67,ppo,D,NS,1,0,8,14,0,17,0.4,0.4,0.0,0.4,145,201,56,2.0893,62
f384fa4d-2de3-4da6-b95f-225c7c471f6c,2026-10-10T03:49:16.577093+00:00,68,ppo,A,EW,1,0,11,0,20,0,0.2,0.0,0.0,0.0,147,204,57,2.0877,66
f384fa4d-2de3-4da6-b95f-225c7c471f6c,2026-10-10T03:49:16.577093+00:00,68,ppo,B,EW,1,0,14,0,20,0,0.0,0.6,0.4,0.2,147,204,57,2.0877,66
f384fa4d-2de3-4da6-b95f-225c7c471f6c,2026-10-10T03:49:16.577093+00:00,68,ppo,C,NS,0,0,6,13,5,16,0.0,0.0,0.4,0.0,147,204,57,2.0877,66
f384fa4d-2de3-4da6-b95f-225c7c471f6c,2026-10-10T03:49:16.577093+00:00,68,ppo,D,NS,0,0,9,14,2,17,0.0,0.4,0.4,0.4,147,204,57,2.0877,66
f384fa4d-2de3-4da6-b95f-225c7c471f6c,2026-10-10T03:49:17.026591+00:00,69,ppo,A,EW,0,0,11,0,21,0,0.2,0.0,0.2,0.0,149,207,58,2.069,70
f384fa4d-2de3-4da6-b95f-225c7c471f6c,2026-10-10T03:49:17.026591+00:00,69,ppo,B,EW,0,0,14,0,20,0,0.0,0.2,0.4,0.2,149,207,58,2.069,70
f384fa4d-2de3-4da6-b95f-225c7c471f6c,2026-10-10T03:49:17.026591+00:00,69,ppo,C,NS,1,0,6,13,5,16,0.0,0.0,0.4,0.0,149,207,58,2.069,70
f384fa4d-2de3-4da6-b95f-225c7c471f6c,2026-10-10T03:49:17.026591+00:00,69,ppo,D,NS,1,0,8,15,2,18,0.0,0.6,0.4,0.4,149,207,58,2.069,70
f384fa4d-2de3-4da6-b95f-225c7c471f6c,2026-10-10T03:49:17.480916+00:00,70,ppo,A,EW,1,0,11,1,21,0,0.0,0.0,0.2,0.0,152,210,58,2.069,74
f384fa4d-2de3-4da6-b95f-225c7c471f6c,2026-10-10T03:49:17.480916+00:00,70,ppo,B,EW,1,0,14,0,20,0,0.0,0.2,0.2,0.4,152,210,58,2.069,74
f384fa4d-2de3-4da6-b95f-225c7c471f6c,2026-10-10T03:49:17.480916+00:00,70,ppo,C,NS,0,0,6,13,5,18,0.0,0.0,0.4,0.4,152,210,58,2.069,74
f384fa4d-2de3-4da6-b95f-225c7c471f6c,2026-10-10T03:49:17.480916+00:00,70,ppo,D,NS,0,0,8,15,2,18,0.0,0.4,0.4,0.4,152,210,58,2.069,74
f384fa4d-2de3-4da6-b95f-225c7c471f6c,2026-10-10T03:49:17.923848+00:00,71,ppo,A,EW,0,0,12,0,21,0,0.2,0.0,0.2,0.0,154,213,59,2.0508,78
f384fa4d-2de3-4da6-b95f-225c7c471f6c,2026-10-10T03:49:17.923848+00:00,71,ppo,B,EW,0,0,14,0,21,0,0.0,0.0,0.2,0.4,154,213,59,2.0508,78
f384fa4d-2de3-4da6-b95f-225c7c471f6c,2026-10-10T03:49:17.923848+00:00,71,ppo,C,NS,1,0,6,13,5,18,0.0,0.0,0.4,0.4,154,213,59,2.0508,78
f384fa4d-2de3-4da6-b95f-225c7c471f6c,2026-10-10T03:49:17.923848+00:00,71,ppo,D,NS,1,0,9,15,2,18,0.2,0.2,0.4,0.4,154,213,59,2.0508,78
f384fa4d-2de3-4da6-b95f-225c7c471f6c,2026-10-10T03:49:18.373817+00:00,72,ppo,A,EW,1,0,12,0,22,0,0.2,0.2,0.4,0.0,157,216,59,2.0508,82
f384fa4d-2de3-4da6-b95f-225c7c471f6c,2026-10-10T03:49:18.373817+00:00,72,ppo,B,EW,1,0,14,0,21,0,0.0,0.0,0.2,0.4,157,216,59,2.0508,82
f384fa4d-2de3-4da6-b95f-225c7c471f6c,2026-10-10T03:49:18.373817+00:00,72,ppo,C,NS,0,0,7,13,6,18,0.0,0.0,0.2,0.4,157,216,59,2.0508,82
f384fa4d-2de3-4da6-b95f-225c7c471f6c,2026-10-10T03:49:18.373817+00:00,72,ppo,D,NS,0,0,9,15,2,18,0.2,0.2,0.4,0.2,157,216,59,2.0508,82
f384fa4d-2de3-4da6-b95f-225c7c471f6c,2026-10-10T03:49:18.823424+00:00,73,ppo,A,EW,0,0,12,1,22,0,0.2,0.2,0.4,0.2,159,219,60,2.0333,86
f384fa4d-2de3-4da6-b95f-225c7c471f6c,2026-10-10T03:49:18.823424+00:00,73,ppo,B,EW,0,0,14,0,21,1,0.0,0.2,0.2,0.2,159,219,60,2.0333,86
f384fa4d-2de3-4da6-b95f-225c7c471f6c,2026-10-10T03:49:18.823424+00:00,73,ppo,C,NS,1,0,6,13,6,18,0.0,0.0,0.2,0.4,159,219,60,2.0333,86
f384fa4d-2de3-4da6-b95f-225c7c471f6c,2026-10-10T03:49:18.823424+00:00,73,ppo,D,NS,1,0,9,16,2,18,0.2,0.4,0.0,0.2,159,219,60,2.0333,86
f384fa4d-2de3-4da6-b95f-225c7c471f6c,2026-10-10T03:49:19.279502+00:00,74,ppo,A,EW,1,0,12,0,22,0,0.2,0.2,0.2,0.2,162,222,60,2.0333,90
f384fa4d-2de3-4da6-b95f-225c7c471f6c,2026-10-10T03:49:19.279502+00:00,74,ppo,B,EW,1,0,14,0,21,0,0.0,0.2,0.2,0.2,162,222,60,2.0333,90
f384fa4d-2de3-4da6-b95f-225c7c471f6c,2026-10-10T03:49:19.279502+00:00,74,ppo,C,NS,0,0,7,13,7,18,0.0,0.0,0.4,0.4,162,222,60,2.0333,90
f384fa4d-2de3-4da6-b95f-225c7c471f6c,2026-10-10T03:49:19.279502+00:00,74,ppo,D,NS,0,0,11,17,2,18,0.4,0.4,0.0,0.0,162,222,60,2.0333,90
f384fa4d-2de3-4da6-b95f-225c7c471f6c,2026-10-10T03:49:19.723426+00:00,75,ppo,A,EW,0,0,12,0,22,0,0.2,0.2,0.2,0.2,163,225,62,2.0323,94
f384fa4d-2de3-4da6-b95f-225c7c471f6c,2026-10-10T03:49:19.723426+00:00,75,ppo,B,EW,0,0,14,0,21,0,0.0,0.2,0.2,0.0,163,225,62,2.0323,94
f384fa4d-2de3-4da6-b95f-225c7c471f6c,2026-10-10T03:49:19.723426+00:00,75,ppo,C,NS,1,0,6,13,9,18,0.0,0.0,0.8,0.0,163,225,62,2.0323,94
f384fa4d-2de3-4da6-b95f-225c7c471f6c,2026-10-10T03:49:19.723426+00:00,75,ppo,D,NS,1,0,11,17,2,18,0.6,0.4,0.0,0.0,163,225,62,2.0323,94
f384fa4d-2de3-4da6-b95f-225c7c471f6c,2026-10-10T03:49:20.174033+00:00,76,ppo,A,EW,1,0,12,0,22,0,0.0,0.2,0.2,0.4,166,228,62,2.0323,98
f384fa4d-2de3-4da6-b95f-225c7c471f6c,2026-10-10T03:49:20.174033+00:00,76,ppo,B,EW,1,0,14,0,21,1,0.0,0.2,0.0,0.0,166,228,62,2.0323,98
f384fa4d-2de3-4da6-b95f-225c7c471f6c,2026-10-10T03:49:20.174033+00:00,76,ppo,C,NS,0,0,6,13,10,18,0.0,0.0,1.0,0.0,166,228,62,2.0323,98
f384fa4d-2de3-4da6-b95f-225c7c471f6c,2026-10-10T03:49:20.174033+00:00,76,ppo,D,NS,0,0,12,17,2,18,0.6,0.4,0.0,0.0,166,228,62,2.0323,98
f384fa4d-2de3-4da6-b95f-225c7c471f6c,2026-10-10T03:49:20.628228+00:00,77,ppo,A,EW,0,0,12,0,22,0,0.0,0.0,0.0,0.6,169,231,62,2.0323,102
f384fa4d-2de3-4da6-b95f-225c7c471f6c,2026-10-10T03:49:20.628228+00:00,77,ppo,B,EW,0,0,14,0,21,0,0.0,0.2,0.0,0.0,169,231,62,2.0323,102
f384fa4d-2de3-4da6-b95f-225c7c471f6c,2026-10-10T03:49:20.628228+00:00,77,ppo,C,NS,1,0,7,15,10,18,0.0,0.4,0.8,0.0,169,231,62,2.0323,102
f384fa4d-2de3-4da6-b95f-225c7c471f6c,2026-10-10T03:49:20.628228+00:00,77,ppo,D,NS,1,0,13,17,2,18,0.6,0.4,0.0,0.0,169,231,62,2.0323,102
f384fa4d-2de3-4da6-b95f-225c7c471f6c,2026-10-10T03:49:21.075204+00:00,78,ppo,A,EW,1,0,12,0,22,0,0.0,0.0,0.0,0.4,170,234,64,2.0156,106
f384fa4d-2de3-4da6-b95f-225c7c471f6c,2026-10-10T03:49:21.075204+00:00,78,ppo,B,EW,1,0,14,0,21,0,0.0,0.0,0.0,0.0,170,234,64,2.0156,106
f384fa4d-2de3-4da6-b95f-225c7c471f6c,2026-10-10T03:49:21.075204+00:00,78,ppo,C,NS,0,0,6,15,12,18,0.0,0.4,1.2,0.0,170,234,64,2.0156,106
f384fa4d-2de3-4da6-b95f-225c7c471f6c,2026-10-10T03:49:21.075204+00:00,78,ppo,D,NS,0,0,12,18,2,18,0.6,0.4,0.0,0.0,170,234,64,2.0156,106
f384fa4d-2de3-4da6-b95f-225c7c471f6c,2026-10-10T03:49:21.522678+00:00,79,ppo,A,EW,0,0,13,0,22,0,0.2,0.0,0.0,0.4,173,237,64,2.0156,110
f384fa4d-2de3-4da6-b95f-225c7c471f6c,2026-10-10T03:49:21.522678+00:00,79,ppo,B,EW,0,0,14,0,21,0,0.0,0.0,0.0,0.2,173,237,64,2.0156,110
f384fa4d-2de3-4da6-b95f-225c7c471f6c,2026-10-10T03:49:21.522678+00:00,79,ppo,C,NS,1,0,6,15,12,19,0.0,0.4,1.0,0.2,173,237,64,2.0156,110
f384fa4d-2de3-4da6-b95f-225c7c471f6c,2026-10-10T03:49:21.522678+00:00,79,ppo,D,NS,1,0,13,18,2,18,0.4,0.2,0.0,0.0,173,237,64,2.0156,110
f384fa4d-2de3-4da6-b95f-225c7c471f6c,2026-10-10T03:49:21.970798+00:00,80,ppo,A,EW,1,0,13,0,22,0,0.2,0.0,0.0,0.4,175,240,65,2.0,114
f384fa4d-2de3-4da6-b95f-225c7c471f6c,2026-10-10T03:49:21.970798+00:00,80,ppo,B,EW,1,0,14,0,21,0,0.0,0.0,0.0,0.2,175,240,65,2.0,114
f384fa4d-2de3-4da6-b95f-225c7c471f6c,2026-10-10T03:49:21.970798+00:00,80,ppo,C,NS,0,0,6,17,12,19,0.0,0.8,0.6,0.2,175,240,65,2.0,114
f384fa4d-2de3-4da6-b95f-225c7c471f6c,2026-10-10T03:49:21.970798+00:00,80,ppo,D,NS,0,0,12,18,3,18,0.2,0.2,0.2,0.0,175,240,65,2.0,114
f384fa4d-2de3-4da6-b95f-225c7c471f6c,2026-10-10T03:49:22.424765+00:00,81,ppo,A,EW,0,0,14,0,22,0,0.4,0.0,0.0,0.2,178,243,65,2.0,118
f384fa4d-2de3-4da6-b95f-225c7c471f6c,2026-10-10T03:49:22.424765+00:00,81,ppo,B,EW,0,0,14,0,21,0,0.0,0.0,0.0,0.2,178,243,65,2.0,118
f384fa4d-2de3-4da6-b95f-225c7c471f6c,2026-10-10T03:49:22.424765+00:00,81,ppo,C,NS,1,0,7,17,12,19,0.2,0.8,0.4,0.2,178,243,65,2.0,118
f384fa4d-2de3-4da6-b95f-225c7c471f6c,2026-10-10T03:49:22.424765+00:00,81,ppo,D,NS,1,0,12,18,4,18,0.0,0.2,0.4,0.0,178,243,65,2.0,118
f384fa4d-2de3-4da6-b95f-225c7c471f6c,2026-10-10T03:49:22.879828+00:00,82,ppo,A,EW,1,0,14,1,22,0,0.4,0.0,0.0,0.2,181,246,65,2.0,122
f384fa4d-2de3-4da6-b95f-225c7c471f6c,2026-10-10T03:49:22.879828+00:00,82,ppo,B,EW,1,0,14,0,21,0,0.0,0.0,0.0,0.4,181,246,65,2.0,122
f384fa4d-2de3-4da6-b95f-225c7c471f6c,2026-10-10T03:49:22.879828+00:00,82,ppo,C,NS,0,0,8,17,12,19,0.2,0.4,0.4,0.2,181,246,65,2.0,122
f384fa4d-2de3-4da6-b95f-225c7c471f6c,2026-10-10T03:49:22.879828+00:00,82,ppo,D,NS,0,0,12,19,4,18,0.0,0.4,0.4,0.0,181,246,65,2.0,122
f384fa4d-2de3-4da6-b95f-225c7c471f6c,2026-10-10T03:49:23.324542+00:00,83,ppo,A,EW,0,0,14,0,22,0,0.4,0.0,0.0,0.2,183,249,66,1.9848,126
f384fa4d-2de3-4da6-b95f-225c7c471f6c,2026-10-10T03:49:23.324542+00:00,83,ppo,B,EW,0,0,15,0,21,0,0.2,0.0,0.0,0.4,183,249,66,1.9848,126
f384fa4d-2de3-4da6-b95f-225c7c471f6c,2026-10-10T03:49:23.324542+00:00,83,ppo,C,NS,1,0,8,17,13,20,0.2,0.4,0.2,0.4,183,249,66,1.9848,126
f384fa4d-2de3-4da6-b95f-225c7c471f6c,2026-10-10T03:49:23.324542+00:00,83,ppo,D,NS,1,0,12,19,4,18,0.0,0.2,0.4,0.0,183,249,66,1.9848,126
f384fa4d-2de3-4da6-b95f-225c7c471f6c,2026-10-10T03:49:23.774664+00:00,84,ppo,A,EW,1,0,15,0,23,0,0.4,0.0,0.2,0.2,185,252,67,1.9851,130
f384fa4d-2de3-4da6-b95f-225c7c471f6c,2026-10-10T03:49:23.774664+00:00,84,ppo,B,EW,1,0,15,0,21,0,0.2,0.2,0.0,0.2,185,252,67,1.9851,130
f384fa4d-2de3-4da6-b95f-225c7c471f6c,2026-10-10T03:49:23.774664+00:00,84,ppo,C,NS,0,0,7,17,13,20,0.2,0.4,0.2,0.2,185,252,67,1.9851,130
f384fa4d-2de3-4da6-b95f-225c7c471f6c,2026-10-10T03:49:23.774664+00:00,84,ppo,D,NS,0,0,13,19,4,18,0.0,0.2,0.4,0.0,185,252,67,1.9851,130
f384fa4d-2de3-4da6-b95f-225c7c471f6c,2026-10-10T03:49:24.227650+00:00,85,ppo,A,EW,0,0,15,0,23,0,0.4,0.2,0.2,0.2,187,255,68,1.9706,134
f384fa4d-2de3-4da6-b95f-225c7c471f6c,2026-10-10T03:49:24.227650+00:00,85,ppo,B,EW,0,0,15,1,21,0,0.2,0.6,0.0,0.2,187,255,68,1.9706,134
f384fa4d-2de3-4da6-b95f-225c7c471f6c,2026-10-10T03:49:24.227650+00:00,85,ppo,C,NS,1,0,8,17,13,20,0.2,0.0,0.2,0.2,187,255,68,1.9706,134
f384fa4d-2de3-4da6-b95f-225c7c471f6c,2026-10-10T03:49:24.227650+00:00,85,ppo,D,NS,1,0,13,19,4,18,0.0,0.2,0.2,0.0,187,255,68,1.9706,134
f384fa4d-2de3-4da6-b95f-225c7c471f6c,2026-10-10T03:49:24.675814+00:00,86,ppo,A,EW,1,0,15,1,23,0,0.2,0.2,0.2,0.2,188,258,70,1.9429,138
f384fa4d-2de3-4da6-b95f-225c7c471f6c,2026-10-10T03:49:24.675814+00:00,86,ppo,B,EW,1,0,16,0,21,0,0.4,0.6,0.0,0.2,188,258,70,1.9429,138
f384fa4d-2de3-4da6-b95f-225c7c471f6c,2026-10-10T03:49:24.675814+00:00,86,ppo,C,NS,0,0,7,18,14,20,0.0,0.2,0.4,0.2,188,258,70,1.9429,138
f384fa4d-2de3-4da6-b95f-225c7c471f6c,2026-10-10T03:49:24.675814+00:00,86,ppo,D,NS,0,0,12,19,4,18,0.0,0.2,0.0,0.0,188,258,70,1.9429,138
f384fa4d-2de3-4da6-b95f-225c7c471f6c,2026-10-10T03:49:25.128920+00:00,87,ppo,A,EW,0,0,15,0,24,0,0.2,0.4,0.4,0.2,191,261,70,1.9429,142
f384fa4d-2de3-4da6-b95f-225c7c471f6c,2026-10-10T03:49:25.128920+00:00,87,ppo,B,EW,0,0,16,0,21,0,0.4,0.6,0.0,0.0,191,261,70,1.9429,142
f384fa4d-2de3-4da6-b95f-225c7c471f6c,2026-10-10T03:49:25.128920+00:00,87,ppo,C,NS,1,0,10,18,14,20,0.0,0.2,0.4,0.2,191,261,70,1.9429,142
f384fa4d-2de3-4da6-b95f-225c7c471f6c,2026-10-10T03:49:25.128920+00:00,87,ppo,D,NS,1,0,12,19,4,18,0.0,0.0,0.0,0.0,191,261,70,1.9429,142
f384fa4d-2de3-4da6-b95f-225c7c471f6c,2026-10-10T03:49:25.575165+00:00,88,ppo,A,EW,1,0,15,0,24,1,0.2,0.6,0.4,0.6,193,264,71,1.9296,146
f384fa4d-2de3-4da6-b95f-225c7c471f6c,2026-10-10T03:49:25.575165+00:00,88,ppo,B,EW,1,0,16,0,21,0,0.2,0.6,0.0,0.0,193,264,71,1.9296,146
f384fa4d-2de3-4da6-b95f-225c7c471f6c,2026-10-10T03:49:25.575165+00:00,88,ppo,C,NS,0,0,11,18,14,20,0.0,0.2,0.2,0.0,193,264,71,1.9296,146
f384fa4d-2de3-4da6-b95f-225c7c471f6c,2026-10-10T03:49:25.575165+00:00,88,ppo,D,NS,0,0,12,19,4,18,0.0,0.0,0.0,0.0,193,264,71,1.9296,146
f384fa4d-2de3-4da6-b95f-225c7c471f6c,2026-10-10T03:49:26.028131+00:00,89,ppo,A,EW,0,0,15,1,24,0,0.0,0.6,0.2,0.6,195,267,72,1.9306,150
f384fa4d-2de3-4da6-b95f-225c7c471f6c,2026-10-10T03:49:26.028131+00:00,89,ppo,B,EW,0,0,16,0,21,0,0.2,0.4,0.0,0.2,195,267,72,1.9306,150
f384fa4d-2de3-4da6-b95f-225c7c471f6c,2026-10-10T03:49:26.028131+00:00,89,ppo,C,NS,1,0,11,18,15,20,0.0,0.2,0.4,0.0,195,267,72,1.9306,150
f384fa4d-2de3-4da6-b95f-225c7c471f6c,2026-10-10T03:49:26.028131+00:00,89,ppo,D,NS,1,0,13,19,4,18,0.2,0.0,0.0,0.0,195,267,72,1.9306,150
f384fa4d-2de3-4da6-b95f-225c7c471f6c,2026-10-10T03:49:26.469854+00:00,90,ppo,A,EW,1,0,15,0,24,0,0.0,0.4,0.2,0.6,197,270,73,1.9726,154
f384fa4d-2de3-4da6-b95f-225c7c471f6c,2026-10-10T03:49:26.469854+00:00,90,ppo,B,EW,1,0,16,0,21,0,0.2,0.0,0.0,0.2,197,270,73,1.9726,154
f384fa4d-2de3-4da6-b95f-225c7c471f6c,2026-10-10T03:49:26.469854+00:00,90,ppo,C,NS,0,0,11,18,16,21,0.0,0.2,0.6,0.2,197,270,73,1.9726,154
f384fa4d-2de3-4da6-b95f-225c7c471f6c,2026-10-10T03:49:26.469854+00:00,90,ppo,D,NS,0,0,13,19,4,19,0.2,0.0,0.0,0.2,197,270,73,1.9726,154
f384fa4d-2de3-4da6-b95f-225c7c471f6c,2026-10-10T03:49:26.927916+00:00,91,ppo,A,EW,0,0,16,0,24,0,0.2,0.4,0.2,0.6,199,273,74,1.9865,158
f384fa4d-2de3-4da6-b95f-225c7c471f6c,2026-10-10T03:49:26.927916+00:00,91,ppo,B,EW,0,0,16,0,21,0,0.0,0.0,0.0,0.2,199,273,74,1.9865,158
f384fa4d-2de3-4da6-b95f-225c7c471f6c,2026-10-10T03:49:26.927916+00:00,91,ppo,C,NS,1,0,12,18,16,21,0.4,0.0,0.4,0.2,199,273,74,1.9865,158
f384fa4d-2de3-4da6-b95f-225c7c471f6c,2026-10-10T03:49:26.927916+00:00,91,ppo,D,NS,1,0,13,19,4,19,0.2,0.0,0.0,0.2,199,273,74,1.9865,158
f384fa4d-2de3-4da6-b95f-225c7c471f6c,2026-10-10T03:49:27.376004+00:00,92,ppo,A,EW,1,0,16,1,24,0,0.2,0.2,0.0,0.4,201,276,75,2.0133,162
f384fa4d-2de3-4da6-b95f-225c7c471f6c,2026-10-10T03:49:27.376004+00:00,92,ppo,B,EW,1,0,16,0,21,0,0.0,0.0,0.0,0.4,201,276,75,2.0133,162
f384fa4d-2de3-4da6-b95f-225c7c471f6c,2026-10-10T03:49:27.376004+00:00,92,ppo,C,NS,0,0,12,18,16,21,0.6,0.0,0.4,0.2,201,276,75,2.0133,162
f384fa4d-2de3-4da6-b95f-225c7c471f6c,2026-10-10T03:49:27.376004+00:00,92,ppo,D,NS,0,0,14,19,4,19,0.4,0.0,0.0,0.2,201,276,75,2.0133,162
f384fa4d-2de3-4da6-b95f-225c7c471f6c,2026-10-10T03:49:27.821388+00:00,93,ppo,A,EW,0,0,16,0,24,0,0.2,0.0,0.0,0.0,202,279,77,2.039,166
f384fa4d-2de3-4da6-b95f-225c7c471f6c,2026-10-10T03:49:27.821388+00:00,93,ppo,B,EW,0,0,16,0,21,0,0.0,0.0,0.0,0.4,202,279,77,2.039,166
f384fa4d-2de3-4da6-b95f-225c7c471f6c,2026-10-10T03:49:27.821388+00:00,93,ppo,C,NS,1,0,11,19,17,21,0.6,0.2,0.6,0.2,202,279,77,2.039,166
f384fa4d-2de3-4da6-b95f-225c7c471f6c,2026-10-10T03:49:27.821388+00:00,93,ppo,D,NS,1,0,15,19,4,19,0.6,0.0,0.0,0.2,202,279,77,2.039,166
f384fa4d-2de3-4da6-b95f-225c7c471f6c,2026-10-10T03:49:28.276449+00:00,94,ppo,A,EW,1,0,16,0,24,0,0.2,0.2,0.0,0.0,204,282,78,2.0769,170
f384fa4d-2de3-4da6-b95f-225c7c471f6c,2026-10-10T03:49:28.276449+00:00,94,ppo,B,EW,1,0,16,0,21,1,0.0,0.0,0.0,0.4,204,282,78,2.0769,170
f384fa4d-2de3-4da6-b95f-225c7c471f6c,2026-10-10T03:49:28.276449+00:00,94,ppo,C,NS,0,0,11,19,17,21,0.8,0.2,0.4,0.2,204,282,78,2.0769,170
f384fa4d-2de3-4da6-b95f-225c7c471f6c,2026-10-10T03:49:28.276449+00:00,94,ppo,D,NS,0,0,16,19,4,19,0.4,0.0,0.0,0.2,204,282,78,2.0769,170
f384fa4d-2de3-4da6-b95f-225c7c471f6c,2026-10-10T03:49:28.730226+00:00,95,ppo,A,EW,0,0,17,0,24,0,0.4,0.4,0.0,0.0,205,285,80,2.05,174
f384fa4d-2de3-4da6-b95f-225c7c471f6c,2026-10-10T03:49:28.730226+00:00,95,ppo,B,EW,0,0,16,0,22,1,0.0,0.0,0.2,0.4,205,285,80,2.05,174
f384fa4d-2de3-4da6-b95f-225c7c471f6c,2026-10-10T03:49:28.730226+00:00,95,ppo,C,NS,1,0,11,19,17,21,0.8,0.2,0.2,0.0,205,285,80,2.05,174
f384fa4d-2de3-4da6-b95f-225c7c471f6c,2026-10-10T03:49:28.730226+00:00,95,ppo,D,NS,1,0,15,19,4,19,0.4,0.0,0.0,0.0,205,285,80,2.05,174
f384fa4d-2de3-4da6-b95f-225c7c471f6c,2026-10-10T03:49:29.173726+00:00,96,ppo,A,EW,1,0,17,0,24,0,0.2,0.4,0.0,0.2,207,288,81,2.037,178
f384fa4d-2de3-4da6-b95f-225c7c471f6c,2026-10-10T03:49:29.173726+00:00,96,ppo,B,EW,1,0,17,0,22,0,0.2,0.0,0.2,0.4,207,288,81,2.037,178
f384fa4d-2de3-4da6-b95f-225c7c471f6c,2026-10-10T03:49:29.173726+00:00,96,ppo,C,NS,0,0,12,19,17,21,0.4,0.2,0.2,0.0,207,288,81,2.037,178
f384fa4d-2de3-4da6-b95f-225c7c471f6c,2026-10-10T03:49:29.173726+00:00,96,ppo,D,NS,0,0,15,19,4,20,0.4,0.0,0.0,0.2,207,288,81,2.037,178
f384fa4d-2de3-4da6-b95f-225c7c471f6c,2026-10-10T03:49:29.625269+00:00,97,ppo,A,EW,0,0,17,0,24,0,0.2,0.4,0.0,0.2,209,291,82,2.0244,182
f384fa4d-2de3-4da6-b95f-225c7c471f6c,2026-10-10T03:49:29.625269+00:00,97,ppo,B,EW,0,0,18,0,22,0,0.4,0.0,0.2,0.2,209,291,82,2.0244,182
f384fa4d-2de3-4da6-b95f-225c7c471f6c,2026-10-10T03:49:29.625269+00:00,97,ppo,C,NS,1,0,12,20,17,21,0.4,0.4,0.2,0.0,209,291,82,2.0244,182
f384fa4d-2de3-4da6-b95f-225c7c471f6c,2026-10-10T03:49:29.625269+00:00,97,ppo,D,NS,1,0,15,19,4,20,0.2,0.0,0.0,0.2,209,291,82,2.0244,182
f384fa4d-2de3-4da6-b95f-225c7c471f6c,2026-10-10T03:49:30.078471+00:00,98,ppo,A,EW,1,0,18,1,24,0,0.4,0.4,0.0,0.2,212,294,82,2.0244,186
f384fa4d-2de3-4da6-b95f-225c7c471f6c,2026-10-10T03:49:30.078471+00:00,98,ppo,B,EW,1,0,18,0,23,0,0.4,0.0,0.4,0.4,212,294,82,2.0244,186
f384fa4d-2de3-4da6-b95f-225c7c471f6c,2026-10-10T03:49:30.078471+00:00,98,ppo,C,NS,0,0,12,20,17,21,0.4,0.2,0.0,0.0,212,294,82,2.0244,186
f384fa4d-2de3-4da6-b95f-225c7c471f6c,2026-10-10T03:49:30.078471+00:00,98,ppo,D,NS,0,0,15,19,4,20,0.0,0.0,0.0,0.2,212,294,82,2.0244,186
f384fa4d-2de3-4da6-b95f-225c7c471f6c,2026-10-10T03:49:30.533330+00:00,99,ppo,A,EW,0,0,18,0,24,0,0.4,0.2,0.0,0.2,214,297,83,2.012,190
f384fa4d-2de3-4da6-b95f-225c7c471f6c,2026-10-10T03:49:30.533330+00:00,99,ppo,B,EW,0,0,18,0,23,0,0.4,0.0,0.4,0.2,214,297,83,2.012,190
f384fa4d-2de3-4da6-b95f-225c7c471f6c,2026-10-10T03:49:30.533330+00:00,99,ppo,C,NS,1,0,12,20,17,23,0.2,0.2,0.0,0.4,214,297,83,2.012,190
f384fa4d-2de3-4da6-b95f-225c7c471f6c,2026-10-10T03:49:30.533330+00:00,99,ppo,D,NS,1,0,16,19,4,20,0.2,0.0,0.0,0.2,214,297,83,2.012,190
f384fa4d-2de3-4da6-b95f-225c7c471f6c,2026-10-10T03:49:30.972913+00:00,100,ppo,A,EW,1,0,19,0,24,0,0.4,0.0,0.0,0.2,217,300,83,2.012,194
f384fa4d-2de3-4da6-b95f-225c7c471f6c,2026-10-10T03:49:30.972913+00:00,100,ppo,B,EW,1,0,18,0,23,0,0.4,0.0,0.2,0.2,217,300,83,2.012,194
f384fa4d-2de3-4da6-b95f-225c7c471f6c,2026-10-10T03:49:30.972913+00:00,100,ppo,C,NS,0,0,12,20,18,23,0.2,0.2,0.2,0.4,217,300,83,2.012,194
f384fa4d-2de3-4da6-b95f-225c7c471f6c,2026-10-10T03:49:30.972913+00:00,100,ppo,D,NS,0,0,17,19,4,20,0.4,0.0,0.0,0.2,217,300,83,2.012,194
f384fa4d-2de3-4da6-b95f-225c7c471f6c,2026-10-10T03:49:31.415254+00:00,101,ppo,A,EW,0,0,20,0,24,0,0.6,0.0,0.0,0.0,220,303,83,2.012,198
f384fa4d-2de3-4da6-b95f-225c7c471f6c,2026-10-10T03:49:31.415254+00:00,101,ppo,B,EW,0,0,19,0,24,0,0.4,0.0,0.4,0.2,220,303,83,2.012,198
f384fa4d-2de3-4da6-b95f-225c7c471f6c,2026-10-10T03:49:31.415254+00:00,101,ppo,C,NS,1,0,12,20,18,23,0.2,0.2,0.2,0.4,220,303,83,2.012,198
f384fa4d-2de3-4da6-b95f-225c7c471f6c,2026-10-10T03:49:31.415254+00:00,101,ppo,D,NS,1,0,17,19,4,20,0.4,0.0,0.0,0.0,220,303,83,2.012,198
f384fa4d-2de3-4da6-b95f-225c7c471f6c,2026-10-10T03:49:31.878193+00:00,102,ppo,A,EW,1,0,20,0,24,0,0.6,0.0,0.0,0.0,223,306,83,2.012,202
f384fa4d-2de3-4da6-b95f-225c7c471f6c,2026-10-10T03:49:31.878193+00:00,102,ppo,B,EW,1,0,20,0,24,0,0.4,0.0,0.4,0.2,223,306,83,2.012,202
f384fa4d-2de3-4da6-b95f-225c7c471f6c,2026-10-10T03:49:31.878193+00:00,102,ppo,C,NS,0,0,12,20,19,23,0.0,0.0,0.4,0.4,223,306,83,2.012,202
f384fa4d-2de3-4da6-b95f-225c7c471f6c,2026-10-10T03:49:31.878193+00:00,102,ppo,D,NS,0,0,17,19,4,21,0.4,0.0,0.0,0.2,223,306,83,2.012,202
f384fa4d-2de3-4da6-b95f-225c7c471f6c,2026-10-10T03:49:32.333130+00:00,103,ppo,A,EW,0,0,21,0,24,0,0.6,0.0,0.0,0.0,226,309,83,2.012,206
f384fa4d-2de3-4da6-b95f-225c7c471f6c,2026-10-10T03:49:32.333130+00:00,103,ppo,B,EW,0,0,20,0,24,0,0.4,0.0,0.2,0.0,226,309,83,2.012,206
f384fa4d-2de3-4da6-b95f-225c7c471f6c,2026-10-10T03:49:32.333130+00:00,103,ppo,C,NS,1,0,12,20,19,23,0.0,0.0,0.4,0.4,226,309,83,2.012,206
f384fa4d-2de3-4da6-b95f-225c7c471f6c,2026-10-10T03:49:32.333130+00:00,103,ppo,D,NS,1,0,18,19,5,21,0.6,0.0,0.2,0.2,226,309,83,2.012,206
f384fa4d-2de3-4da6-b95f-225c7c471f6c,2026-10-10T03:49:32.771130+00:00,104,ppo,A,EW,1,0,21,0,24,0,0.6,0.2,0.0,0.2,229,312,83,2.012,210
f384fa4d-2de3-4da6-b95f-225c7c471f6c,2026-10-10T03:49:32.771130+00:00,104,ppo,B,EW,1,0,20,0,24,1,0.4,0.0,0.2,0.0,229,312,83,2.012,210
f384fa4d-2de3-4da6-b95f-225c7c471f6c,2026-10-10T03:49:32.771130+00:00,104,ppo,C,NS,0,0,13,20,19,23,0.0,0.0,0.4,0.0,229,312,83,2.012,210
f384fa4d-2de3-4da6-b95f-225c7c471f6c,2026-10-10T03:49:32.771130+00:00,104,ppo,D,NS,0,0,18,20,5,21,0.4,0.2,0.2,0.2,229,312,83,2.012,210
f384fa4d-2de3-4da6-b95f-225c7c471f6c,2026-10-10T03:49:33.229232+00:00,105,ppo,A,EW,0,0,21,1,24,0,0.4,0.2,0.0,0.2,231,315,84,2.0,214
f384fa4d-2de3-4da6-b95f-225c7c471f6c,2026-10-10T03:49:33.229232+00:00,105,ppo,B,EW,0,0,20,0,24,0,0.4,0.2,0.2,0.0,231,315,84,2.0,214
f384fa4d-2de3-4da6-b95f-225c7c471f6c,2026-10-10T03:49:33.229232+00:00,105,ppo,C,NS,1,0,13,20,19,23,0.2,0.0,0.2,0.0,231,315,84,2.0,214
f384fa4d-2de3-4da6-b95f-225c7c471f6c,2026-10-10T03:49:33.229232+00:00,105,ppo,D,NS,1,0,19,21,5,21,0.2,0.4,0.2,0.2,231,315,84,2.0,214
f384fa4d-2de3-4da6-b95f-225c7c471f6c,2026-10-10T03:49:33.666437+00:00,106,ppo,A,EW,1,0,21,0,25,0,0.2,0.2,0.2,0.4,232,318,86,1.9884,218
f384fa4d-2de3-4da6-b95f-225c7c471f6c,2026-10-10T03:49:33.666437+00:00,106,ppo,B,EW,1,0,20,0,24,1,0.2,0.2,0.0,0.0,232,318,86,1.9884,218
f384fa4d-2de3-4da6-b95f-225c7c471f6c,2026-10-10T03:49:33.666437+00:00,106,ppo,C,NS,0,0,13,20,19,23,0.2,0.0,0.2,0.0,232,318,86,1.9884,218
f384fa4d-2de3-4da6-b95f-225c7c471f6c,2026-10-10T03:49:33.666437+00:00,106,ppo,D,NS,0,0,18,21,6,21,0.2,0.4,0.4,0.2,232,318,86,1.9884,218
f384fa4d-2de3-4da6-b95f-225c7c471f6c,2026-10-10T03:49:34.129507+00:00,107,ppo,A,EW,0,0,21,0,25,0,0.2,0.2,0.2,0.4,235,321,86,1.9884,222
f384fa4d-2de3-4da6-b95f-225c7c471f6c,2026-10-10T03:49:34.129507+00:00,107,ppo,B,EW,0,0,21,0,25,0,0.2,0.2,0.2,0.0,235,321,86,1.9884,222
f384fa4d-2de3-4da6-b95f-225c7c471f6c,2026-10-10T03:49:34.129507+00:00,107,ppo,C,NS,1,0,13,20,19,23,0.2,0.0,0.0,0.0,235,321,86,1.9884,222
f384fa4d-2de3-4da6-b95f-225c7c471f6c,2026-10-10T03:49:34.129507+00:00,107,ppo,D,NS,1,0,20,21,6,21,0.4,0.4,0.4,0.0,235,321,86,1.9884,222
f384fa4d-2de3-4da6-b95f-225c7c471f6c,2026-10-10T03:49:34.567632+00:00,108,ppo,A,EW,1,0,21,0,25,0,0.0,0.2,0.2,0.4,237,324,87,1.9885,226
f384fa4d-2de3-4da6-b95f-225c7c471f6c,2026-10-10T03:49:34.567632+00:00,108,ppo,B,EW,1,0,21,0,25,0,0.2,0.2,0.2,0.0,237,324,87,1.9885,226
f384fa4d-2de3-4da6-b95f-225c7c471f6c,2026-10-10T03:49:34.567632+00:00,108,ppo,C,NS,0,0,14,21,19,23,0.4,0.2,0.0,0.0,237,324,87,1.9885,226
f384fa4d-2de3-4da6-b95f-225c7c471f6c,2026-10-10T03:49:34.567632+00:00,108,ppo,D,NS,0,0,19,21,7,21,0.2,0.4,0.4,0.0,237,324,87,1.9885,226
f384fa4d-2de3-4da6-b95f-225c7c471f6c,2026-10-10T03:49:35.028506+00:00,109,ppo,A,EW,0,0,21,1,25,0,0.0,0.0,0.2,0.2,240,327,87,1.9885,230
f384fa4d-2de3-4da6-b95f-225c7c471f6c,2026-10-10T03:49:35.028506+00:00,109,ppo,B,EW,0,0,21,0,25,0,0.2,0.4,0.2,0.2,240,327,87,1.9885,230
f384fa4d-2de3-4da6-b95f-225c7c471f6c,2026-10-10T03:49:35.028506+00:00,109,ppo,C,NS,1,0,15,21,19,23,0.6,0.2,0.0,0.0,240,327,87,1.9885,230
f384fa4d-2de3-4da6-b95f-225c7c471f6c,2026-10-10T03:49:35.028506+00:00,109,ppo,D,NS,1,0,20,21,7,21,0.2,0.2,0.4,0.0,240,327,87,1.9885,230
f384fa4d-2de3-4da6-b95f-225c7c471f6c,2026-10-10T03:49:35.471913+00:00,110,ppo,A,EW,1,0,21,0,25,0,0.0,0.0,0.2,0.2,241,330,89,1.9663,234
f384fa4d-2de3-4da6-b95f-225c7c471f6c,2026-10-10T03:49:35.471913+00:00,110,ppo,B,EW,1,0,21,0,25,0,0.2,0.2,0.2,0.4,241,330,89,1.9663,234
f384fa4d-2de3-4da6-b95f-225c7c471f6c,2026-10-10T03:49:35.471913+00:00,110,ppo,C,NS,0,0,15,22,19,24,0.4,0.4,0.0,0.2,241,330,89,1.9663,234
f384fa4d-2de3-4da6-b95f-225c7c471f6c,2026-10-10T03:49:35.471913+00:00,110,ppo,D,NS,0,0,20,21,7,21,0.2,0.0,0.4,0.0,241,330,89,1.9663,234
f384fa4d-2de3-4da6-b95f-225c7c471f6c,2026-10-10T03:49:35.930575+00:00,111,ppo,A,EW,0,0,21,0,25,0,0.0,0.0,0.0,0.0,243,333,90,1.9556,238
f384fa4d-2de3-4da6-b95f-225c7c471f6c,2026-10-10T03:49:35.930575+00:00,111,ppo,B,EW,0,0,21,0,25,0,0.2,0.2,0.2,0.4,243,333,90,1.9556,238
f384fa4d-2de3-4da6-b95f-225c7c471f6c,2026-10-10T03:49:35.930575+00:00,111,ppo,C,NS,1,0,15,22,19,24,0.4,0.4,0.0,0.2,243,333,90,1.9556,238
f384fa4d-2de3-4da6-b95f-225c7c471f6c,2026-10-10T03:49:35.930575+00:00,111,ppo,D,NS,1,0,19,22,9,21,0.2,0.2,0.6,0.0,243,333,90,1.9556,238
f384fa4d-2de3-4da6-b95f-225c7c471f6c,2026-10-10T03:49:36.373727+00:00,112,ppo,A,EW,1,0,22,1,25,0,0.2,0.0,0.0,0.0,246,336,90,1.9556,242
f384fa4d-2de3-4da6-b95f-225c7c471f6c,2026-10-10T03:49:36.373727+00:00,112,ppo,B,EW,1,0,21,0,25,0,0.0,0.2,0.0,0.6,246,336,90,1.9556,242
f384fa4d-2de3-4da6-b95f-225c7c471f6c,2026-10-10T03:49:36.373727+00:00,112,ppo,C,NS,0,0,15,22,19,25,0.4,0.4,0.0,0.4,246,336,90,1.9556,242
f384fa4d-2de3-4da6-b95f-225c7c471f6c,2026-10-10T03:49:36.373727+00:00,112,ppo,D,NS,0,0,19,22,9,21,0.0,0.2,0.6,0.0,246,336,90,1.9556,242
f384fa4d-2de3-4da6-b95f-225c7c471f6c,2026-10-10T03:49:36.821591+00:00,113,ppo,A,EW,0,0,22,0,25,0,0.2,0.0,0.0,0.0,249,339,90,1.9556,246
f384fa4d-2de3-4da6-b95f-225c7c471f6c,2026-10-10T03:49:36.821591+00:00,113,ppo,B,EW,0,0,21,0,25,0,0.0,0.2,0.0,0.6,249,339,90,1.9556,246
f384fa4d-2de3-4da6-b95f-225c7c471f6c,2026-10-10T03:49:36.821591+00:00,113,ppo,C,NS,1,0,16,22,19,27,0.2,0.2,0.0,0.8,249,339,90,1.9556,246
f384fa4d-2de3-4da6-b95f-225c7c471f6c,2026-10-10T03:49:36.821591+00:00,113,ppo,D,NS,1,0,19,23,9,21,0.0,0.4,0.4,0.0,249,339,90,1.9556,246
f384fa4d-2de3-4da6-b95f-225c7c471f6c,2026-10-10T03:49:37.281996+00:00,114,ppo,A,EW,1,0,23,0,25,0,0.4,0.0,0.0,0.0,251,342,91,1.956,250
f384fa4d-2de3-4da6-b95f-225c7c471f6c,2026-10-10T03:49:37.281996+00:00,114,ppo,B,EW,1,0,21,0,25,0,0.0,0.0,0.0,0.4,251,342,91,1.956,250
f384fa4d-2de3-4da6-b95f-225c7c471f6c,2026-10-10T03:49:37.281996+00:00,114,ppo,C,NS,0,0,15,23,19,27,0.0,0.4,0.0,0.8,251,342,91,1.956,250
f384fa4d-2de3-4da6-b95f-225c7c471f6c,2026-10-10T03:49:37.281996+00:00,114,ppo,D,NS,0,0,19,24,9,21,0.0,0.6,0.4,0.0,251,342,91,1.956,250
f384fa4d-2de3-4da6-b95f-225c7c471f6c,2026-10-10T03:49:37.729961+00:00,115,ppo,A,EW,0,0,24,0,25,0,0.6,0.0,0.0,0.0,254,345,91,1.956,254
f384fa4d-2de3-4da6-b95f-225c7c471f6c,2026-10-10T03:49:37.729961+00:00,115,ppo,B,EW,0,0,21,0,25,0,0.0,0.0,0.0,0.4,254,345,91,1.956,254
f384fa4d-2de3-4da6-b95f-225c7c471f6c,2026-10-10T03:49:37.729961+00:00,115,ppo,C,NS,1,0,15,23,20,27,0.0,0.2,0.2,0.6,254,345,91,1.956,254
f384fa4d-2de3-4da6-b95f-225c7c471f6c,2026-10-10T03:49:37.729961+00:00,115,ppo,D,NS,1,0,20,24,9,21,0.0,0.6,0.4,0.0,254,345,91,1.956,254
f384fa4d-2de3-4da6-b95f-225c7c471f6c,2026-10-10T03:49:38.177967+00:00,116,ppo,A,EW,1,0,24,0,25,0,0.6,0.0,0.0,0.0,256,348,92,1.9457,258
f384fa4d-2de3-4da6-b95f-225c7c471f6c,2026-10-10T03:49:38.177967+00:00,116,ppo,B,EW,1,0,21,0,25,0,0.0,0.2,0.0,0.4,256,348,92,1.9457,258
f384fa4d-2de3-4da6-b95f-225c7c471f6c,2026-10-10T03:49:38.177967+00:00,116,ppo,C,NS,0,0,15,23,20,27,0.0,0.2,0.2,0.6,256,348,92,1.9457,258
f384fa4d-2de3-4da6-b95f-225c7c471f6c,2026-10-10T03:49:38.177967+00:00,116,ppo,D,NS,0,0,22,24,9,21,0.4,0.4,0.0,0.0,256,348,92,1.9457,258
f384fa4d-2de3-4da6-b95f-225c7c471f6c,2026-10-10T03:49:38.625830+00:00,117,ppo,A,EW,0,0,24,0,26,0,0.4,0.0,0.2,0.2,258,351,93,1.9355,262
f384fa4d-2de3-4da6-b95f-225c7c471f6c,2026-10-10T03:49:38.625830+00:00,117,ppo,B,EW,0,0,21,0,25,0,0.0,0.2,0.0,0.2,258,351,93,1.9355,262
f384fa4d-2de3-4da6-b95f-225c7c471f6c,2026-10-10T03:49:38.625830+00:00,117,ppo,C,NS,1,0,16,23,20,28,0.0,0.2,0.2,0.6,258,351,93,1.9355,262
f384fa4d-2de3-4da6-b95f-225c7c471f6c,2026-10-10T03:49:38.625830+00:00,117,ppo,D,NS,1,0,21,24,9,21,0.4,0.4,0.0,0.0,258,351,93,1.9355,262
f384fa4d-2de3-4da6-b95f-225c7c471f6c,2026-10-10T03:49:39.066184+00:00,118,ppo,A,EW,1,0,24,0,27,0,0.4,0.2,0.4,0.2,260,354,94,1.9255,266
f384fa4d-2de3-4da6-b95f-225c7c471f6c,2026-10-10T03:49:39.066184+00:00,118,ppo,B,EW,1,0,21,0,25,0,0.0,0.2,0.0,0.2,260,354,94,1.9255,266
f384fa4d-2de3-4da6-b95f-225c7c471f6c,2026-10-10T03:49:39.066184+00:00,118,ppo,C,NS,0,0,17,23,20,28,0.2,0.2,0.2,0.2,260,354,94,1.9255,266
f384fa4d-2de3-4da6-b95f-225c7c471f6c,2026-10-10T03:49:39.066184+00:00,118,ppo,D,NS,0,0,21,24,9,21,0.4,0.2,0.0,0.0,260,354,94,1.9255,266
f384fa4d-2de3-4da6-b95f-225c7c471f6c,2026-10-10T03:49:39.516186+00:00,119,ppo,A,EW,0,0,24,1,27,0,0.2,0.2,0.4,0.2,262,357,95,1.9158,270
f384fa4d-2de3-4da6-b95f-225c7c471f6c,2026-10-10T03:49:39.516186+00:00,119,ppo,B,EW,0,0,21,0,25,0,0.0,0.2,0.0,0.4,262,357,95,1.9158,270
f384fa4d-2de3-4da6-b95f-225c7c471f6c,2026-10-10T03:49:39.516186+00:00,119,ppo,C,NS,1,0,16,24,20,28,0.2,0.2,0.2,0.2,262,357,95,1.9158,270
f384fa4d-2de3-4da6-b95f-225c7c471f6c,2026-10-10T03:49:39.516186+00:00,119,ppo,D,NS,1,0,21,24,9,22,0.4,0.0,0.0,0.2,262,357,95,1.9158,270
f384fa4d-2de3-4da6-b95f-225c7c471f6c,2026-10-10T03:49:39.967542+00:00,120,ppo,A,EW,1,0,24,0,27,0,0.0,0.2,0.4,0.2,264,360,96,1.9062,274
f384fa4d-2de3-4da6-b95f-225c7c471f6c,2026-10-10T03:49:39.967542+00:00,120,ppo,B,EW,1,0,21,0,27,0,0.0,0.2,0.4,0.2,264,360,96,1.9062,274
f384fa4d-2de3-4da6-b95f-225c7c471f6c,2026-10-10T03:49:39.967542+00:00,120,ppo,C,NS,0,0,16,24,20,28,0.2,0.2,0.0,0.2,264,360,96,1.9062,274
f384fa4d-2de3-4da6-b95f-225c7c471f6c,2026-10-10T03:49:39.967542+00:00,120,ppo,D,NS,0,0,21,24,9,23,0.4,0.0,0.0,0.4,264,360,96,1.9062,274
f384fa4d-2de3-4da6-b95f-225c7c471f6c,2026-10-10T03:49:40.421092+00:00,121,ppo,A,EW,0,0,24,0,27,0,0.0,0.2,0.4,0.2,267,363,96,1.9062,278
f384fa4d-2de3-4da6-b95f-225c7c471f6c,2026-10-10T03:49:40.421092+00:00,121,ppo,B,EW,0,0,21,0,27,0,0.0,0.0,0.4,0.2,267,363,96,1.9062,278
f384fa4d-2de3-4da6-b95f-225c7c471f6c,2026-10-10T03:49:40.421092+00:00,121,ppo,C,NS,1,0,17,24,20,28,0.4,0.2,0.0,0.2,267,363,96,1.9062,278
f384fa4d-2de3-4da6-b95f-225c7c471f6c,2026-10-10T03:49:40.421092+00:00,121,ppo,D,NS,1,0,21,25,9,24,0.0,0.2,0.0,0.6,267,363,96,1.9062,278
f384fa4d-2de3-4da6-b95f-225c7c471f6c,2026-10-10T03:49:40.866977+00:00,122,ppo,A,EW,1,0,24,0,28,0,0.0,0.2,0.4,0.0,270,366,96,1.9062,282
f384fa4d-2de3-4da6-b95f-225c7c471f6c,2026-10-10T03:49:40.866977+00:00,122,ppo,B,EW,1,0,21,0,28,0,0.0,0.0,0.6,0.2,270,366,96,1.9062,282
f384fa4d-2de3-4da6-b95f-225c7c471f6c,2026-10-10T03:49:40.866977+00:00,122,ppo,C,NS,0,0,17,24,20,29,0.4,0.2,0.0,0.2,270,366,96,1.9062,282
f384fa4d-2de3-4da6-b95f-225c7c471f6c,2026-10-10T03:49:40.866977+00:00,122,ppo,D,NS,0,0,21,25,9,24,0.0,0.2,0.0,0.6,270,366,96,1.9062,282
f384fa4d-2de3-4da6-b95f-225c7c471f6c,2026-10-10T03:49:41.328012+00:00,123,ppo,A,EW,0,0,24,0,29,0,0.0,0.0,0.4,0.0,273,369,96,1.9062,286
f384fa4d-2de3-4da6-b95f-225c7c471f6c,2026-10-10T03:49:41.328012+00:00,123,ppo,B,EW,0,0,21,0,28,0,0.0,0.0,0.6,0.2,273,369,96,1.9062,286
f384fa4d-2de3-4da6-b95f-225c7c471f6c,2026-10-10T03:49:41.328012+00:00,123,ppo,C,NS,1,0,17,24,20,29,0.2,0.2,0.0,0.2,273,369,96,1.9062,286
f384fa4d-2de3-4da6-b95f-225c7c471f6c,2026-10-10T03:49:41.328012+00:00,123,ppo,D,NS,1,0,22,25,9,25,0.2,0.2,0.0,0.8,273,369,96,1.9062,286
f384fa4d-2de3-4da6-b95f-225c7c471f6c,2026-10-10T03:49:41.767109+00:00,124,ppo,A,EW,1,0,24,0,30,0,0.0,0.0,0.6,0.0,276,372,96,1.9062,290
f384fa4d-2de3-4da6-b95f-225c7c471f6c,2026-10-10T03:49:41.767109+00:00,124,ppo,B,EW,1,0,21,0,28,0,0.0,0.0,0.6,0.2,276,372,96,1.9062,290
f384fa4d-2de3-4da6-b95f-225c7c471f6c,2026-10-10T03:49:41.767109+00:00,124,ppo,C,NS,0,0,17,25,20,29,0.2,0.2,0.0,0.2,276,372,96,1.9062,290
f384fa4d-2de3-4da6-b95f-225c7c471f6c,2026-10-10T03:49:41.767109+00:00,124,ppo,D,NS,0,0,23,25,9,25,0.2,0.2,0.0,0.6,276,372,96,1.9062,290
f384fa4d-2de3-4da6-b95f-225c7c471f6c,2026-10-10T03:49:42.217291+00:00,125,ppo,A,EW,0,0,24,0,30,0,0.0,0.2,0.6,0.0,278,375,97,1.8969,294
f384fa4d-2de3-4da6-b95f-225c7c471f6c,2026-10-10T03:49:42.217291+00:00,125,ppo,B,EW,0,0,21,0,29,1,0.0,0.0,0.4,0.2,278,375,97,1.8969,294
f384fa4d-2de3-4da6-b95f-225c7c471f6c,2026-10-10T03:49:42.217291+00:00,125,ppo,C,NS,1,0,17,25,20,30,0.2,0.2,0.0,0.4,278,375,97,1.8969,294
f384fa4d-2de3-4da6-b95f-225c7c471f6c,2026-10-10T03:49:42.217291+00:00,125,ppo,D,NS,1,0,22,25,9,25,0.2,0.2,0.0,0.4,278,375,97,1.8969,294
f384fa4d-2de3-4da6-b95f-225c7c471f6c,2026-10-10T03:49:42.672659+00:00,126,ppo,A,EW,1,0,24,0,31,0,0.0,0.2,0.8,0.0,281,378,97,1.8969,298
f384fa4d-2de3-4da6-b95f-225c7c471f6c,2026-10-10T03:49:42.672659+00:00,126,ppo,B,EW,1,0,22,0,29,0,0.2,0.0,0.4,0.2,281,378,97,1.8969,298
f384fa4d-2de3-4da6-b95f-225c7c471f6c,2026-10-10T03:49:42.672659+00:00,126,ppo,C,NS,0,0,17,25,20,30,0.0,0.2,0.0,0.4,281,378,97,1.8969,298
f384fa4d-2de3-4da6-b95f-225c7c471f6c,2026-10-10T03:49:42.672659+00:00,126,ppo,D,NS,0,0,23,25,9,26,0.2,0.0,0.0,0.4,281,378,97,1.8969,298
f384fa4d-2de3-4da6-b95f-225c7c471f6c,2026-10-10T03:49:43.119167+00:00,127,ppo,A,EW,0,0,24,1,31,0,0.0,0.2,0.6,0.0,283,381,98,1.898,302
f384fa4d-2de3-4da6-b95f-225c7c471f6c,2026-10-10T03:49:43.119167+00:00,127,ppo,B,EW,0,0,22,0,29,0,0.2,0.0,0.2,0.4,283,381,98,1.898,302
f384fa4d-2de3-4da6-b95f-225c7c471f6c,2026-10-10T03:49:43.119167+00:00,127,ppo,C,NS,1,0,17,25,20,31,0.0,0.2,0.0,0.4,283,381,98,1.898,302
f384fa4d-2de3-4da6-b95f-225c7c471f6c,2026-10-10T03:49:43.119167+00:00,127,ppo,D,NS,1,0,22,25,10,26,0.2,0.0,0.2,0.4,283,381,98,1.898,302
f384fa4d-2de3-4da6-b95f-225c7c471f6c,2026-10-10T03:49:43.577967+00:00,128,ppo,A,EW,1,0,24,1,31,0,0.0,0.2,0.4,0.0,285,384,99,1.8889,306
f384fa4d-2de3-4da6-b95f-225c7c471f6c,2026-10-10T03:49:43.577967+00:00,128,ppo,B,EW,1,0,22,1,29,0,0.2,0.4,0.2,0.4,285,384,99,1.8889,306
f384fa4d-2de3-4da6-b95f-225c7c471f6c,2026-10-10T03:49:43.577967+00:00,128,ppo,C,NS,0,0,17,26,20,31,0.0,0.4,0.0,0.4,285,384,99,1.8889,306
f384fa4d-2de3-4da6-b95f-225c7c471f6c,2026-10-10T03:49:43.577967+00:00,128,ppo,D,NS,0,0,22,25,10,26,0.0,0.0,0.2,0.2,285,384,99,1.8889,306
f384fa4d-2de3-4da6-b95f-225c7c471f6c,2026-10-10T03:49:44.023803+00:00,129,ppo,A,EW,0,0,24,1,32,0,0.0,0.2,0.4,0.0,288,387,99,1.8889,310
f384fa4d-2de3-4da6-b95f-225c7c471f6c,2026-10-10T03:49:44.023803+00:00,129,ppo,B,EW,0,0,22,0,29,0,0.2,0.4,0.2,0.2,288,387,99,1.8889,310
f384fa4d-2de3-4da6-b95f-225c7c471f6c,2026-10-10T03:49:44.023803+00:00,129,ppo,C,NS,1,0,18,27,20,31,0.0,0.4,0.0,0.4,288,387,99,1.8889,310
f384fa4d-2de3-4da6-b95f-225c7c471f6c,2026-10-10T03:49:44.023803+00:00,129,ppo,D,NS,1,0,22,25,10,27,0.0,0.0,0.2,0.4,288,387,99,1.8889,310
f384fa4d-2de3-4da6-b95f-225c7c471f6c,2026-10-10T03:49:44.470768+00:00,130,ppo,A,EW,1,0,24,1,33,0,0.0,0.0,0.6,0.0,289,390,101,1.8911,314
f384fa4d-2de3-4da6-b95f-225c7c471f6c,2026-10-10T03:49:44.470768+00:00,130,ppo,B,EW,1,0,22,0,29,0,0.2,0.4,0.0,0.4,289,390,101,1.8911,314
f384fa4d-2de3-4da6-b95f-225c7c471f6c,2026-10-10T03:49:44.470768+00:00,130,ppo,C,NS,0,0,17,27,20,31,0.0,0.4,0.0,0.2,289,390,101,1.8911,314
f384fa4d-2de3-4da6-b95f-225c7c471f6c,2026-10-10T03:49:44.470768+00:00,130,ppo,D,NS,0,0,22,25,11,27,0.0,0.0,0.4,0.4,289,390,101,1.8911,314
f384fa4d-2de3-4da6-b95f-225c7c471f6c,2026-10-10T03:49:44.919460+00:00,131,ppo,A,EW,0,0,24,1,33,0,0.0,0.2,0.4,0.0,291,393,102,1.8824,318
f384fa4d-2de3-4da6-b95f-225c7c471f6c,2026-10-10T03:49:44.919460+00:00,131,ppo,B,EW,0,0,22,0,29,1,0.0,0.6,0.0,0.4,291,393,102,1.8824,318
f384fa4d-2de3-4da6-b95f-225c7c471f6c,2026-10-10T03:49:44.919460+00:00,131,ppo,C,NS,1,0,17,27,21,31,0.0,0.4,0.2,0.2,291,393,102,1.8824,318
f384fa4d-2de3-4da6-b95f-225c7c471f6c,2026-10-10T03:49:44.919460+00:00,131,ppo,D,NS,1,0,22,25,11,27,0.0,0.0,0.4,0.2,291,393,102,1.8824,318
f384fa4d-2de3-4da6-b95f-225c7c471f6c,2026-10-10T03:49:45.369163+00:00,132,ppo,A,EW,1,0,24,0,33,0,0.0,0.4,0.4,0.0,294,396,102,1.8824,322
f384fa4d-2de3-4da6-b95f-225c7c471f6c,2026-10-10T03:49:45.369163+00:00,132,ppo,B,EW,1,0,22,0,30,1,0.0,0.6,0.2,0.2,294,396,102,1.8824,322
f384fa4d-2de3-4da6-b95f-225c7c471f6c,2026-10-10T03:49:45.369163+00:00,132,ppo,C,NS,0,0,18,27,22,31,0.0,0.4,0.4,0.0,294,396,102,1.8824,322
f384fa4d-2de3-4da6-b95f-225c7c471f6c,2026-10-10T03:49:45.369163+00:00,132,ppo,D,NS,0,0,23,25,11,27,0.0,0.0,0.2,0.2,294,396,102,1.8824,322
f384fa4d-2de3-4da6-b95f-225c7c471f6c,2026-10-10T03:49:45.821763+00:00,133,ppo,A,EW,0,0,25,0,33,0,0.2,0.4,0.4,0.0,295,399,104,1.8846,326
f384fa4d-2de3-4da6-b95f-225c7c471f6c,2026-10-10T03:49:45.821763+00:00,133,ppo,B,EW,0,0,22,0,30,0,0.0,0.2,0.2,0.2,295,399,104,1.8846,326
f384fa4d-2de3-4da6-b95f-225c7c471f6c,2026-10-10T03:49:45.821763+00:00,133,ppo,C,NS,1,0,17,28,22,31,0.0,0.4,0.4,0.0,295,399,104,1.8846,326
f384fa4d-2de3-4da6-b95f-225c7c471f6c,2026-10-10T03:49:45.821763+00:00,133,ppo,D,NS,1,0,24,25,11,27,0.2,0.0,0.2,0.2,295,399,104,1.8846,326
f384fa4d-2de3-4da6-b95f-225c7c471f6c,2026-10-10T03:49:46.272672+00:00,134,ppo,A,EW,1,0,25,0,33,0,0.2,0.4,0.2,0.2,297,402,105,1.8857,330
f384fa4d-2de3-4da6-b95f-225c7c471f6c,2026-10-10T03:49:46.272672+00:00,134,ppo,B,EW,1,0,22,0,30,1,0.0,0.2,0.2,0.2,297,402,105,1.8857,330
f384fa4d-2de3-4da6-b95f-225c7c471f6c,2026-10-10T03:49:46.272672+00:00,134,ppo,C,NS,0,0,17,28,23,31,0.0,0.2,0.6,0.0,297,402,105,1.8857,330
f384fa4d-2de3-4da6-b95f-225c7c471f6c,2026-10-10T03:49:46.272672+00:00,134,ppo,D,NS,0,0,23,25,11,28,0.2,0.0,0.2,0.2,297,402,105,1.8857,330
f384fa4d-2de3-4da6-b95f-225c7c471f6c,2026-10-10T03:49:46.723006+00:00,135,ppo,A,EW,0,0,25,0,33,0,0.2,0.4,0.0,0.2,299,405,106,1.8774,334
f384fa4d-2de3-4da6-b95f-225c7c471f6c,2026-10-10T03:49:46.723006+00:00,135,ppo,B,EW,0,0,23,0,30,0,0.2,0.2,0.2,0.0,299,405,106,1.8774,334
f384fa4d-2de3-4da6-b95f-225c7c471f6c,2026-10-10T03:49:46.723006+00:00,135,ppo,C,NS,1,0,17,29,24,31,0.0,0.4,0.8,0.0,299,405,106,1.8774,334
f384fa4d-2de3-4da6-b95f-225c7c471f6c,2026-10-10T03:49:46.723006+00:00,135,ppo,D,NS,1,0,23,25,11,28,0.2,0.0,0.0,0.2,299,405,106,1.8774,334
f384fa4d-2de3-4da6-b95f-225c7c471f6c,2026-10-10T03:49:47.169529+00:00,136,ppo,A,EW,1,0,25,0,33,0,0.2,0.2,0.0,0.4,302,408,106,1.8774,338
f384fa4d-2de3-4da6-b95f-225c7c471f6c,2026-10-10T03:49:47.169529+00:00,136,ppo,B,EW,1,0,23,0,30,0,0.2,0.0,0.2,0.0,302,408,106,1.8774,338
f384fa4d-2de3-4da6-b95f-225c7c471f6c,2026-10-10T03:49:47.169529+00:00,136,ppo,C,NS,0,0,18,30,24,31,0.0,0.6,0.6,0.0,302,408,106,1.8774,338
f384fa4d-2de3-4da6-b95f-225c7c471f6c,2026-10-10T03:49:47.169529+00:00,136,ppo,D,NS,0,0,23,26,11,28,0.2,0.2,0.0,0.2,302,408,106,1.8774,338
f384fa4d-2de3-4da6-b95f-225c7c471f6c,2026-10-10T03:49:47.625333+00:00,137,ppo,A,EW,0,0,25,0,33,0,0.2,0.0,0.0,0.6,304,411,107,1.8692,342
f384fa4d-2de3-4da6-b95f-225c7c471f6c,2026-10-10T03:49:47.625333+00:00,137,ppo,B,EW,0,0,23,0,30,0,0.2,0.0,0.0,0.0,304,411,107,1.8692,342
f384fa4d-2de3-4da6-b95f-225c7c471f6c,2026-10-10T03:49:47.625333+00:00,137,ppo,C,NS,1,0,18,31,24,31,0.0,0.8,0.4,0.0,304,411,107,1.8692,342
f384fa4d-2de3-4da6-b95f-225c7c471f6c,2026-10-10T03:49:47.625333+00:00,137,ppo,D,NS,1,0,23,26,12,28,0.2,0.2,0.2,0.2,304,411,107,1.8692,342
f384fa4d-2de3-4da6-b95f-225c7c471f6c,2026-10-10T03:49:48.072546+00:00,138,ppo,A,EW,1,0,25,0,33,0,0.0,0.0,0.0,0.6,306,414,108,1.8611,346
f384fa4d-2de3-4da6-b95f-225c7c471f6c,2026-10-10T03:49:48.072546+00:00,138,ppo,B,EW,1,0,23,0,30,0,0.2,0.0,0.0,0.0,306,414,108,1.8611,346
f384fa4d-2de3-4da6-b95f-225c7c471f6c,2026-10-10T03:49:48.072546+00:00,138,ppo,C,NS,0,0,18,31,24,31,0.2,0.6,0.4,0.0,306,414,108,1.8611,346
f384fa4d-2de3-4da6-b95f-225c7c471f6c,2026-10-10T03:49:48.072546+00:00,138,ppo,D,NS,0,0,24,26,13,28,0.2,0.2,0.4,0.2,306,414,108,1.8611,346
f384fa4d-2de3-4da6-b95f-225c7c471f6c,2026-10-10T03:49:48.522489+00:00,139,ppo,A,EW,0,0,25,0,33,0,0.0,0.0,0.0,0.4,309,417,108,1.8611,350
f384fa4d-2de3-4da6-b95f-225c7c471f6c,2026-10-10T03:49:48.522489+00:00,139,ppo,B,EW,0,0,23,0,31,0,0.2,0.0,0.2,0.0,309,417,108,1.8611,350
f384fa4d-2de3-4da6-b95f-225c7c471f6c,2026-10-10T03:49:48.522489+00:00,139,ppo,C,NS,1,0,18,31,24,32,0.2,0.6,0.2,0.2,309,417,108,1.8611,350
f384fa4d-2de3-4da6-b95f-225c7c471f6c,2026-10-10T03:49:48.522489+00:00,139,ppo,D,NS,1,0,24,26,14,28,0.2,0.2,0.6,0.0,309,417,108,1.8611,350
f384fa4d-2de3-4da6-b95f-225c7c471f6c,2026-10-10T03:49:48.968775+00:00,140,ppo,A,EW,1,0,26,0,33,0,0.2,0.0,0.0,0.4,312,420,108,1.8611,354
f384fa4d-2de3-4da6-b95f-225c7c471f6c,2026-10-10T03:49:48.968775+00:00,140,ppo,B,EW,1,0,23,0,31,0,0.0,0.0,0.2,0.2,312,420,108,1.8611,354
f384fa4d-2de3-4da6-b95f-225c7c471f6c,2026-10-10T03:49:48.968775+00:00,140,ppo,C,NS,0,0,18,31,25,32,0.2,0.4,0.2,0.2,312,420,108,1.8611,354
f384fa4d-2de3-4da6-b95f-225c7c471f6c,2026-10-10T03:49:48.968775+00:00,140,ppo,D,NS,0,0,25,26,14,28,0.2,0.2,0.6,0.0,312,420,108,1.8611,354
f384fa4d-2de3-4da6-b95f-225c7c471f6c,2026-10-10T03:49:49.423799+00:00,141,ppo,A,EW,0,0,26,0,33,0,0.2,0.0,0.0,0.2,314,423,109,1.8532,358
f384fa4d-2de3-4da6-b95f-225c7c471f6c,2026-10-10T03:49:49.423799+00:00,141,ppo,B,EW,0,0,23,0,32,0,0.0,0.0,0.4,0.2,314,423,109,1.8532,358
f384fa4d-2de3-4da6-b95f-225c7c471f6c,2026-10-10T03:49:49.423799+00:00,141,ppo,C,NS,1,0,18,31,25,33,0.2,0.2,0.2,0.4,314,423,109,1.8532,358
f384fa4d-2de3-4da6-b95f-225c7c471f6c,2026-10-10T03:49:49.423799+00:00,141,ppo,D,NS,1,0,24,27,14,28,0.2,0.2,0.6,0.0,314,423,109,1.8532,358
f384fa4d-2de3-4da6-b95f-225c7c471f6c,2026-10-10T03:49:49.869781+00:00,142,ppo,A,EW,1,0,26,0,34,0,0.2,0.0,0.2,0.0,317,426,109,1.8532,362
f384fa4d-2de3-4da6-b95f-225c7c471f6c,2026-10-10T03:49:49.869781+00:00,142,ppo,B,EW,1,0,23,0,32,0,0.0,0.0,0.4,0.2,317,426,109,1.8532,362
f384fa4d-2de3-4da6-b95f-225c7c471f6c,2026-10-10T03:49:49.869781+00:00,142,ppo,C,NS,0,0,18,31,26,33,0.2,0.0,0.4,0.4,317,426,109,1.8532,362
f384fa4d-2de3-4da6-b95f-225c7c471f6c,2026-10-10T03:49:49.869781+00:00,142,ppo,D,NS,0,0,24,27,15,28,0.2,0.2,0.6,0.0,317,426,109,1.8532,362
f384fa4d-2de3-4da6-b95f-225c7c471f6c,2026-10-10T03:49:50.323932+00:00,143,ppo,A,EW,0,0,26,0,34,0,0.2,0.0,0.2,0.0,320,429,109,1.8532,366
f384fa4d-2de3-4da6-b95f-225c7c471f6c,2026-10-10T03:49:50.323932+00:00,143,ppo,B,EW,0,0,23,0,32,0,0.0,0.0,0.4,0.2,320,429,109,1.8532,366
f384fa4d-2de3-4da6-b95f-225c7c471f6c,2026-10-10T03:49:50.323932+00:00,143,ppo,C,NS,1,0,19,32,26,33,0.2,0.2,0.4,0.4,320,429,109,1.8532,366
f384fa4d-2de3-4da6-b95f-225c7c471f6c,2026-10-10T03:49:50.323932+00:00,143,ppo,D,NS,1,0,24,27,15,29,0.0,0.2,0.4,0.2,320,429,109,1.8532,366
f384fa4d-2de3-4da6-b95f-225c7c471f6c,2026-10-10T03:49:50.773609+00:00,144,ppo,A,EW,1,0,27,1,34,0,0.4,0.0,0.2,0.0,323,432,109,1.8532,370
f384fa4d-2de3-4da6-b95f-225c7c471f6c,2026-10-10T03:49:50.773609+00:00,144,ppo,B,EW,1,0,23,0,32,0,0.0,0.0,0.2,0.4,323,432,109,1.8532,370
f384fa4d-2de3-4da6-b95f-225c7c471f6c,2026-10-10T03:49:50.773609+00:00,144,ppo,C,NS,0,0,19,32,26,33,0.2,0.2,0.4,0.2,323,432,109,1.8532,370
f384fa4d-2de3-4da6-b95f-225c7c471f6c,2026-10-10T03:49:50.773609+00:00,144,ppo,D,NS,0,0,24,27,15,30,0.0,0.2,0.2,0.4,323,432,109,1.8532,370
f384fa4d-2de3-4da6-b95f-225c7c471f6c,2026-10-10T03:49:51.225752+00:00,145,ppo,A,EW,0,0,27,0,34,0,0.2,0.2,0.2,0.0,326,435,109,1.8532,374
f384fa4d-2de3-4da6-b95f-225c7c471f6c,2026-10-10T03:49:51.225752+00:00,145,ppo,B,EW,0,0,23,0,32,1,0.0,0.0,0.2,0.2,326,435,109,1.8532,374
f384fa4d-2de3-4da6-b95f-225c7c471f6c,2026-10-10T03:49:51.225752+00:00,145,ppo,C,NS,1,0,20,32,26,35,0.2,0.2,0.2,0.6,326,435,109,1.8532,374
f384fa4d-2de3-4da6-b95f-225c7c471f6c,2026-10-10T03:49:51.225752+00:00,145,ppo,D,NS,1,0,24,27,15,30,0.0,0.2,0.2,0.4,326,435,109,1.8532,374
f384fa4d-2de3-4da6-b95f-225c7c471f6c,2026-10-10T03:49:51.681556+00:00,146,ppo,A,EW,1,0,27,0,34,0,0.2,0.2,0.2,0.0,328,438,110,1.8545,378
f384fa4d-2de3-4da6-b95f-225c7c471f6c,2026-10-10T03:49:51.681556+00:00,146,ppo,B,EW,1,0,23,0,34,0,0.0,0.0,0.4,0.2,328,438,110,1.8545,378
f384fa4d-2de3-4da6-b95f-225c7c471f6c,2026-10-10T03:49:51.681556+00:00,146,ppo,C,NS,0,0,19,32,27,35,0.2,0.2,0.4,0.4,328,438,110,1.8545,378
f384fa4d-2de3-4da6-b95f-225c7c471f6c,2026-10-10T03:49:51.681556+00:00,146,ppo,D,NS,0,0,25,27,15,30,0.0,0.0,0.2,0.4,328,438,110,1.8545,378
f384fa4d-2de3-4da6-b95f-225c7c471f6c,2026-10-10T03:49:52.125159+00:00,147,ppo,A,EW,0,0,27,0,34,0,0.2,0.2,0.0,0.0,330,441,111,1.8559,382
f384fa4d-2de3-4da6-b95f-225c7c471f6c,2026-10-10T03:49:52.125159+00:00,147,ppo,B,EW,0,0,23,0,34,0,0.0,0.0,0.4,0.2,330,441,111,1.8559,382
f384fa4d-2de3-4da6-b95f-225c7c471f6c,2026-10-10T03:49:52.125159+00:00,147,ppo,C,NS,1,0,20,32,27,35,0.4,0.2,0.2,0.4,330,441,111,1.8559,382
f384fa4d-2de3-4da6-b95f-225c7c471f6c,2026-10-10T03:49:52.125159+00:00,147,ppo,D,NS,1,0,24,27,16,31,0.0,0.0,0.2,0.6,330,441,111,1.8559,382
f384fa4d-2de3-4da6-b95f-225c7c471f6c,2026-10-10T03:49:52.572069+00:00,148,ppo,A,EW,1,0,27,0,34,0,0.2,0.2,0.0,0.2,333,444,111,1.8559,386
f384fa4d-2de3-4da6-b95f-225c7c471f6c,2026-10-10T03:49:52.572069+00:00,148,ppo,B,EW,1,0,23,0,34,0,0.0,0.0,0.4,0.2,333,444,111,1.8559,386
f384fa4d-2de3-4da6-b95f-225c7c471f6c,2026-10-10T03:49:52.572069+00:00,148,ppo,C,NS,0,0,21,32,28,35,0.2,0.0,0.4,0.4,333,444,111,1.8559,386
f384fa4d-2de3-4da6-b95f-225c7c471f6c,2026-10-10T03:49:52.572069+00:00,148,ppo,D,NS,0,0,24,28,16,31,0.0,0.2,0.2,0.4,333,444,111,1.8559,386
f384fa4d-2de3-4da6-b95f-225c7c471f6c,2026-10-10T03:49:53.022036+00:00,149,ppo,A,EW,0,0,27,0,34,0,0.0,0.2,0.0,0.2,335,447,112,1.8482,390
f384fa4d-2de3-4da6-b95f-225c7c471f6c,2026-10-10T03:49:53.022036+00:00,149,ppo,B,EW,0,0,24,0,34,0,0.2,0.2,0.4,0.0,335,447,112,1.8482,390
f384fa4d-2de3-4da6-b95f-225c7c471f6c,2026-10-10T03:49:53.022036+00:00,149,ppo,C,NS,1,0,21,32,28,35,0.4,0.0,0.4,0.4,335,447,112,1.8482,390
f384fa4d-2de3-4da6-b95f-225c7c471f6c,2026-10-10T03:49:53.022036+00:00,149,ppo,D,NS,1,0,25,28,16,31,0.0,0.2,0.2,0.2,335,447,112,1.8482,390
f384fa4d-2de3-4da6-b95f-225c7c471f6c,2026-10-10T03:49:53.473132+00:00,150,ppo,A,EW,1,0,27,1,34,0,0.0,0.0,0.0,0.2,337,450,113,1.8407,394
f384fa4d-2de3-4da6-b95f-225c7c471f6c,2026-10-10T03:49:53.473132+00:00,150,ppo,B,EW,1,0,24,0,35,0,0.2,0.2,0.6,0.2,337,450,113,1.8407,394
f384fa4d-2de3-4da6-b95f-225c7c471f6c,2026-10-10T03:49:53.473132+00:00,150,ppo,C,NS,0,0,21,32,28,35,0.4,0.0,0.4,0.0,337,450,113,1.8407,394
f384fa4d-2de3-4da6-b95f-225c7c471f6c,2026-10-10T03:49:53.473132+00:00,150,ppo,D,NS,0,0,24,29,16,31,0.0,0.4,0.2,0.2,337,450,113,1.8407,394
f384fa4d-2de3-4da6-b95f-225c7c471f6c,2026-10-10T03:49:53.932289+00:00,151,ppo,A,EW,0,0,27,1,34,0,0.0,0.2,0.0,0.4,340,453,113,1.8407,398
f384fa4d-2de3-4da6-b95f-225c7c471f6c,2026-10-10T03:49:53.932289+00:00,151,ppo,B,EW,0,0,24,0,35,2,0.2,0.2,0.2,0.4,340,453,113,1.8407,398
f384fa4d-2de3-4da6-b95f-225c7c471f6c,2026-10-10T03:49:53.932289+00:00,151,ppo,C,NS,1,0,22,32,28,35,0.4,0.0,0.2,0.0,340,453,113,1.8407,398
f384fa4d-2de3-4da6-b95f-225c7c471f6c,2026-10-10T03:49:53.932289+00:00,151,ppo,D,NS,1,0,24,29,16,31,0.0,0.4,0.2,0.2,340,453,113,1.8407,398
f384fa4d-2de3-4da6-b95f-225c7c471f6c,2026-10-10T03:49:54.374325+00:00,152,ppo,A,EW,1,0,27,0,35,0,0.0,0.2,0.2,0.4,341,456,115,1.8348,402
f384fa4d-2de3-4da6-b95f-225c7c471f6c,2026-10-10T03:49:54.374325+00:00,152,ppo,B,EW,1,0,24,0,35,1,0.2,0.2,0.2,0.4,341,456,115,1.8348,402
f384fa4d-2de3-4da6-b95f-225c7c471f6c,2026-10-10T03:49:54.374325+00:00,152,ppo,C,NS,0,0,22,32,28,35,0.4,0.0,0.2,0.0,341,456,115,1.8348,402
f384fa4d-2de3-4da6-b95f-225c7c471f6c,2026-10-10T03:49:54.374325+00:00,152,ppo,D,NS,0,0,25,29,16,32,0.0,0.4,0.0,0.2,341,456,115,1.8348,402
f384fa4d-2de3-4da6-b95f-225c7c471f6c,2026-10-10T03:49:54.825728+00:00,153,ppo,A,EW,0,0,27,1,35,0,0.0,0.2,0.2,0.2,342,459,117,1.8376,406
f384fa4d-2de3-4da6-b95f-225c7c471f6c,2026-10-10T03:49:54.825728+00:00,153,ppo,B,EW,0,0,24,0,36,0,0.2,0.2,0.4,0.6,342,459,117,1.8376,406
f384fa4d-2de3-4da6-b95f-225c7c471f6c,2026-10-10T03:49:54.825728+00:00,153,ppo,C,NS,1,0,22,32,28,36,0.4,0.0,0.0,0.2,342,459,117,1.8376,406
f384fa4d-2de3-4da6-b95f-225c7c471f6c,2026-10-10T03:49:54.825728+00:00,153,ppo,D,NS,1,0,24,29,16,32,0.0,0.2,0.0,0.2,342,459,117,1.8376,406
f384fa4d-2de3-4da6-b95f-225c7c471f6c,2026-10-10T03:49:55.277716+00:00,154,ppo,A,EW,1,0,28,0,35,0,0.2,0.2,0.2,0.4,344,462,118,1.8305,410
f384fa4d-2de3-4da6-b95f-225c7c471f6c,2026-10-10T03:49:55.277716+00:00,154,ppo,B,EW,1,0,24,0,37,0,0.0,0.0,0.6,0.6,344,462,118,1.8305,410
f384fa4d-2de3-4da6-b95f-225c7c471f6c,2026-10-10T03:49:55.277716+00:00,154,ppo,C,NS,0,0,23,32,28,36,0.2,0.0,0.0,0.2,344,462,118,1.8305,410
f384fa4d-2de3-4da6-b95f-225c7c471f6c,2026-10-10T03:49:55.277716+00:00,154,ppo,D,NS,0,0,24,29,16,32,0.0,0.2,0.0,0.2,344,462,118,1.8305,410
f384fa4d-2de3-4da6-b95f-225c7c471f6c,2026-10-10T03:49:55.723961+00:00,155,ppo,A,EW,0,0,28,0,36,0,0.2,0.2,0.4,0.4,346,465,119,1.8235,414
f384fa4d-2de3-4da6-b95f-225c7c471f6c,2026-10-10T03:49:55.723961+00:00,155,ppo,B,EW,0,0,24,0,37,0,0.0,0.0,0.4,0.4,346,465,119,1.8235,414
f384fa4d-2de3-4da6-b95f-225c7c471f6c,2026-10-10T03:49:55.723961+00:00,155,ppo,C,NS,1,0,23,33,28,36,0.4,0.2,0.0,0.2,346,465,119,1.8235,414
f384fa4d-2de3-4da6-b95f-225c7c471f6c,2026-10-10T03:49:55.723961+00:00,155,ppo,D,NS,1,0,24,29,16,32,0.0,0.0,0.0,0.2,346,465,119,1.8235,414
f384fa4d-2de3-4da6-b95f-225c7c471f6c,2026-10-10T03:49:56.172963+00:00,156,ppo,A,EW,1,0,28,1,36,0,0.2,0.0,0.4,0.2,349,468,119,1.8235,418
f384fa4d-2de3-4da6-b95f-225c7c471f6c,2026-10-10T03:49:56.172963+00:00,156,ppo,B,EW,1,0,24,0,37,0,0.0,0.2,0.4,0.2,349,468,119,1.8235,418
f384fa4d-2de3-4da6-b95f-225c7c471f6c,2026-10-10T03:49:56.172963+00:00,156,ppo,C,NS,0,0,24,34,28,36,0.6,0.4,0.0,0.2,349,468,119,1.8235,418
f384fa4d-2de3-4da6-b95f-225c7c471f6c,2026-10-10T03:49:56.172963+00:00,156,ppo,D,NS,0,0,24,29,16,32,0.0,0.0,0.0,0.2,349,468,119,1.8235,418
f384fa4d-2de3-4da6-b95f-225c7c471f6c,2026-10-10T03:49:56.625137+00:00,157,ppo,A,EW,0,0,28,0,36,0,0.2,0.0,0.2,0.2,352,471,119,1.8235,422
f384fa4d-2de3-4da6-b95f-225c7c471f6c,2026-10-10T03:49:56.625137+00:00,157,ppo,B,EW,0,0,25,0,37,0,0.2,0.2,0.4,0.2,352,471,119,1.8235,422
f384fa4d-2de3-4da6-b95f-225c7c471f6c,2026-10-10T03:49:56.625137+00:00,157,ppo,C,NS,1,0,26,34,28,37,0.6,0.4,0.0,0.4,352,471,119,1.8235,422
f384fa4d-2de3-4da6-b95f-225c7c471f6c,2026-10-10T03:49:56.625137+00:00,157,ppo,D,NS,1,0,24,29,16,32,0.0,0.0,0.0,0.0,352,471,119,1.8235,422
f384fa4d-2de3-4da6-b95f-225c7c471f6c,2026-10-10T03:49:57.074328+00:00,158,ppo,A,EW,1,0,28,0,36,0,0.2,0.0,0.2,0.2,354,474,120,1.825,426
f384fa4d-2de3-4da6-b95f-225c7c471f6c,2026-10-10T03:49:57.074328+00:00,158,ppo,B,EW,1,0,25,0,37,0,0.2,0.4,0.2,0.0,354,474,120,1.825,426
f384fa4d-2de3-4da6-b95f-225c7c471f6c,2026-10-10T03:49:57.074328+00:00,158,ppo,C,NS,0,0,25,34,28,37,0.6,0.4,0.0,0.2,354,474,120,1.825,426
f384fa4d-2de3-4da6-b95f-225c7c471f6c,2026-10-10T03:49:57.074328+00:00,158,ppo,D,NS,0,0,25,30,16,33,0.0,0.2,0.0,0.2,354,474,120,1.825,426
f384fa4d-2de3-4da6-b95f-225c7c471f6c,2026-10-10T03:49:57.524897+00:00,159,ppo,A,EW,0,0,28,0,36,0,0.0,0.2,0.2,0.0,356,477,121,1.8182,430
f384fa4d-2de3-4da6-b95f-225c7c471f6c,2026-10-10T03:49:57.524897+00:00,159,ppo,B,EW,0,0,25,0,37,1,0.2,0.4,0.0,0.0,356,477,121,1.8182,430
f384fa4d-2de3-4da6-b95f-225c7c471f6c,2026-10-10T03:49:57.524897+00:00,159,ppo,C,NS,1,0,26,34,28,37,0.8,0.4,0.0,0.2,356,477,121,1.8182,430
f384fa4d-2de3-4da6-b95f-225c7c471f6c,2026-10-10T03:49:57.524897+00:00,159,ppo,D,NS,1,0,25,30,16,33,0.2,0.2,0.0,0.2,356,477,121,1.8182,430
cc8b4505-7358-4375-a6f5-7c1127a68b03,2026-10-10T04:57:18.980750+00:00,1,forecast,A,NS,1,0,0,0,0,1,0.0,0.0,0.9768,0.9768,3,3,0,0.0,0
cc8b4505-7358-4375-a6f5-7c1127a68b03,2026-10-10T04:57:18.980750+00:00,1,forecast,B,NS,1,0,0,0,0,1,0.9768,0.0,0.0,0.0,3,3,0,0.0,0
cc8b4505-7358-4375-a6f5-7c1127a68b03,2026-10-10T04:57:18.980750+00:00,1,forecast,C,NS,1,0,0,0,0,0,0.0,0.0,0.0,0.0,3,3,0,0.0,0
cc8b4505-7358-4375-a6f5-7c1127a68b03,2026-10-10T04:57:18.980750+00:00,1,forecast,D,NS,1,0,1,0,0,0,0.0,0.0,0.0,0.0,3,3,0,0.0,0
cc8b4505-7358-4375-a6f5-7c1127a68b03,2026-10-10T04:57:19.427355+00:00,2,forecast,A,NS,0,0,0,0,0,2,0.0,0.0,0.4908,0.9816,5,6,1,1.0,0
cc8b4505-7358-4375-a6f5-7c1127a68b03,2026-10-10T04:57:19.427355+00:00,2,forecast,B,NS,0,0,0,0,0,1,0.9816,0.0,0.0,0.0,5,6,1,1.0,0
cc8b4505-7358-4375-a6f5-7c1127a68b03,2026-10-10T04:57:19.427355+00:00,2,forecast,C,NS,0,0,0,0,0,0,0.0,0.0,0.0,0.0,5,6,1,1.0,0
cc8b4505-7358-4375-a6f5-7c1127a68b03,2026-10-10T04:57:19.427355+00:00,2,forecast,D,NS,0,0,1,0,0,1,0.0,0.0,0.0,0.4908,5,6,1,1.0,0
cc8b4505-7358-4375-a6f5-7c1127a68b03,2026-10-10T04:57:19.878176+00:00,3,forecast,A,CLEAR,0,1,0,0,2,2,0.0,0.0,0.3234,0.6468,7,9,2,1.0,0
cc8b4505-7358-4375-a6f5-7c1127a68b03,2026-10-10T04:57:19.878176+00:00,3,forecast,B,NS,1,0,0,0,0,1,0.6468,0.0,0.0,0.0,7,9,2,1.0,0
cc8b4505-7358-4375-a6f5-7c1127a68b03,2026-10-10T04:57:19.878176+00:00,3,forecast,C,NS,1,0,0,1,0,0,0.3234,0.0,0.3234,0.0,7,9,2,1.0,0
cc8b4505-7358-4375-a6f5-7c1127a68b03,2026-10-10T04:57:19.878176+00:00,3,forecast,D,NS,1,0,0,0,0,1,0.3234,0.0,0.0,0.3234,7,9,2,1.0,0
cc8b4505-7358-4375-a6f5-7c1127a68b03,2026-10-10T04:57:20.357232+00:00,4,forecast,A,EW,1,0,1,0,2,1,0.2404,0.2404,0.2404,0.4809,10,12,2,1.0,0
cc8b4505-7358-4375-a6f5-7c1127a68b03,2026-10-10T04:57:20.357232+00:00,4,forecast,B,NS,0,0,0,0,0,3,0.4809,0.0,0.0,0.0,10,12,2,1.0,0
cc8b4505-7358-4375-a6f5-7c1127a68b03,2026-10-10T04:57:20.357232+00:00,4,forecast,C,NS,0,0,0,1,0,0,0.2404,0.0,0.4809,0.0,10,12,2,1.0,0
cc8b4505-7358-4375-a6f5-7c1127a68b03,2026-10-10T04:57:20.357232+00:00,4,forecast,D,NS,0,0,0,0,0,2,0.2404,0.0,0.0,0.2404,10,12,2,1.0,0
cc8b4505-7358-4375-a6f5-7c1127a68b03,2026-10-10T04:57:20.794087+00:00,5,forecast,A,EW,0,0,1,0,3,0,0.1901,0.1901,0.1901,0.3802,13,15,2,1.0,0
cc8b4505-7358-4375-a6f5-7c1127a68b03,2026-10-10T04:57:20.794087+00:00,5,forecast,B,CLEAR,0,1,0,1,0,4,0.3802,0.1901,0.0,0.0,13,15,2,1.0,0
cc8b4505-7358-4375-a6f5-7c1127a68b03,2026-10-10T04:57:20.794087+00:00,5,forecast,C,NS,2,0,0,1,0,0,0.3802,0.0,0.5703,0.0,13,15,2,1.0,0
cc8b4505-7358-4375-a6f5-7c1127a68b03,2026-10-10T04:57:20.794087+00:00,5,forecast,D,CLEAR,0,1,0,0,0,3,0.1901,0.0,0.0,0.1901,13,15,2,1.0,0
cc8b4505-7358-4375-a6f5-7c1127a68b03,2026-10-10T04:57:21.243730+00:00,6,forecast,A,CLEAR,0,1,2,0,3,0,0.3882,0.1941,0.0,0.1941,15,18,3,1.3333,0
cc8b4505-7358-4375-a6f5-7c1127a68b03,2026-10-10T04:57:21.243730+00:00,6,forecast,B,EW,1,0,0,0,2,3,0.1941,0.1941,0.1941,0.0,15,18,3,1.3333,0
cc8b4505-7358-4375-a6f5-7c1127a68b03,2026-10-10T04:57:21.243730+00:00,6,forecast,C,NS,1,0,0,1,0,0,0.3882,0.0,0.5823,0.0,15,18,3,1.3333,0
cc8b4505-7358-4375-a6f5-7c1127a68b03,2026-10-10T04:57:21.243730+00:00,6,forecast,D,EW,1,0,3,0,0,1,0.3882,0.0,0.0,0.1941,15,18,3,1.3333,0
cc8b4505-7358-4375-a6f5-7c1127a68b03,2026-10-10T04:57:21.676850+00:00,7,forecast,A,NS,1,0,1,0,2,0,0.3873,0.1936,0.0,0.0,15,21,6,2.1667,0
cc8b4505-7358-4375-a6f5-7c1127a68b03,2026-10-10T04:57:21.676850+00:00,7,forecast,B,EW,0,0,0,0,2,3,0.0,0.1936,0.1936,0.0,15,21,6,2.1667,0
cc8b4505-7358-4375-a6f5-7c1127a68b03,2026-10-10T04:57:21.676850+00:00,7,forecast,C,NS,0,0,0,1,0,2,0.3873,0.0,0.5809,0.3873,15,21,6,2.1667,0
cc8b4505-7358-4375-a6f5-7c1127a68b03,2026-10-10T04:57:21.676850+00:00,7,forecast,D,EW,0,0,3,0,1,0,0.3873,0.0,0.1936,0.0,15,21,6,2.1667,0
cc8b4505-7358-4375-a6f5-7c1127a68b03,2026-10-10T04:57:22.127205+00:00,8,forecast,A,NS,0,0,0,2,1,0,0.3944,0.3944,0.0,0.0,18,24,6,2.1667,0
cc8b4505-7358-4375-a6f5-7c1127a68b03,2026-10-10T04:57:22.127205+00:00,8,forecast,B,EW,1,0,0,0,2,4,0.0,0.1972,0.1972,0.1972,18,24,6,2.1667,0
cc8b4505-7358-4375-a6f5-7c1127a68b03,2026-10-10T04:57:22.127205+00:00,8,forecast,C,CLEAR,0,1,0,1,0,2,0.1972,0.0,0.3944,0.3944,18,24,6,2.1667,0
cc8b4505-7358-4375-a6f5-7c1127a68b03,2026-10-10T04:57:22.127205+00:00,8,forecast,D,CLEAR,0,1,5,0,1,0,0.3944,0.0,0.1972,0.0,18,24,6,2.1667,0
cc8b4505-7358-4375-a6f5-7c1127a68b03,2026-10-10T04:57:22.580746+00:00,9,forecast,A,NS,1,0,0,2,1,0,0.3876,0.1938,0.0,0.0,17,27,10,3.4,0
cc8b4505-7358-4375-a6f5-7c1127a68b03,2026-10-10T04:57:22.580746+00:00,9,forecast,B,EW,0,0,0,0,4,4,0.0,0.1938,0.1938,0.1938,17,27,10,3.4,0
cc8b4505-7358-4375-a6f5-7c1127a68b03,2026-10-10T04:57:22.580746+00:00,9,forecast,C,EW,1,0,0,0,1,1,0.1938,0.0,0.3876,0.3876,17,27,10,3.4,0
cc8b4505-7358-4375-a6f5-7c1127a68b03,2026-10-10T04:57:22.580746+00:00,9,forecast,D,NS,2,0,3,0,1,0,0.3876,0.0,0.3876,0.0,17,27,10,3.4,0
cc8b4505-7358-4375-a6f5-7c1127a68b03,2026-10-10T04:57:23.035464+00:00,10,forecast,A,NS,0,0,0,2,0,0,0.3869,0.1934,0.0,0.0,18,30,12,3.8333,0
cc8b4505-7358-4375-a6f5-7c1127a68b03,2026-10-10T04:57:23.035464+00:00,10,forecast,B,CLEAR,0,1,1,0,4,4,0.1934,0.0,0.1934,0.1934,18,30,12,3.8333,0
cc8b4505-7358-4375-a6f5-7c1127a68b03,2026-10-10T04:57:23.035464+00:00,10,forecast,C,EW,0,0,0,2,1,0,0.0,0.1934,0.1934,0.3869,18,30,12,3.8333,0
cc8b4505-7358-4375-a6f5-7c1127a68b03,2026-10-10T04:57:23.035464+00:00,10,forecast,D,NS,1,0,1,0,1,2,0.3869,0.0,0.5803,0.0,18,30,12,3.8333,0
cc8b4505-7358-4375-a6f5-7c1127a68b03,2026-10-10T04:57:23.525473+00:00,11,forecast,A,NS,1,0,0,3,1,0,0.1975,0.1975,0.395,0.0,19,33,14,4.2143,0
cc8b4505-7358-4375-a6f5-7c1127a68b03,2026-10-10T04:57:23.525473+00:00,11,forecast,B,NS,1,0,1,0,3,5,0.395,0.0,0.0,0.1975,19,33,14,4.2143,0
cc8b4505-7358-4375-a6f5-7c1127a68b03,2026-10-10T04:57:23.525473+00:00,11,forecast,C,EW,1,0,0,1,1,0,0.0,0.1975,0.1975,0.395,19,33,14,4.2143,0
cc8b4505-7358-4375-a6f5-7c1127a68b03,2026-10-10T04:57:23.525473+00:00,11,forecast,D,NS,0,0,2,0,0,2,0.1975,0.0,0.5925,0.0,19,33,14,4.2143,0
cc8b4505-7358-4375-a6f5-7c1127a68b03,2026-10-10T04:57:23.946208+00:00,12,forecast,A,NS,0,0,0,4,0,0,0.192,0.3841,0.3841,0.0,19,36,17,4.1176,0
cc8b4505-7358-4375-a6f5-7c1127a68b03,2026-10-10T04:57:23.946208+00:00,12,forecast,B,NS,0,0,0,0,2,5,0.3841,0.0,0.0,0.192,19,36,17,4.1176,0
cc8b4505-7358-4375-a6f5-7c1127a68b03,2026-10-10T04:57:23.946208+00:00,12,forecast,C,EW,0,0,1,0,1,0,0.0,0.192,0.192,0.0,19,36,17,4.1176,0
cc8b4505-7358-4375-a6f5-7c1127a68b03,2026-10-10T04:57:23.946208+00:00,12,forecast,D,NS,1,0,2,2,0,2,0.192,0.3841,0.3841,0.0,19,36,17,4.1176,0
cc8b4505-7358-4375-a6f5-7c1127a68b03,2026-10-10T04:57:24.393793+00:00,13,forecast,A,CLEAR,0,1,0,6,0,0,0.1971,0.1971,0.3943,0.0,21,39,18,4.2778,0
cc8b4505-7358-4375-a6f5-7c1127a68b03,2026-10-10T04:57:24.393793+00:00,13,forecast,B,NS,1,0,0,1,1,5,0.3943,0.1971,0.1971,0.0,21,39,18,4.2778,0
cc8b4505-7358-4375-a6f5-7c1127a68b03,2026-10-10T04:57:24.393793+00:00,13,forecast,C,CLEAR,0,1,1,0,1,1,0.0,0.1971,0.1971,0.1971,21,39,18,4.2778,0
cc8b4505-7358-4375-a6f5-7c1127a68b03,2026-10-10T04:57:24.393793+00:00,13,forecast,D,NS,0,0,1,2,0,2,0.0,0.3943,0.3943,0.0,21,39,18,4.2778,0
cc8b4505-7358-4375-a6f5-7c1127a68b03,2026-10-10T04:57:24.840900+00:00,14,forecast,A,EW,1,0,1,5,0,0,0.194,0.194,0.3879,0.0,22,42,20,4.3,0
cc8b4505-7358-4375-a6f5-7c1127a68b03,2026-10-10T04:57:24.840900+00:00,14,forecast,B,NS,0,0,0,1,0,6,0.3879,0.194,0.194,0.0,22,42,20,4.3,0
cc8b4505-7358-4375-a6f5-7c1127a68b03,2026-10-10T04:57:24.840900+00:00,14,forecast,C,NS,1,0,0,1,0,1,0.0,0.3879,0.0,0.194,22,42,20,4.3,0
cc8b4505-7358-4375-a6f5-7c1127a68b03,2026-10-10T04:57:24.840900+00:00,14,forecast,D,CLEAR,0,1,1,3,0,3,0.0,0.5819,0.194,0.0,22,42,20,4.3,0
cc8b4505-7358-4375-a6f5-7c1127a68b03,2026-10-10T04:57:25.312408+00:00,15,forecast,A,EW,0,0,1,3,0,0,0.1968,0.1968,0.3936,0.0,23,45,22,4.7273,0
cc8b4505-7358-4375-a6f5-7c1127a68b03,2026-10-10T04:57:25.312408+00:00,15,forecast,B,CLEAR,0,1,1,1,1,7,0.3936,0.1968,0.1968,0.0,23,45,22,4.7273,0
cc8b4505-7358-4375-a6f5-7c1127a68b03,2026-10-10T04:57:25.312408+00:00,15,forecast,C,NS,0,0,0,2,0,2,0.0,0.1968,0.0,0.3936,23,45,22,4.7273,0
cc8b4505-7358-4375-a6f5-7c1127a68b03,2026-10-10T04:57:25.312408+00:00,15,forecast,D,EW,2,0,1,2,0,2,0.0,0.5905,0.0,0.1968,23,45,22,4.7273,0
d39861a7-f9af-4948-b92a-651bd7d21dda,2026-10-10T04:58:04.282051+00:00,1,forecast,A,NS,1,0,0,0,0,1,0.0,0.0,0.9768,0.9768,3,3,0,0.0,0
d39861a7-f9af-4948-b92a-651bd7d21dda,2026-10-10T04:58:04.282051+00:00,1,forecast,B,NS,1,0,0,0,0,1,0.9768,0.0,0.0,0.0,3,3,0,0.0,0
d39861a7-f9af-4948-b92a-651bd7d21dda,2026-10-10T04:58:04.282051+00:00,1,forecast,C,NS,1,0,0,0,0,0,0.0,0.0,0.0,0.0,3,3,0,0.0,0
d39861a7-f9af-4948-b92a-651bd7d21dda,2026-10-10T04:58:04.282051+00:00,1,forecast,D,NS,1,0,1,0,0,0,0.0,0.0,0.0,0.0,3,3,0,0.0,0
d39861a7-f9af-4948-b92a-651bd7d21dda,2026-10-10T04:58:04.748300+00:00,2,forecast,A,NS,0,0,0,0,0,2,0.0,0.0,0.4908,0.9816,5,6,1,1.0,0
d39861a7-f9af-4948-b92a-651bd7d21dda,2026-10-10T04:58:04.748300+00:00,2,forecast,B,NS,0,0,0,0,0,1,0.9816,0.0,0.0,0.0,5,6,1,1.0,0
d39861a7-f9af-4948-b92a-651bd7d21dda,2026-10-10T04:58:04.748300+00:00,2,forecast,C,NS,0,0,0,0,0,0,0.0,0.0,0.0,0.0,5,6,1,1.0,0
d39861a7-f9af-4948-b92a-651bd7d21dda,2026-10-10T04:58:04.748300+00:00,2,forecast,D,NS,0,0,1,0,0,1,0.0,0.0,0.0,0.4908,5,6,1,1.0,0
d39861a7-f9af-4948-b92a-651bd7d21dda,2026-10-10T04:58:05.184680+00:00,3,forecast,A,CLEAR,0,1,0,0,2,2,0.0,0.0,0.3234,0.6468,7,9,2,1.0,0
d39861a7-f9af-4948-b92a-651bd7d21dda,2026-10-10T04:58:05.184680+00:00,3,forecast,B,NS,1,0,0,0,0,1,0.6468,0.0,0.0,0.0,7,9,2,1.0,0
d39861a7-f9af-4948-b92a-651bd7d21dda,2026-10-10T04:58:05.184680+00:00,3,forecast,C,NS,1,0,0,1,0,0,0.3234,0.0,0.3234,0.0,7,9,2,1.0,0
d39861a7-f9af-4948-b92a-651bd7d21dda,2026-10-10T04:58:05.184680+00:00,3,forecast,D,NS,1,0,0,0,0,1,0.3234,0.0,0.0,0.3234,7,9,2,1.0,0
d39861a7-f9af-4948-b92a-651bd7d21dda,2026-10-10T04:58:05.627702+00:00,4,forecast,A,EW,1,0,1,0,2,1,0.2404,0.2404,0.2404,0.4809,10,12,2,1.0,0
d39861a7-f9af-4948-b92a-651bd7d21dda,2026-10-10T04:58:05.627702+00:00,4,forecast,B,NS,0,0,0,0,0,3,0.4809,0.0,0.0,0.0,10,12,2,1.0,0
d39861a7-f9af-4948-b92a-651bd7d21dda,2026-10-10T04:58:05.627702+00:00,4,forecast,C,NS,0,0,0,1,0,0,0.2404,0.0,0.4809,0.0,10,12,2,1.0,0
d39861a7-f9af-4948-b92a-651bd7d21dda,2026-10-10T04:58:05.627702+00:00,4,forecast,D,NS,0,0,0,0,0,2,0.2404,0.0,0.0,0.2404,10,12,2,1.0,0
d39861a7-f9af-4948-b92a-651bd7d21dda,2026-10-10T04:58:06.093243+00:00,5,forecast,A,EW,0,0,1,0,3,0,0.1901,0.1901,0.1901,0.3802,13,15,2,1.0,0
d39861a7-f9af-4948-b92a-651bd7d21dda,2026-10-10T04:58:06.093243+00:00,5,forecast,B,CLEAR,0,1,0,1,0,4,0.3802,0.1901,0.0,0.0,13,15,2,1.0,0
d39861a7-f9af-4948-b92a-651bd7d21dda,2026-10-10T04:58:06.093243+00:00,5,forecast,C,NS,2,0,0,1,0,0,0.3802,0.0,0.5703,0.0,13,15,2,1.0,0
d39861a7-f9af-4948-b92a-651bd7d21dda,2026-10-10T04:58:06.093243+00:00,5,forecast,D,CLEAR,0,1,0,0,0,3,0.1901,0.0,0.0,0.1901,13,15,2,1.0,0
d39861a7-f9af-4948-b92a-651bd7d21dda,2026-10-10T04:58:06.529182+00:00,6,forecast,A,CLEAR,0,1,2,0,3,0,0.3882,0.1941,0.0,0.1941,15,18,3,1.3333,0
d39861a7-f9af-4948-b92a-651bd7d21dda,2026-10-10T04:58:06.529182+00:00,6,forecast,B,EW,1,0,0,0,2,3,0.1941,0.1941,0.1941,0.0,15,18,3,1.3333,0
d39861a7-f9af-4948-b92a-651bd7d21dda,2026-10-10T04:58:06.529182+00:00,6,forecast,C,NS,1,0,0,1,0,0,0.3882,0.0,0.5823,0.0,15,18,3,1.3333,0
d39861a7-f9af-4948-b92a-651bd7d21dda,2026-10-10T04:58:06.529182+00:00,6,forecast,D,EW,1,0,3,0,0,1,0.3882,0.0,0.0,0.1941,15,18,3,1.3333,0
d39861a7-f9af-4948-b92a-651bd7d21dda,2026-10-10T04:58:06.982114+00:00,7,forecast,A,NS,1,0,1,0,2,0,0.3873,0.1936,0.0,0.0,15,21,6,2.1667,0
d39861a7-f9af-4948-b92a-651bd7d21dda,2026-10-10T04:58:06.982114+00:00,7,forecast,B,EW,0,0,0,0,2,3,0.0,0.1936,0.1936,0.0,15,21,6,2.1667,0
d39861a7-f9af-4948-b92a-651bd7d21dda,2026-10-10T04:58:06.982114+00:00,7,forecast,C,NS,0,0,0,1,0,2,0.3873,0.0,0.5809,0.3873,15,21,6,2.1667,0
d39861a7-f9af-4948-b92a-651bd7d21dda,2026-10-10T04:58:06.982114+00:00,7,forecast,D,EW,0,0,3,0,1,0,0.3873,0.0,0.1936,0.0,15,21,6,2.1667,0
d39861a7-f9af-4948-b92a-651bd7d21dda,2026-10-10T04:58:07.431657+00:00,8,forecast,A,NS,0,0,0,2,1,0,0.3944,0.3944,0.0,0.0,18,24,6,2.1667,0
d39861a7-f9af-4948-b92a-651bd7d21dda,2026-10-10T04:58:07.431657+00:00,8,forecast,B,EW,1,0,0,0,2,4,0.0,0.1972,0.1972,0.1972,18,24,6,2.1667,0
d39861a7-f9af-4948-b92a-651bd7d21dda,2026-10-10T04:58:07.431657+00:00,8,forecast,C,CLEAR,0,1,0,1,0,2,0.1972,0.0,0.3944,0.3944,18,24,6,2.1667,0
d39861a7-f9af-4948-b92a-651bd7d21dda,2026-10-10T04:58:07.431657+00:00,8,forecast,D,CLEAR,0,1,5,0,1,0,0.3944,0.0,0.1972,0.0,18,24,6,2.1667,0
d39861a7-f9af-4948-b92a-651bd7d21dda,2026-10-10T04:58:07.881537+00:00,9,forecast,A,NS,1,0,0,2,1,0,0.3876,0.1938,0.0,0.0,17,27,10,3.4,0
d39861a7-f9af-4948-b92a-651bd7d21dda,2026-10-10T04:58:07.881537+00:00,9,forecast,B,EW,0,0,0,0,4,4,0.0,0.1938,0.1938,0.1938,17,27,10,3.4,0
d39861a7-f9af-4948-b92a-651bd7d21dda,2026-10-10T04:58:07.881537+00:00,9,forecast,C,EW,1,0,0,0,1,1,0.1938,0.0,0.3876,0.3876,17,27,10,3.4,0
d39861a7-f9af-4948-b92a-651bd7d21dda,2026-10-10T04:58:07.881537+00:00,9,forecast,D,NS,2,0,3,0,1,0,0.3876,0.0,0.3876,0.0,17,27,10,3.4,0
d39861a7-f9af-4948-b92a-651bd7d21dda,2026-10-10T04:58:08.346170+00:00,10,forecast,A,NS,0,0,0,2,0,0,0.3869,0.1934,0.0,0.0,18,30,12,3.8333,0
d39861a7-f9af-4948-b92a-651bd7d21dda,2026-10-10T04:58:08.346170+00:00,10,forecast,B,CLEAR,0,1,1,0,4,4,0.1934,0.0,0.1934,0.1934,18,30,12,3.8333,0
d39861a7-f9af-4948-b92a-651bd7d21dda,2026-10-10T04:58:08.346170+00:00,10,forecast,C,EW,0,0,0,2,1,0,0.0,0.1934,0.1934,0.3869,18,30,12,3.8333,0
d39861a7-f9af-4948-b92a-651bd7d21dda,2026-10-10T04:58:08.346170+00:00,10,forecast,D,NS,1,0,1,0,1,2,0.3869,0.0,0.5803,0.0,18,30,12,3.8333,0
d39861a7-f9af-4948-b92a-651bd7d21dda,2026-10-10T04:58:08.798665+00:00,11,forecast,A,NS,1,0,0,3,1,0,0.1975,0.1975,0.395,0.0,19,33,14,4.2143,0
d39861a7-f9af-4948-b92a-651bd7d21dda,2026-10-10T04:58:08.798665+00:00,11,forecast,B,NS,1,0,1,0,3,5,0.395,0.0,0.0,0.1975,19,33,14,4.2143,0
d39861a7-f9af-4948-b92a-651bd7d21dda,2026-10-10T04:58:08.798665+00:00,11,forecast,C,EW,1,0,0,1,1,0,0.0,0.1975,0.1975,0.395,19,33,14,4.2143,0
d39861a7-f9af-4948-b92a-651bd7d21dda,2026-10-10T04:58:08.798665+00:00,11,forecast,D,NS,0,0,2,0,0,2,0.1975,0.0,0.5925,0.0,19,33,14,4.2143,0
d39861a7-f9af-4948-b92a-651bd7d21dda,2026-10-10T04:58:09.247085+00:00,12,forecast,A,NS,0,0,0,4,0,0,0.192,0.3841,0.3841,0.0,19,36,17,4.1176,0
d39861a7-f9af-4948-b92a-651bd7d21dda,2026-10-10T04:58:09.247085+00:00,12,forecast,B,NS,0,0,0,0,2,5,0.3841,0.0,0.0,0.192,19,36,17,4.1176,0
d39861a7-f9af-4948-b92a-651bd7d21dda,2026-10-10T04:58:09.247085+00:00,12,forecast,C,EW,0,0,1,0,1,0,0.0,0.192,0.192,0.0,19,36,17,4.1176,0
d39861a7-f9af-4948-b92a-651bd7d21dda,2026-10-10T04:58:09.247085+00:00,12,forecast,D,NS,1,0,2,2,0,2,0.192,0.3841,0.3841,0.0,19,36,17,4.1176,0
d39861a7-f9af-4948-b92a-651bd7d21dda,2026-10-10T04:58:09.690183+00:00,13,forecast,A,CLEAR,0,1,0,6,0,0,0.1971,0.1971,0.3943,0.0,21,39,18,4.2778,0
d39861a7-f9af-4948-b92a-651bd7d21dda,2026-10-10T04:58:09.690183+00:00,13,forecast,B,NS,1,0,0,1,1,5,0.3943,0.1971,0.1971,0.0,21,39,18,4.2778,0
d39861a7-f9af-4948-b92a-651bd7d21dda,2026-10-10T04:58:09.690183+00:00,13,forecast,C,CLEAR,0,1,1,0,1,1,0.0,0.1971,0.1971,0.1971,21,39,18,4.2778,0
d39861a7-f9af-4948-b92a-651bd7d21dda,2026-10-10T04:58:09.690183+00:00,13,forecast,D,NS,0,0,1,2,0,2,0.0,0.3943,0.3943,0.0,21,39,18,4.2778,0
d39861a7-f9af-4948-b92a-651bd7d21dda,2026-10-10T04:58:10.137884+00:00,14,forecast,A,EW,1,0,1,5,0,0,0.194,0.194,0.3879,0.0,22,42,20,4.3,0
d39861a7-f9af-4948-b92a-651bd7d21dda,2026-10-10T04:58:10.137884+00:00,14,forecast,B,NS,0,0,0,1,0,6,0.3879,0.194,0.194,0.0,22,42,20,4.3,0
d39861a7-f9af-4948-b92a-651bd7d21dda,2026-10-10T04:58:10.137884+00:00,14,forecast,C,NS,1,0,0,1,0,1,0.0,0.3879,0.0,0.194,22,42,20,4.3,0
d39861a7-f9af-4948-b92a-651bd7d21dda,2026-10-10T04:58:10.137884+00:00,14,forecast,D,CLEAR,0,1,1,3,0,3,0.0,0.5819,0.194,0.0,22,42,20,4.3,0
d39861a7-f9af-4948-b92a-651bd7d21dda,2026-10-10T04:58:10.589569+00:00,15,forecast,A,EW,0,0,1,3,0,0,0.1968,0.1968,0.3936,0.0,23,45,22,4.7273,0
d39861a7-f9af-4948-b92a-651bd7d21dda,2026-10-10T04:58:10.589569+00:00,15,forecast,B,CLEAR,0,1,1,1,1,7,0.3936,0.1968,0.1968,0.0,23,45,22,4.7273,0
d39861a7-f9af-4948-b92a-651bd7d21dda,2026-10-10T04:58:10.589569+00:00,15,forecast,C,NS,0,0,0,2,0,2,0.0,0.1968,0.0,0.3936,23,45,22,4.7273,0
d39861a7-f9af-4948-b92a-651bd7d21dda,2026-10-10T04:58:10.589569+00:00,15,forecast,D,EW,2,0,1,2,0,2,0.0,0.5905,0.0,0.1968,23,45,22,4.7273,0
d39861a7-f9af-4948-b92a-651bd7d21dda,2026-10-10T04:58:11.113278+00:00,16,forecast,A,EW,2,0,1,2,0,0,0.1962,0.3924,0.0,0.1962,23,48,25,5.12,0
d39861a7-f9af-4948-b92a-651bd7d21dda,2026-10-10T04:58:11.113278+00:00,16,forecast,B,EW,2,0,1,0,3,8,0.1962,0.1962,0.1962,0.0,23,48,25,5.12,0
d39861a7-f9af-4948-b92a-651bd7d21dda,2026-10-10T04:58:11.113278+00:00,16,forecast,C,CLEAR,0,1,0,2,0,2,0.0,0.1962,0.0,0.3924,23,48,25,5.12,0
d39861a7-f9af-4948-b92a-651bd7d21dda,2026-10-10T04:58:11.113278+00:00,16,forecast,D,EW,1,0,2,1,0,1,0.0,0.5886,0.0,0.3924,23,48,25,5.12,0
d39861a7-f9af-4948-b92a-651bd7d21dda,2026-10-10T04:58:11.479256+00:00,17,forecast,A,EW,1,0,2,1,2,0,0.3953,0.3953,0.0,0.1976,22,51,29,5.5862,0
d39861a7-f9af-4948-b92a-651bd7d21dda,2026-10-10T04:58:11.479256+00:00,17,forecast,B,EW,1,0,1,0,4,8,0.1976,0.1976,0.1976,0.0,22,51,29,5.5862,0
d39861a7-f9af-4948-b92a-651bd7d21dda,2026-10-10T04:58:11.479256+00:00,17,forecast,C,EW,2,0,0,0,0,1,0.0,0.1976,0.0,0.3953,22,51,29,5.5862,0
d39861a7-f9af-4948-b92a-651bd7d21dda,2026-10-10T04:58:11.479256+00:00,17,forecast,D,EW,0,0,2,1,0,0,0.0,0.3953,0.0,0.3953,22,51,29,5.5862,0
d39861a7-f9af-4948-b92a-651bd7d21dda,2026-10-10T04:58:11.936941+00:00,18,forecast,A,EW,0,0,2,0,3,0,0.3928,0.3928,0.0,0.1964,23,54,31,5.9677,0
d39861a7-f9af-4948-b92a-651bd7d21dda,2026-10-10T04:58:11.936941+00:00,18,forecast,B,EW,0,0,2,0,5,7,0.3928,0.0,0.0,0.0,23,54,31,5.9677,0
d39861a7-f9af-4948-b92a-651bd7d21dda,2026-10-10T04:58:11.936941+00:00,18,forecast,C,EW,1,0,0,0,1,0,0.0,0.1964,0.1964,0.1964,23,54,31,5.9677,0
d39861a7-f9af-4948-b92a-651bd7d21dda,2026-10-10T04:58:11.936941+00:00,18,forecast,D,EW,2,0,2,1,0,0,0.0,0.5892,0.0,0.3928,23,54,31,5.9677,0
d39861a7-f9af-4948-b92a-651bd7d21dda,2026-10-10T04:58:12.380378+00:00,19,forecast,A,CLEAR,0,1,3,0,4,0,0.3847,0.3847,0.1924,0.1924,26,57,31,5.9677,0
d39861a7-f9af-4948-b92a-651bd7d21dda,2026-10-10T04:58:12.380378+00:00,19,forecast,B,CLEAR,0,1,2,0,6,7,0.3847,0.0,0.0,0.0,26,57,31,5.9677,0
d39861a7-f9af-4948-b92a-651bd7d21dda,2026-10-10T04:58:12.380378+00:00,19,forecast,C,EW,0,0,0,0,1,0,0.0,0.0,0.1924,0.1924,26,57,31,5.9677,0
d39861a7-f9af-4948-b92a-651bd7d21dda,2026-10-10T04:58:12.380378+00:00,19,forecast,D,EW,1,0,2,1,0,0,0.0,0.5771,0.0,0.3847,26,57,31,5.9677,0
d39861a7-f9af-4948-b92a-651bd7d21dda,2026-10-10T04:58:12.839580+00:00,20,forecast,A,NS,2,0,2,2,2,0,0.3884,0.3884,0.1942,0.1942,28,60,32,5.9688,0
d39861a7-f9af-4948-b92a-651bd7d21dda,2026-10-10T04:58:12.839580+00:00,20,forecast,B,NS,2,0,3,0,5,9,0.5826,0.0,0.0,0.0,28,60,32,5.9688,0
d39861a7-f9af-4948-b92a-651bd7d21dda,2026-10-10T04:58:12.839580+00:00,20,forecast,C,CLEAR,0,1,0,1,1,0,0.0,0.0,0.1942,0.0,28,60,32,5.9688,0
d39861a7-f9af-4948-b92a-651bd7d21dda,2026-10-10T04:58:12.839580+00:00,20,forecast,D,EW,0,0,2,0,1,0,0.0,0.5826,0.1942,0.1942,28,60,32,5.9688,0
d39861a7-f9af-4948-b92a-651bd7d21dda,2026-10-10T04:58:13.288436+00:00,21,forecast,A,NS,1,0,1,4,2,1,0.3857,0.1929,0.1929,0.1929,31,63,32,5.9688,0
d39861a7-f9af-4948-b92a-651bd7d21dda,2026-10-10T04:58:13.288436+00:00,21,forecast,B,NS,1,0,2,0,4,10,0.5786,0.0,0.0,0.0,31,63,32,5.9688,0
d39861a7-f9af-4948-b92a-651bd7d21dda,2026-10-10T04:58:13.288436+00:00,21,forecast,C,NS,1,0,1,1,2,0,0.0,0.0,0.5786,0.0,31,63,32,5.9688,0
d39861a7-f9af-4948-b92a-651bd7d21dda,2026-10-10T04:58:13.288436+00:00,21,forecast,D,CLEAR,0,1,2,0,1,0,0.0,0.5786,0.1929,0.0,31,63,32,5.9688,0
d39861a7-f9af-4948-b92a-651bd7d21dda,2026-10-10T04:58:13.735415+00:00,22,forecast,A,NS,0,0,0,7,2,1,0.1948,0.1948,0.1948,0.1948,32,66,34,6.0882,0
d39861a7-f9af-4948-b92a-651bd7d21dda,2026-10-10T04:58:13.735415+00:00,22,forecast,B,NS,0,0,2,0,3,12,0.779,0.0,0.0,0.0,32,66,34,6.0882,0
d39861a7-f9af-4948-b92a-651bd7d21dda,2026-10-10T04:58:13.735415+00:00,22,forecast,C,NS,0,0,0,3,1,0,0.0,0.1948,0.5843,0.0,32,66,34,6.0882,0
d39861a7-f9af-4948-b92a-651bd7d21dda,2026-10-10T04:58:13.735415+00:00,22,forecast,D,NS,2,0,1,0,0,0,0.0,0.3895,0.1948,0.0,32,66,34,6.0882,0
d39861a7-f9af-4948-b92a-651bd7d21dda,2026-10-10T04:58:14.192288+00:00,23,forecast,A,CLEAR,0,1,0,8,3,1,0.1958,0.1958,0.1958,0.1958,34,69,35,6.2,0
d39861a7-f9af-4948-b92a-651bd7d21dda,2026-10-10T04:58:14.192288+00:00,23,forecast,B,NS,2,0,2,0,2,12,0.7831,0.0,0.0,0.0,34,69,35,6.2,0
d39861a7-f9af-4948-b92a-651bd7d21dda,2026-10-10T04:58:14.192288+00:00,23,forecast,C,NS,2,0,1,3,0,0,0.3916,0.1958,0.3916,0.0,34,69,35,6.2,0
d39861a7-f9af-4948-b92a-651bd7d21dda,2026-10-10T04:58:14.192288+00:00,23,forecast,D,NS,1,0,1,0,0,1,0.0,0.1958,0.1958,0.0,34,69,35,6.2,0
d39861a7-f9af-4948-b92a-651bd7d21dda,2026-10-10T04:58:14.661717+00:00,24,forecast,A,EW,2,0,0,9,4,1,0.0,0.1974,0.0,0.1974,34,72,38,6.2368,2
d39861a7-f9af-4948-b92a-651bd7d21dda,2026-10-10T04:58:14.661717+00:00,24,forecast,B,NS,1,0,1,0,1,12,0.7896,0.0,0.1974,0.0,34,72,38,6.2368,2
d39861a7-f9af-4948-b92a-651bd7d21dda,2026-10-10T04:58:14.661717+00:00,24,forecast,C,NS,1,0,1,3,0,0,0.5922,0.1974,0.5922,0.0,34,72,38,6.2368,2
d39861a7-f9af-4948-b92a-651bd7d21dda,2026-10-10T04:58:14.661717+00:00,24,forecast,D,NS,0,0,0,0,0,2,0.0,0.0,0.1974,0.0,34,72,38,6.2368,2
d39861a7-f9af-4948-b92a-651bd7d21dda,2026-10-10T04:58:15.114127+00:00,25,forecast,A,EW,1,0,0,10,6,1,0.0,0.1953,0.1953,0.1953,36,75,39,6.3333,4
d39861a7-f9af-4948-b92a-651bd7d21dda,2026-10-10T04:58:15.114127+00:00,25,forecast,B,NS,0,0,0,0,0,12,0.3906,0.0,0.1953,0.0,36,75,39,6.3333,4
d39861a7-f9af-4948-b92a-651bd7d21dda,2026-10-10T04:58:15.114127+00:00,25,forecast,C,NS,0,0,0,4,0,1,0.5859,0.1953,0.5859,0.1953,36,75,39,6.3333,4
d39861a7-f9af-4948-b92a-651bd7d21dda,2026-10-10T04:58:15.114127+00:00,25,forecast,D,NS,1,0,0,0,0,2,0.1953,0.0,0.0,0.0,36,75,39,6.3333,4
d39861a7-f9af-4948-b92a-651bd7d21dda,2026-10-10T04:58:15.589340+00:00,26,forecast,A,EW,0,0,0,9,7,1,0.0,0.1959,0.1959,0.0,39,78,39,6.3333,6
d39861a7-f9af-4948-b92a-651bd7d21dda,2026-10-10T04:58:15.589340+00:00,26,forecast,B,CLEAR,0,1,1,1,0,12,0.5876,0.1959,0.1959,0.0,39,78,39,6.3333,6
d39861a7-f9af-4948-b92a-651bd7d21dda,2026-10-10T04:58:15.589340+00:00,26,forecast,C,NS,2,0,1,4,0,1,0.5876,0.1959,0.3917,0.1959,39,78,39,6.3333,6
d39861a7-f9af-4948-b92a-651bd7d21dda,2026-10-10T04:58:15.589340+00:00,26,forecast,D,NS,0,0,0,0,0,2,0.1959,0.0,0.0,0.0,39,78,39,6.3333,6
d39861a7-f9af-4948-b92a-651bd7d21dda,2026-10-10T04:58:16.006686+00:00,27,forecast,A,EW,2,0,0,9,7,2,0.0,0.0,0.1958,0.1958,40,81,41,6.6098,8
d39861a7-f9af-4948-b92a-651bd7d21dda,2026-10-10T04:58:16.006686+00:00,27,forecast,B,EW,2,0,2,1,0,11,0.5874,0.3916,0.1958,0.0,40,81,41,6.6098,8
d39861a7-f9af-4948-b92a-651bd7d21dda,2026-10-10T04:58:16.006686+00:00,27,forecast,C,NS,1,0,0,4,0,1,0.5874,0.0,0.3916,0.1958,40,81,41,6.6098,8
d39861a7-f9af-4948-b92a-651bd7d21dda,2026-10-10T04:58:16.006686+00:00,27,forecast,D,CLEAR,0,1,1,0,0,2,0.1958,0.0,0.0,0.0,40,81,41,6.6098,8
