sensor_001,sensor_002,sensor_003,sensor_004
72.83773663803545,73.18439216117194,85.2256360823628,91.40093381630723
63.8284176505168,73.38020431151733,92.42790871833034,91.39835330258715
79.88994998914617,84.07535904872215,89.50679055184305,100.94950954656869
83.12850887059993,84.49191656541848,107.26082467796202,101.07712686952866
61.68296574086415,73.07939189194812,102.78250091532998,74.48409804542315
68.52092045656347,95.09599677628665,90.83056285035535,104.82893683183386
81.55861099105134,87.10377550524395,92.63455697993162,94.47238551669305
79.54486548394787,80.64870348121592,100.75507201906964,93.08501435184236
83.41213621706079,100.65195888984384,92.03267302952511,104.82417968785981
78.11872424648273,97.67057802775619,109.71757769516242,111.39713790305821
93.29215101204632,83.98217375148255,104.8328563357367,96.65571775261559
93.70378509593031,109.65177139024222,105.43883901073038,116.97663811600424
89.13871038526402,101.93634055213786,110.21708774780888,118.88366598632918
98.65664432591541,97.70611980609543,119.71930185897291,114.46144642334109
94.30177700721688,111.51633473864754,108.39510913564612,108.31935930080247
84.50142678198506,100.95703661796546,107.08521924263461,108.46140603836872
95.02811605669103,100.22418243629252,120.88934127679914,125.39777859595407
84.9957580597362,95.8086741987712,117.25573471545513,105.84980615613773
100.16848044880517,106.26303410174425,107.50774441315848,127.05869937172233
93.1007679089771,105.8130148624469,110.54169864011514,117.67862970478743
92.26660147013705,102.38525971384402,112.35318413846392,118.54577903003788
88.43110053127363,96.0930584997921,113.8418653318005,105.8170725758818
103.68217577996575,103.47781527395422,100.12210900316485,118.33770613970121
92.58260303812389,101.78943396263851,98.53693274038444,124.31447908494924
90.20713291068196,91.4781205279302,103.55895449160117,108.47895355462194
90.5345495278727,90.06362984225582,102.60673182982934,122.80023703300563
97.23666507538513,105.95198149334182,104.73272522298895,119.04797823610646
95.44348686722898,80.1157309548407,114.4194257349121,112.60259881047146
95.28580207453074,101.98940186852226,107.35686087330362,123.90785528690132
94.82445148383692,95.86029931226815,109.56320092890515,98.6810702515201
107.8431244043144,109.42227496124005,97.40823333471273,118.22246511385057
86.73742534267586,94.22179484359022,102.6571979365221,127.48661186754444
85.12533943917136,102.61036237409915,110.14375734238305,125.07644854956995
81.91265348983194,93.28596416007764,109.25933412955939,115.65660780261815
92.52474092418127,96.4702458208826,97.72702501690628,109.07352448277891
95.78690160179147,100.53664489465969,103.82208112561065,105.32919096946812
84.99559217729076,90.01646900234492,119.11744045521202,106.91299417052002
78.34145322540436,100.7681173026468,100.38786797816942,112.61208258111274
77.63541590802564,83.9390704015724,94.00054563415337,100.74547854448629
88.62694727131709,93.36278452452466,97.19977948449848,112.23310595913695
88.5906375725477,97.5388678218521,98.40831273639304,122.24932585683408
86.25243194371527,94.63360662225764,95.59006853307181,103.7504585882383
75.8942222782555,103.93334076286334,95.73442595598304,92.61358694754362
82.44302505882189,81.80419579710177,83.69011182139126,91.8057040876536
80.95025545641276,76.25782669825159,86.86422863410604,108.05204857423962
81.26756223132342,78.7922865402114,92.7811994622814,100.72682587785087
86.06699439538025,91.56961053798176,92.15443207921429,107.68172884170573
80.54331755468115,89.89744147177362,88.54404863187345,95.96399367061355
83.93081226473338,86.4538755609883,91.3560321188482,106.55344771142911
78.87472505706882,76.47171724476954,93.0647736174091,98.43154252296654
80.5741129920625,91.51074685849717,99.60576687338295,93.74507748791721
83.33298139682583,75.60164424074205,91.72219545196683,96.42450837518503
66.74249556442399,94.7985880662181,95.8470663335225,90.20505513168416
76.05519441416249,108.61866827059627,88.57295521446244,115.96723083504314
75.15747520680263,89.0266525629124,97.84639612832284,99.67316278026209
74.21082404300927,91.1977888986685,96.74984317875595,106.11119049176521
77.61315052518388,83.12725479610538,101.25251338498089,97.28686870884843
92.35401034965395,73.22136236924597,100.7193417156581,93.90482451842533
74.13164204195019,83.60547160575402,100.5060470355446,101.29405350765161
89.54702441651425,80.494071794609,95.88633059775331,112.91964627766573
69.1533631225531,78.55085934738483,99.59698443828611,100.98219095396952
80.81939596377089,104.86812630359111,107.18808875920696,99.30653211372827
85.7422459259285,94.2995053133936,94.576392378064,108.71308665233846
90.12369765943272,96.23813956333933,95.94009659872147,112.72625954390732
92.1612097614625,91.86025430365146,103.64492051092613,123.19729078025048
93.89079520771178,94.11959569621148,106.78334890752916,114.24966224203209
85.85294547177288,104.41758296674419,98.16675697378662,117.96998185521767
86.05941495543148,97.6593713741634,105.47980684339574,119.99194827304187
97.7446771177091,103.38831885072719,106.65267443157649,106.44243884882317
90.47047326160938,98.79659237432604,91.00610472868223,109.38540798617751
82.90300900017097,98.83568551437018,108.28056577950869,109.83055643008578
85.12750352066796,91.5015607472169,110.06140424858005,109.2258537051706
87.89143130669753,88.08387978620163,111.28235143298271,127.58719666495831
100.23592936412355,102.91693396786164,125.08752913771039,124.8314014391017
98.35862911198156,106.50930796149173,105.16905923960367,124.3695253345351
103.6436321288989,96.75068621144615,109.36272314423928,104.13794879941776
95.53355580164394,107.67137595863517,96.04520639893357,142.38218556101322
100.97484634600374,109.20077921380407,113.98765527297692,119.74504246163161
105.38168612625165,92.2540773782664,115.46217144596186,144.16700037871
98.48106483751218,102.81264325719026,115.2316265001044,116.89531544332013
105.09096964171411,113.91640323125264,128.74123513735304,122.60213149314475
96.51867597808408,114.16637911511208,127.21067523197068,111.9587657665268
99.17844274497386,102.13373541515949,121.26624976935913,132.82065701162543
99.18512565996147,112.80107038066855,117.86303871307432,121.31234573962594
92.71256035085658,119.75665145623168,129.0850271359818,121.58962469611906
106.09699294825252,117.70881614680123,120.62518896909341,119.09415748329121
98.24809684236737,110.51405795551307,114.00321262791226,136.04124212879822
101.78491826980662,107.18524256975307,106.44315141283327,135.10893780161237
105.0924230107069,105.41591656837083,116.12437919546865,143.35538897885164
104.26121164154502,113.58506251779231,125.0331952131055,122.66393532835045
105.33767478701684,110.66766151085353,136.411375052531,129.04185631503657
98.43843402624367,113.28212430589294,117.76034938134741,115.97335938737227
94.94157988696675,108.32186292313646,110.08293433205209,122.46437230597927
96.68645495592558,112.72196684988148,105.5397881847534,119.71640194870285
82.72179881850839,105.72453039839537,118.13074514973971,126.17802148381944
83.44609020901223,109.93895335275924,98.18296883994041,129.07452534566892
83.1570531528986,109.22692767391545,115.18480178146999,127.23226995613142
84.39702668546022,94.33651565595285,115.71214893933394,110.82568530296903
94.13836848912584,84.74231090722132,110.96498751489914,123.72978373286918
82.19898754203139,109.92192828620213,103.94785751575105,113.48363524757093
84.86673609431008,97.93549151110743,108.39193203256795,109.26581677580143
96.69112633285363,80.42662187301114,103.35522509242152,104.16483531525878
81.81827432188182,86.65495612083929,93.83764737191999,103.28027776012806
88.9154168961938,96.73713144636639,112.91228044535862,119.59433739487892
73.87921584916712,86.50602966647811,93.32529630495222,105.99330450008364
78.03367864026369,82.82406766712487,100.3699573437503,102.80421363863384
70.41235717433209,96.31163700644927,72.84771637270862,97.19070427630756
73.65202789470626,74.9282037401049,100.46047638268743,116.75874662120884
81.46480752512718,75.15187396574464,100.08196918733523,105.56670154318525
59.33774230892697,81.49797073980334,86.69612248138172,87.33952851092972
75.09085230977847,81.2495992688801,89.10662474138852,88.95803267688689
72.03056477739267,80.47475877516344,87.34747049500122,87.54072723687658
63.95113505068112,82.24008766155754,76.05376335663067,88.60885634876776
55.781789866667,75.06163191284264,83.9727316365211,80.10869549757078
66.65067991631065,75.99541026197967,71.61798988736464,87.60426072911137
60.6451038513876,68.70564831518628,71.80754386635326,94.19258117763928
65.63968077241675,70.07788215125277,84.38986551483737,70.66332014088559
62.945181577550585,69.3370346186433,81.98041946866704,70.86438081118007
74.67579193270888,69.20612414343398,67.45811329469551,74.86762712398354
59.140409485315686,72.78605064804378,66.28759912165518,74.21232307108266
52.1659933498005,70.28186359095002,66.16265016034595,92.80187482259072
61.193565224390575,65.5457652720088,76.48581488459853,84.07104121706058
61.03213576515527,58.187532804160206,62.04904082751273,82.9918762812494
69.76572823673462,64.78743657520472,72.45360649888259,72.83881871437968
65.29939857207178,63.72332165329422,75.25119374523955,72.31486733357569
61.30404191705493,65.30807821362434,68.37021410403386,62.77608652751537
70.08754790148384,81.34070220809852,77.07638430514265,80.55717153385372
48.90092087807607,59.53093629457072,66.59673037722398,78.26974178185432
53.416318296973266,67.23394549006242,67.46609130719652,84.78621781066241
51.33322056927799,72.63405446579678,61.60891790610774,73.08077987563345
55.92110486872435,65.19083345167198,77.91147176474496,74.00705465908655
48.3955017125172,83.51256920025115,64.07846202494902,76.97180718317122
64.92803978575803,62.26313898750397,73.52624897318924,83.30387614563853
58.56755576806036,68.4239908820337,70.74668832508863,65.04143164393906
49.12980158205474,60.041828882393595,63.54603324010561,83.39276971836736
53.36627529030836,64.2687925988195,67.79824786937644,78.09719106257751
64.62840854512963,69.75906884556753,84.47787527158631,70.59309901249706
69.48016379060668,75.2524156775,75.8020754517005,63.218801020978646
79.41986187485264,71.76659293544498,66.90845105425967,79.65768361210561
87.43423145736426,80.02564431755675,78.22474561524163,93.1932169762179
68.11279972137947,69.92848579362756,75.40998004880998,95.86705365869491
57.54276955612605,68.75255123370357,104.99309564640369,86.15455906984565
49.04223569211828,93.73945097238283,80.3975250210649,99.82154377724369
68.84865475577696,75.9251336213831,75.7905030181365,84.55624249983404
60.771760794052916,67.63537260293766,90.86738372729337,93.2495242123693
64.47224572113635,68.40418495936873,65.39319697378995,82.67483045566075
63.36159686706969,66.92223842143818,81.42354546687842,82.75749997969719
67.53124609258688,82.39172559294663,97.09619626571526,81.96229293539596
77.51361287392133,72.34218641425792,80.59904421230948,71.31584063997666
70.49305455742285,76.54980818837198,67.95874239119547,98.4161311932154
68.13557472348043,75.20609797153743,78.85633759901242,83.20013574844671
61.19964100992454,81.65361675356132,93.75462827520897,82.02378016699794
56.07577795900665,69.01503800235494,85.11329674477886,78.98071575009689
65.47604492951285,67.06797611314624,75.26775172638109,86.64977131038184
68.73200367319204,77.24412108989488,76.25527872771343,102.13263822232709
83.0024130440306,79.92655471620813,76.90118497262786,104.38892465162553
69.49818421609244,77.33951818948225,83.79211439752486,73.83886795906797
75.81546759142351,67.65551726166399,91.01431174915538,83.65075430903944
63.358437350060996,78.89566288768485,88.01815026592654,77.44688601536305
57.176213857398125,66.76449148003601,82.42309126174086,92.74131064262676
58.14439812801548,67.68078054266289,67.18768909557359,86.12135302946437
59.18344251538513,63.34137292768343,66.17729110730019,77.61594669399734
81.04784227525042,80.24935887914619,79.92611593380087,82.06069208297974
56.40408677881811,73.76756892379683,63.66144419507972,76.33088039024605
68.56454118424122,72.31990433744969,71.29875094113808,91.64058564235432
53.447790745102004,76.1644639180104,74.13554049743277,81.59357742714423
66.87892601369167,87.32993061576184,61.13037938610488,80.99211343549224
61.209634683026394,49.74076602782366,60.5050240891594,52.648330844692545
55.537671993104546,56.04656027047689,66.36340214407568,71.74485897311223
55.091443006910616,55.52610101677919,69.52266246454909,87.1971063110102
48.78135827494347,52.12398102644239,72.33356633593931,79.36132690004806
56.175327740916416,48.7685159781446,67.02804126705324,52.177328931440925
47.54878936940969,53.444946991705365,61.0849385560982,62.641793426704254
39.9705159870558,44.56756529280526,52.855869904590804,53.738305123624144
38.15340173549238,55.455141482171314,48.605446786938515,75.25941544842031
48.383993458249144,51.68990306212585,51.4623261582885,61.776595497353696
58.29716064573526,53.66397178478392,57.2465390187421,51.976001733268966
45.649973837964176,52.465508626971484,55.130310751372996,56.74422473116935
42.18046429085912,51.87449580894598,34.172095177525975,34.033256912573464
44.2387347455212,42.778683736718975,43.29436860777918,44.71392400887575
51.29440503285086,61.52884660201072,57.909068075535735,52.277865751042086
41.575623078161044,45.31606318703881,47.69438582554698,57.44611957867228
35.5948621135557,27.517154662884117,34.61571410271546,33.95602516641749
46.88886999427322,33.477605285282024,63.801231641814624,45.36347066502763
40.725796771696906,26.762243648509113,43.84525599894115,55.54479806233748
48.94549450507248,40.130800563142685,46.39947216526718,35.045850856601426
37.60037608793306,38.4450133968364,45.9006078367294,47.822827065746964
25.929176356533,35.225243809855606,39.279606446524056,45.99588698340785
24.488630226216813,54.74257670303917,36.05584233291682,58.81273833399372
48.471148700040246,42.86138143864102,58.64871153038873,43.04001530880358
49.00512457487859,44.22602195551128,49.64431827621099,43.447302787596804
33.85447204382552,31.050276551102797,48.28260076806234,51.75501988906374
32.42229982107824,30.720802749533146,46.55043890394204,34.55549951581669
47.497557718733205,39.35553859000719,34.28964669077404,43.80421137769661
27.38666689570416,40.92191059218369,53.0529161318019,42.481695634069446
29.63798373668065,25.29038006853226,36.74088405847458,45.71972353804844
42.606983040160316,39.423400561910604,46.53763919197094,54.46408446052739
35.07514067872129,41.82019302109496,32.06813181089928,53.09217763178213
39.06412588201324,40.93891665467513,29.88824834073435,43.78066984275545
38.76590922717176,37.20937024526427,49.905864293932396,52.09616942799498
43.83067462817168,40.552894804027474,42.13548014345371,64.27090521543356
53.52724727505694,44.69500905274186,34.03903224772306,47.14393744449983
44.201922473969454,48.15612006388638,55.7070725548331,56.49600743068309
49.902490258073954,53.65758347334174,69.8481678824216,55.410507199584366
29.678146242541708,58.91542024046867,65.574100219574,58.142625574311104
47.06369150731595,49.41260590933498,54.02279359022368,47.35002466914994
42.11717330410459,49.6558582126563,57.817962550286325,73.47539524633999
40.54783897132018,58.3721655206845,66.54514686438219,57.82125828070626
44.72417631996774,61.340645064448005,70.13540036960386,74.0714424499163
50.533119978477636,54.5694229020207,60.13165948149384,62.74585123172699
61.98568315366476,65.95056179552937,64.86978687057992,64.56127909460058
45.48542951128906,69.03294227819933,68.70086629881379,81.1006221441672
57.75580264050487,73.0724924886325,72.39826138920736,81.14657771841371
55.01824997385494,78.47195500705702,68.53455852998317,76.62227957056004
57.608717582126964,58.77423707656739,70.22034807411319,82.74569828193394
69.53970654942083,67.22134270773354,83.741328757198,75.98676096320116
67.05106148925678,68.54055392919513,83.83069233880943,79.79178006053571
74.60724746727452,68.93329793290275,79.34699494208175,76.04453908831272
63.76048137915233,65.71119862110241,90.56694970299888,89.95537190204949
60.43778484984205,60.121313875832534,74.91472796234319,78.45947156928914
65.13811961201206,73.75487936502047,92.08168503555585,97.06360185575599
69.70280409997463,67.776241745222,84.42346782169015,83.71692817864759
69.9155571196895,75.41846084822808,107.12626473015105,87.34966701475226
60.47127866702593,69.08006975174685,72.17859751152265,94.07431193146196
70.41482774572117,67.22917995255237,76.84722192817729,88.88843654204162
71.96110133561601,78.38559564065676,86.23752544638276,86.8798103696327
90.61889031425365,78.0936609569781,86.4713518949019,89.46048261714606
85.73765005937038,81.78650286414967,99.18271289144752,97.16150177097325
64.04211528937262,94.79752332462448,78.40616682632748,84.89289761507041
68.61781433289282,79.58218667727176,91.05020777943481,89.24795277399637
59.16494451650724,81.19608744328023,93.05809011978711,90.28363267659488
66.01315934047676,68.54912622599012,89.23760091943797,96.9479012306381
73.0454720204435,66.63633901213167,75.65459434572999,88.95476863485494
79.87025421095407,89.27000856747564,94.2533911847633,103.84166124812023
64.02072100036013,68.81586179941611,92.3886078259794,87.65200809030888
64.18420422599038,67.37649369719568,86.83539294967991,86.44791820652674
51.74449850995471,74.87572944611917,83.08901238151086,86.351683978885
67.07632791954461,73.87226645723968,82.61882032496864,76.4929752957045
59.29100969437922,66.73302975491445,79.48595228575083,77.98478066680146
62.93410518808576,70.83616400340178,84.50855997321992,81.24327292737826
59.509766611396316,82.4073542903685,78.86912308515814,93.75437876482998
65.11066416707949,65.40452160327283,71.05197654393335,83.56287374468567
51.13762424392699,59.97729435210341,68.66516392066477,79.10396641461259
52.80191827198774,77.94614558732454,70.25622297591836,91.95190735499999
80.92478520089506,73.6374389005974,77.28437684591314,93.72499126908005
52.96712061065114,64.05385241027624,74.553854798606,90.56406129197187
53.90036795953466,55.71501214789932,75.79279431296754,72.94301967851919
76.8196124613308,61.81498140459364,77.42613734581286,75.10530733723658
84.86470670467554,66.78873106966287,67.80999637082677,92.9406495543843
51.81002468299439,76.06998513390377,84.03194046283211,79.7978273533056
57.861312838262364,58.04258546566086,69.72149142028982,75.25009828955251
63.23814732903474,65.33006231682893,68.03932393807871,82.75404195438755
74.1140225997643,71.16600249136235,75.10433887854639,84.78404528643526
52.25468922680545,46.56754766545883,56.39374529963647,71.9823708834138
58.14410413475222,73.84082778237203,64.71047437764922,78.25448118096377
66.37803442475692,56.16875958554447,78.94597689966363,83.97890541079843
63.79044270430098,68.45121570245698,57.37881396853807,67.4788298795896
57.558931441103944,68.04784339064386,80.5211699520363,77.18553821879334
59.85839809721881,75.14467129172581,84.09607103755606,68.63085962894519
50.396721862097166,71.38472776975598,69.60313441356831,70.27157753429445
60.06378469718789,48.58441204687129,75.57079945184755,74.36505802432059
60.51711736784248,62.065275791385666,82.99149892816126,83.5510510331083
65.28885588139164,70.3036375050607,71.23018267173919,78.15481485283514
59.87398984395311,68.60373283232015,82.95274041226111,76.6701555750776
69.07258379916799,75.05755014947985,71.80386264299912,83.52187820326299
74.48010906308527,78.72771337684125,74.62636099577514,75.3058759272661
68.789431955859,78.554156438177,73.43239604436808,89.39805871386744
71.61146595521036,73.33752557376434,84.04721313394184,96.61144006223324
70.55144223977771,61.730612411932285,92.14016996316187,88.61789425647473
71.52591263042846,74.38368181174017,83.05692266252295,89.41092848994016
67.21432763862605,82.95289999271401,76.08712442893666,95.87980343459397
77.0345187684088,72.55194707962055,79.38683094673186,78.59369059937607
75.2854699412704,88.02884809033078,93.05033314110233,101.10296494370081
94.40651475613414,91.98842087052685,106.53431200724161,123.6565733377454
91.8720518888619,87.50789508570489,96.8505058761315,99.92704271897675
84.01282549716208,63.77272806227546,92.54470850362917,102.0437945551731
76.46919395289132,79.85564033152316,103.71651457078801,111.04259443955134
75.31856430976302,106.96353808913632,97.614204471051,120.34902363638598
95.37762514074004,89.2805865823502,98.43101459821166,117.0614465031465
89.5573861087582,79.53273673232924,95.68869988157918,94.06200790825301
92.86973101125962,107.0040705073477,116.48318977157517,117.8162973356451
76.60157489654787,98.89767686944911,86.70973814189273,135.83141198854975
99.4544344340581,109.24126200067197,115.15142319866183,122.11488947792093
97.0848020342383,104.16051230559863,106.73028697678372,109.69883474831033
85.90966020026876,107.07913382669872,108.74548994680526,122.90040785518386
92.28554221777526,107.69433653885235,127.06130568584005,112.00980830593038
99.34547321313396,111.65525439894816,109.20191149127808,133.61700206832774
98.73985326617125,125.47775509316294,110.7559508978797,117.48763605127644
96.96724270451526,116.10035489597574,116.31684231430451,126.98163732055545
99.35577426708133,96.64857317899101,121.70967411839946,120.64426232611305
98.93675679310837,113.70337483360954,115.77274334565023,124.11351203622411
102.82787580591311,119.97625600929123,107.49057257555052,141.2076833420937
113.9169490621209,121.0525300284808,113.79124842715348,130.83040149137315
82.03003395799476,108.47439811964918,131.46184533451495,126.06149119166987
100.96614759221984,121.53150069782937,122.16115487743545,121.75211222528463
104.44967241964413,119.82656434040734,125.38037550896142,116.1651174434685
105.46164613354667,133.0459877314486,119.74663259794735,121.19991120679109
100.05542132170629,106.39715480704093,116.48761785239529,132.0257040780889
88.79724392477866,108.14190613564095,134.97175890808467,138.7431660210997
105.1816814646078,109.43219407947848,119.69904048301262,126.04519227230683
115.9736621858622,107.51988876974295,117.18151243134056,142.57962577081412
89.37638713850225,103.7677740504345,128.89774065009797,123.62926001214137
107.9511934284517,88.12467157519137,113.63269905135733,126.69299444097251
97.71284885527176,105.98536854503847,113.82705927920018,119.07017796126277
99.0651112663066,111.56108924080365,117.73871696560664,134.63335610028133
90.26893901780565,103.7183638942479,116.63831104585856,142.38824668036762
95.08280060668395,122.1286312706303,117.60960440248958,110.32530974864073
107.1636442758735,105.66695652167073,131.0899652367697,120.38397847419022
100.37689948685954,114.74531340615442,115.80849034922375,131.93816656852852
108.48340081057762,105.31853562980129,92.8050049866186,108.85613687788366
102.91993416046932,108.61195562312544,113.11114678676348,123.5342845904113
95.86531724885634,102.98224932319914,109.4470499219583,127.31148064201297
105.14220322831925,110.43107016683969,108.11845939905712,116.68675581173443
93.53676868114485,98.6564130678648,108.36055159754208,118.97915254546093
95.48862145136225,100.91229225051296,104.79251083322117,127.18776677245732
85.34748752567096,98.62526909168976,103.24825934658708,127.23111899238015
87.13262501914974,92.16672559928264,107.25011371449258,109.72277310407553
79.93504291159425,96.52833145830266,96.725865938258,104.57752893032891
92.38797368138306,110.02560146553517,92.24823010216979,100.1490891900231
74.05270036840957,88.90496557595847,122.84740449309463,114.0618778349387
88.80445709454656,93.40552389395901,91.8270955968109,94.0839010806608
80.15281919738457,99.16553450596555,97.32972144027481,101.93326107824875
90.25272878635911,97.35775574423123,83.62342494773044,103.76320258042554
86.1725812279578,87.547145143327,95.6729456054478,98.00496266675073
94.09688218000007,67.69475901506,86.52621995309745,103.46074219865837
84.83146420454905,90.29936801330398,89.8064407099925,121.042809587811
65.95340818225542,67.91300254281342,101.1683803222833,98.97414065765847
77.63206589975965,97.03334288347014,96.1560753359599,96.00290752251122
68.52480744024277,86.33855276700204,96.61193481050918,107.26921002542012
73.58384178486352,92.79384363947815,77.69318373007586,100.84586254708347
89.74510265345349,77.49795655335856,106.46957748900631,110.34867277163247
82.7757662469331,72.31684467878306,82.26326268308044,100.17722283460515
72.19746396779554,86.94666132377536,104.16083161921743,97.01667829531875
69.88307088343633,84.81423773303399,100.34567161825862,84.99377702337388
78.54591744189895,81.46803051680327,97.13571548750974,86.6758724299101
68.92462491912092,86.48504237041114,86.11851988766105,85.42345462189037
73.73889546800939,108.43914279500214,94.70401238886224,103.71764493214198
82.12661200875041,93.54588027314207,90.34144426687986,90.44995937094819
89.46061778503223,95.90666684273782,95.03555106752621,112.14040992249154
85.73369930020134,94.96633970232409,93.56710354470421,103.15929118372776
63.22894725070816,100.80943895390077,80.07933623409423,101.84920341745041
84.73179202141657,88.25781736862076,106.23419652235565,97.99061527549647
83.64399984509049,74.18125273048479,97.5220978721495,110.70063704336332
87.17398690033298,89.97807233669894,95.23225498812471,100.2985724111989
97.60263689830903,98.86438689280769,95.58542511793384,99.88256071574924
68.98260830769755,85.50179449959084,103.89955740982153,118.31036330210614
81.57107904979057,92.73442488843382,94.84074782702172,112.67321386060674
91.82472152335585,89.48126490071861,84.89197028067285,108.97189122620712
75.21882927651305,107.87614434799369,107.10527462001892,116.9680259333265
100.42033805891849,102.66410594996934,108.87697796259779,112.85131311605522
92.25850864038397,102.64322213472843,103.95308400295376,116.73348523478636
96.73196908618425,103.11022563162634,97.13231005236004,107.95886776209802
85.97946114383471,98.48056281886561,107.72158756967046,131.80483851711472
97.57667677992359,100.92579636224976,95.90786599735682,111.26594404429154
100.05801342738292,90.3478771515276,99.93062183860036,128.91571004401698
93.73389651845022,82.73123401438043,102.56908383938375,115.41561402401332
94.01713806576797,101.7191191418639,115.64652184116146,123.72832537419401
94.4803170449718,103.30199964732407,106.20169646008048,123.36887852221382
85.48592076154158,110.46613423408299,105.6084211996916,126.765501342327
91.18270657288743,113.33025309027012,124.79373723170207,110.82783799789988
91.00463814379735,113.16888068371838,111.81266718154707,125.98212481457884
95.04281820337825,92.35290284115838,111.41047197026712,131.83145899271915
99.6122876335365,97.12409098395183,105.31312290717561,114.52970264020678
82.66971076861009,103.26594646643726,102.93757143324085,116.2714659864209
89.54851502701551,119.03551444328885,89.52071525299351,111.05608338506876
101.69800745941359,109.85500789677512,113.93198971137423,111.57842662742695
83.08442510072757,106.08222922096314,108.80745056477514,127.00627630393204
81.53358056570613,93.01942076000063,102.69854015905389,104.10813559608582
88.70371790182347,87.93651389676693,101.82113991015187,103.29884552886973
92.7136706768384,100.08426941574501,107.4765776424908,122.28904823144063
84.82815225098739,83.63479403867291,87.70574391395459,112.84315225174596
94.05738292251772,89.10236177290865,93.87495631004988,123.14112333654978
88.88648849559988,88.57138000987662,87.85664766557608,100.80102843293385
87.2979697729472,100.63065224515705,109.38337608641643,103.5454972187709
83.46040585594683,83.37421122579977,100.4013497084267,95.29500570754895
96.05405769876138,64.95818423250203,73.88998865709029,99.69728758044502
74.14717231166789,86.71388353322293,77.45809386813029,82.26527383230261
58.075579175731306,75.24828791581959,86.5184025821787,99.79350965066624
85.22245831292003,79.3102373818106,81.77043325525494,94.71851338529876
66.99083651095584,76.38174271174715,72.9032710137427,89.46083973850415
69.76896834248129,72.98046780189824,96.99237265034768,84.57553513304981
77.63554116494214,79.58723631179537,81.87020694083817,78.31723170149256
52.6042323192121,59.10687222519672,81.11580443925797,89.08645975695019
53.6924381810993,65.36092172103612,69.75233555353587,71.7111548884889
49.20885297366043,73.12947763651496,79.0734653699646,83.02853734989918
54.019385781701075,60.948204817504475,68.30582785075828,93.433308015445
62.292381809853055,51.24804337498617,67.19495974691478,86.68908513315799
61.43010474886735,67.78837220754318,72.53127259521547,60.80556083037228
57.975235926886,69.81934885326785,52.87216060673109,66.67978596194503
43.066582204331766,58.95135754846036,77.03015202254596,72.56814500231451
34.574280965956675,42.1915353493541,64.1606055329939,66.96242811718062
52.26592260082755,62.190769520177255,71.50248284571235,54.77160105809181
46.928604921083604,42.033056792486455,51.31814844454708,67.61338076293922
53.350745357292965,56.66202241503268,51.322276224709086,63.14343107269152
54.369857097490105,46.086720043211756,48.32343142177962,77.36543901683746
49.04821530212891,43.02195900003823,58.66144410800716,58.99162254626337
53.32379415450063,48.002242923173895,56.360183063475006,69.4711373190594
48.491276444582766,49.43280367766799,51.42548825266045,49.245674258893935
50.42849305098816,45.233216258191796,46.473235573308095,50.56062158832521
40.196733023913126,54.71048345503631,44.0348251739113,64.10762911267689
44.15844173805969,46.171808298196275,53.49752239925727,66.70027012503711
47.044246922067984,57.445204953897125,50.01262357552395,50.211815835347835
52.020003009904,51.83750373230928,48.235605668892134,58.04542406022631
42.399297919614106,44.10960848985937,66.20762087690186,46.91911044483552
49.9155873790158,42.97748020187869,53.40514378637318,56.7727405408493
43.915194068197096,37.047561684187905,64.57350322103011,65.29416970765499
45.490169278788095,52.97732718738528,50.60639945002668,55.61370406543666
53.54182242512259,48.3331215371855,57.39218401185198,57.70584792017867
31.515880693696673,32.79737795236089,55.64571256155741,51.36573601997876
37.715192296863535,48.17279475034839,43.249078067400575,56.014732045588126
36.91987181144623,46.00338775612998,69.0726714394617,76.14515731824591
30.853998627282756,66.63043264944078,57.44586738182245,63.61257969782513
44.88860622480921,41.26655846418148,65.43419872966896,56.01845645267783
57.138938843994445,44.262067397952144,54.42605016578415,62.573510495784745
49.72059833040101,65.60667081189463,60.13540141999833,53.40197830889138
54.456013090728796,68.53449700719605,55.55227218038787,59.18051283494338
62.46957006330446,52.682860224323726,73.41760524074675,79.29922893552197
65.25788896537921,54.546658770878906,67.06156557906812,68.39737685048239
54.95271432928655,65.48168441653087,68.53421289456017,85.76960952693142
67.18336725878338,42.86103450686829,77.46645879947316,70.96135565486746
57.910856019223694,47.48191534404736,76.81981726362497,72.47887938724182
51.255312023214756,60.97722131737734,74.61441952362192,78.8874232132172
53.933045046436206,76.42266765342511,57.985019608458416,53.31343298736891
47.52288426629724,61.27835169483049,64.59577547737797,77.19773905608707
52.8788434269944,66.24449170500519,62.85897539729345,75.951271695157
57.667568394984016,75.1048980709624,77.35773543032757,88.9286590203132
67.43312611373398,83.40538254844898,73.46137893974287,85.35945728257006
75.16292934986342,62.36350752448863,61.43572044976997,69.07181104357993
50.646611187473006,67.17882982157549,71.41303020830665,88.4695531623707
65.06513259326425,82.12827396767173,61.22825286092285,76.7119546917692
53.724790998512674,55.51237944767542,72.90555288208267,71.7360101137063
65.87941167322981,75.9462867086388,60.126461290994754,80.59007050854588
60.97065728062013,59.510948998697515,77.52621597613012,77.3115639552083
47.21409120551152,68.30487473205264,76.13255478643558,91.04033427332682
69.03471351937476,65.26814317006351,88.07344145847955,81.13558770207298
56.42177266676491,59.166938142646266,79.18326984325617,79.61480747338683
56.55276334364907,58.4886012157929,68.49955397690066,84.6174960727458
51.74004187437677,67.99101800278746,77.80590575901641,85.48595988162535
54.45379483517735,73.07856304204087,59.359124737239604,82.23546390724104
62.42188259348432,63.324392994046505,62.02602534173539,86.44503750533325
56.72175444672068,64.09076982355147,71.48916018976043,78.98763461594368
60.034475341957574,67.19322451981681,50.576487353295704,74.40234903888346
59.409474563916504,53.878794978608056,66.49210431346664,81.84041251986793
66.13529884136052,66.53936435508723,57.51153664148513,69.99829254842405
51.83868554629405,66.09762632543334,65.31524478592775,69.73266727120522
41.74069825202508,79.25325852104794,54.671044610920276,81.93423815792742
61.04050148407215,54.266863368064755,65.44265673322803,79.79703939827348
48.77984249975942,52.442706906514026,60.93759415251975,65.39318175111565
59.26892003620979,61.08137840487082,70.71004972002157,60.45618071921607
52.34075362680586,60.30600068367467,58.286474216222004,74.41741655610848
47.157126614851826,48.307913889144764,50.821852936146605,67.75672649883992
49.949680200615276,48.22139645537224,53.75883584676209,62.545797549526974
61.75132810186282,54.66711320121969,43.77901419396446,56.152762563201705
61.782936057557976,42.65251715608048,56.628388376431104,60.13896222533415
44.79548486987751,44.97802168367837,57.00295335730387,56.13234150666329
44.65384505962298,48.03200066231443,71.01176502719008,49.886429507344154
51.18134242137182,54.40905983673159,45.33699162983108,55.214147379877
35.08066820608369,40.813345399533645,47.311955600316004,55.38188241558182
43.868180843615264,30.2103256084847,44.08911655128518,49.4378076534899
40.44460310130069,29.01431758887054,49.7395983821507,58.96888572606174
42.70733591279012,33.77495388940151,50.557970900808364,61.46929396538025
33.17610480832959,32.95980944268214,46.660248365210364,58.46852460223856
26.880911445141816,41.96033363098281,55.48759534325484,48.18676923488714
22.879585048835196,33.5399979022361,41.70278969523014,56.27278435302674
30.505347212388404,37.4082368119452,54.5055252478501,50.825680418614304
35.87345162160252,36.94497172136235,51.04044653044897,40.44130077289426
37.41483720577605,39.850886093906404,46.89328870322297,55.9859421721207
55.595534789678226,54.32296427790363,44.86868063513804,52.202471024327345
49.40255889149645,49.53697555061292,67.34151980795048,72.36334465758472
33.43332536411612,44.99818546204346,42.07217677888508,64.00550873603649
44.60368644884512,41.93581029633962,51.8094876684825,58.91722521996024
39.37100181885088,43.03700533936509,44.376352913107965,56.246708368046235
41.26823032342102,50.12358015351573,65.74504174902891,56.72832116668097
46.04659105411664,53.28860988732042,59.761139372604234,48.688284954854254
50.63816109683506,42.57701503595729,48.564318977763115,44.23238311462316
44.18536734154065,51.45486627685506,59.527365198719465,52.70971739794555
56.71189649893574,36.330044436580366,59.02648350492073,60.96509833816857
40.44675100763598,55.78344498257411,54.464214505845526,46.26037626840568
51.08559114536573,61.77160700454322,66.37926122910525,60.59890757550403
73.3317379470862,55.08710349511977,65.21940001484928,64.90135699686583
55.90424325963419,73.57178540762847,65.68512326947088,67.15608525037524
67.19892058497874,53.749951910107264,65.53115675712334,65.63938061902313
58.113551640532705,64.33740355713196,71.2628061950619,70.29874975877232
63.70039201559181,64.13613866625793,71.62639931815738,88.95101003784073
60.2871556364887,65.46098723314026,72.25806261794496,82.60442558672693
61.069659022127375,67.19406229753405,68.65623228380252,74.97767336664883
57.88261523278329,70.80426686544303,89.3265087702478,81.05854875603275
69.23039390740979,78.55237871398162,69.34607495000631,83.50365354209923
60.619220655427725,84.58354607446763,83.11288395066343,79.67828874506009
74.36408885311874,75.29771473045182,79.03010047194736,81.71529439228175
79.28460460346592,83.5432288332625,97.51547009947463,97.94167579448472
75.04354007086974,73.0527249531078,77.99457193572151,88.41972892364788
71.26790163672057,86.37261617290017,81.04994750293183,84.8615635466917
78.56593039949455,75.65047409850224,80.80006230711673,95.02568458474899
73.76354439353884,91.88847458460704,92.68118176149868,97.96780563691864
84.93180086969947,102.17322578203132,80.54436838324337,82.78781476314894
63.920523471267416,84.73798941803439,89.02932094056052,99.67446641290225
76.91596049101025,69.29690964004192,76.8547691142087,108.25397330237082
64.60371998981427,83.46656120764824,97.0954442294321,106.10283720338262
69.39596304151814,98.60749163795347,92.14681257389219,121.38293324580532
92.98777065046147,93.96302100014762,85.09548664448631,114.47035034643405
89.85120081340352,92.19827710681483,106.40909090099161,116.83293523499052
77.4382832735025,98.82657427285416,87.85899452357056,128.2841194833993
71.57008868450974,95.06484533162767,105.16386882266934,112.45267088144378
60.16239188489563,101.24575341338603,93.52095464802257,108.0591722295347
79.71349467946543,99.0587989509139,112.15793135571292,114.77723347481168
103.50462891174789,103.96412232782512,105.4361329094994,102.6150470230911
87.60077537537808,94.63949725707066,91.35217300098012,107.92547390608382
79.53039865865681,98.88605006328189,91.94431233792531,101.73614951525877
87.52289292184255,88.9636211380484,103.88322584142371,109.84128713702685
71.02570179551105,86.29380654694606,96.59859241368828,101.07446917516256
80.76826513879512,104.35979789467129,96.90972144609187,100.32783823431234
83.50566626081289,91.95856083969457,107.92591127571595,108.57486367880928
81.5212520953458,96.12274341044179,91.16782947021167,103.52929050455536
87.98213311147266,90.06884826578424,97.23252234043784,88.50524708984133
83.81251232150994,83.73189353259104,103.42970931749844,91.5168998261125
85.76463833152793,87.81662334429262,101.51243012768767,93.1720883058806
74.24599224398155,98.49119268959002,92.97660925290363,94.44000538977791
86.25213678470509,90.699680795058,91.13465983740322,103.94944020345547
91.40901114817561,71.81095897726578,78.71744924286779,101.50471240753413
69.92506973221492,83.02669804494666,83.36108156436399,107.3956642874088
69.90383976525011,98.26424671723761,93.5532615528311,104.02929368840074
87.03061824999305,81.57436353367076,89.12207578597172,105.74075181601008
74.18153028236338,68.19138738531622,90.07756829098528,101.22825593739427
86.34870432750007,97.09144547352685,97.09000446639786,97.28233126123617
71.03015901690085,86.80871612799871,78.63012251445619,103.70265266271367
85.717692361245,80.2515274034023,85.6564903788689,101.63553765347629
74.69827352969749,77.37017119707495,88.54632688349886,96.74052820711869
75.35048638066806,88.60571266824644,80.97585916514247,103.4399550684458
85.51628007465919,75.29889923597224,97.72281388568294,74.14092157071823
69.89957865080797,88.59740681834029,93.29766278696859,90.32287593279084
65.1462779919424,83.6196583868945,88.21000405956886,90.04945505940334
69.05875928929079,81.20902589864531,100.20972227060406,101.68162859705683
76.33185306872839,80.48758913023018,73.94259767462638,105.1152091110758
60.34944642641236,78.10082189231181,86.06380311934855,81.1492255886807
78.23572292002326,88.14979990583517,89.36409794098027,104.37146282804875
69.18510686730043,73.25392360672245,79.54161474448051,84.16788248591651
83.13587868749484,67.7010106962234,89.80516235464566,84.99275836485603
55.35517301248785,86.19834511225794,79.20373285624163,92.95567586535226
68.86849815486296,87.04375137620589,94.35112369383512,93.11383376655283
62.41417862183191,86.64839158195385,98.16967903704594,84.14020118443466
70.13050594522146,86.97856333090768,92.87179828082027,102.86854955756446
79.64116921772684,82.1555046193236,76.95743076267306,104.2750183181741
77.22538736999296,92.10989840627438,85.22652499946109,108.54404233569791
77.70542485306515,86.61638451830834,98.74693368574535,98.01001514951253
79.59942774579658,84.32808065911901,95.74666072254273,102.61249228346759
83.70037454887071,87.03934436440535,75.44366015944601,104.21347002030217
75.25734090723873,107.06580403687968,108.41838672150836,119.55476438619958
90.27636162336393,78.43462533946001,101.1005555455061,85.02621473406165
91.25352424897973,97.7643373644346,95.02727126224019,101.73814982650009
90.38856917414674,81.81249731308074,111.14214057577632,111.16393759874994
93.13247381057789,95.87617649549016,99.38356003232491,104.18115518976225
92.42956822189065,94.77631562649891,100.92482985920974,112.55299523418556
107.71296353558812,83.06418502336778,110.92326688798633,115.35987567198201
92.09590206625201,104.34065210674875,123.91235500582356,112.83825441015202
91.67239860297258,99.64594752026157,124.23213710973215,120.31637876292037
89.4034848579543,87.3136643513064,115.66061667401223,126.48372849582492
88.43275667300718,112.19748076724478,117.97009931527423,121.17096048764455
87.94128395005303,118.27684024303328,122.02851484406054,120.9706980838922
91.93079864078322,119.96591526196956,106.9927944976086,124.72628794429885
99.54905226705077,112.08746460186707,123.47031753025908,127.35895781626647
103.78313553988927,110.66894639433426,113.61960031437889,114.76133831066151
102.42546172157452,121.91578960697427,123.11257256083121,133.53139075679945
96.70578782695735,125.63732691515176,119.70670539760818,127.26662476892845
110.74507806729073,122.02520586496614,126.37937754570494,141.87504621410972
110.06653670341107,106.08722862761996,124.03265128596492,137.2845454915079
103.37087014075081,115.77227511676696,99.09073381539781,142.5489669066461
99.80663169090813,118.09426826148687,125.5574510597265,125.58646527529542
109.6811110265455,100.38890533219718,129.57521812555703,131.03905480129143
106.94063644199358,118.77690099562592,128.17461048192234,124.25268377211043
93.87292470740138,133.22896309807703,123.81142662809346,128.57767023384767
104.81253597445456,120.05371989622068,137.6493766527421,144.10677906085215
107.22875392557094,126.47726911950778,126.7384465399448,145.7048831693493
97.58987314129293,115.77687940451506,127.34107809532071,124.18075546563065
105.84213438442809,113.22158494456058,131.6472109835383,129.10899877929808
92.10475192763906,116.22471491304931,125.50649977267442,131.42740238161016
113.740606411696,105.89278784695944,114.6035424227575,135.84081300378563
112.23502129129477,103.83680367756416,101.33588962982222,116.0596905963872
99.32956761094064,120.69375240502515,115.95995839383141,116.16653462005442
103.25981192558805,120.45384116788722,124.68559183408357,131.63796198009345
79.9863549249086,100.36103745854585,114.48927466383925,110.74589409577537
88.84711703944393,114.75987951450357,122.34330681283254,121.2774913419738
94.5065546438297,104.96626856429374,115.65693614059924,124.56900756580296
86.9739433403743,106.9559313360571,123.2284465305756,124.93570095628755
99.90478643463496,106.4340559230329,108.9532653845498,118.74394651112713
108.76039541647891,109.17155629462543,113.39240054130829,115.16015755552246
81.92501915302964,100.30313133322994,111.99191504446767,123.004850215777
83.16756084760682,109.31831568636645,118.21958634866307,116.65817042220218
90.26364400743783,98.8899104209431,90.7960598940948,107.30757601106265
99.77531989038309,99.7786276732684,99.01665008821288,110.88446224922207
75.61732590030256,86.4935215229258,107.71105295293378,111.75157814567729
85.9120694898241,108.81812355258621,111.54509426075569,120.55289130971653
97.03689859319891,93.72206242566959,99.38099039450233,111.24796289303416
67.83188931192888,94.11775667261136,93.43995872696621,112.8658616624572
69.41869823649934,74.04424284623421,100.20915372998263,96.5098250548506
74.95020376740368,78.87917285437489,99.53214286077846,95.51079062880228
72.9048534309979,93.9789539402675,88.20491471065567,96.20549190056667
82.36719614330268,85.05845895500288,92.3027326734709,95.40863717033373
76.66980770255297,66.22052206026271,97.76920803309771,87.05502026628669
59.48661500599252,88.69138650437552,102.20749460807599,103.91004726371034
76.8446022619333,74.98208560742566,91.8842167196504,99.62121915135903
67.22605600400246,89.66839090830206,85.2624541130538,88.9954079677577
81.26103602521523,76.82326906900894,83.55384929768847,95.58063210625579
65.36105200191052,78.41774689915248,87.63760698611958,91.35996895018366
64.70461958406138,85.5744095547833,81.56262126338535,94.5918589278428
73.64328877897887,68.43558629775465,83.43394822882038,77.46366142048558
75.03576191985202,67.25615287677196,73.00249450148345,86.56679331043793
72.2362995170779,73.3205631156387,91.51005392398812,86.9103340020478
54.98565119641606,81.3123966538729,71.79812096112228,92.13332009661352
72.69125386880823,63.956958360236314,77.36408032928215,82.01047163521122
60.12368163011641,61.27188252108171,81.61491868369187,67.05274008090106
70.38230712567564,81.31714730686257,96.88255658716403,78.52834546413425
57.298328676290566,70.10875985526367,77.79550467329771,86.93296686274573
72.52765468399447,72.08809462789223,76.16660144717586,88.27462699049023
62.84783203023874,60.74619670960345,77.49420124688149,101.6707782269788
59.451013317021996,70.61771877875452,95.65819340892507,93.38645036776356
75.8946917127174,76.50396775879611,60.44610569478426,89.97749938767146
72.64201653454077,84.57996143675778,75.54311269323384,89.73396479081893
66.36611515309191,71.58790001292482,106.08786279464518,99.55083195729313
83.49202335224174,91.67638266375806,89.67921143165601,86.76605236828826
68.98856356856932,73.62949683324588,76.85022751752754,91.16799889587355
73.4190523769081,74.34856484383566,86.1290636704953,84.40145083816348
75.96965068382934,92.82796198143755,87.77949655865262,105.30186688352676
69.51535517688178,82.93460774608666,94.78217237168477,97.92340577771745
78.88474179061804,77.52814919709132,103.48905863752975,89.94155183268302
71.47015251517143,81.38195817872533,92.61668861408464,95.47788701698529
73.03661830589512,94.09337940247262,85.88955025654381,101.22412868480909
87.78357646023369,95.60137020261305,97.15773548619386,95.84462095143067
69.0624553916477,77.88799326956214,85.87151202079832,94.21696351397742
58.533241769049226,84.57196706462365,83.72069070611566,93.82915431492464
91.10705193272611,86.05167931875619,78.36202244654865,102.26385734091377
98.92661348918577,77.78134079040878,80.28950632475014,97.08537105327966
75.5238594181281,85.48107980613396,85.9155456639509,96.61759172045427
63.42080470904866,86.13222910253377,83.84146526222321,89.74942654829695
76.4911943223338,95.27629342993173,95.84006128397206,101.13484514372817
76.65024606020324,95.77579621804807,83.69754771759605,99.01934114648294
77.287149795244,83.33709629322473,67.98567202057357,97.72604660431055
69.66446584714224,84.002815048223,84.50601601898622,101.59034565220415
82.86943737575248,90.65937285565309,88.68224346070399,105.55322494762987
81.98544192236331,80.17963741230167,87.0893111843852,104.61719294652781
65.28522937287804,88.97145684818922,103.44039437162095,102.72788624720309
82.18029412230386,82.84589748513147,85.60323802511242,95.5486453856803
92.25099449938321,74.96791826225405,96.6640868301035,91.9743046773269
76.3468211322001,74.13200281263953,88.45039376120285,87.06648747104332
71.31614222350434,92.3198261355787,87.13353180922658,89.45533060318023
71.8283030148557,78.34607769061638,79.54752800662537,93.02089187214914
76.74676377332077,91.47706144671989,84.41348654084837,85.12297783823577
56.7561081651871,72.91070737891147,77.31734490483731,90.6248874883421
70.61609864756937,77.93070308950753,83.26134445119678,80.47758497056994
64.80648975378809,93.24708798359018,78.39114998840844,73.16868478729546
81.2794116354465,64.08288225920082,71.03011743568317,91.18755455284325
63.61563627665367,55.73641288853996,84.76399434598778,78.94343360610112
76.81864011406569,79.53876384132646,78.43127019711903,74.09078069707556
53.07560089712054,60.9188287707208,69.57657487521618,70.03807475246344
65.00656525519493,65.62543118253842,72.43761664628646,80.14055024246287
61.249433569186124,59.342724998776006,68.69532973390537,85.70101082119722
50.120368137671626,64.40647983374059,60.50888155350004,69.41344962906525
56.873330452857346,52.89115929061787,66.10070619261509,68.85351677548712
63.54879704741608,57.304457136311676,58.671215287533975,77.1076955317204
49.6759966229317,60.61633743851537,54.20982870994089,52.03721832887379
37.18152107597192,47.26140774907503,46.95639676707602,80.28414112244866
49.07062738153342,48.084196846490705,55.28974934565358,82.1851496828784
40.53819572677324,49.32011604224448,60.97654221362191,39.13167492751086
43.62701588042051,39.15028749680604,49.23860372447007,58.23092030105158
44.39165482584783,45.758810664877814,73.39990960847052,51.57760536018924
30.156440000246313,48.73399893199098,58.85108072638694,53.62939021432453
29.720047208797332,43.32576911096104,60.833648425258,50.92877352735249
45.438898678034505,43.191566958906535,55.50473790748043,59.41708150725526
36.4374103638425,44.15259746896544,62.82738153874488,50.79655338651055
19.24336162515581,38.13003378387278,40.694630739161894,43.318054016953525
45.29241790206135,48.08886300969459,25.6211602710539,48.27627493952517
40.55917727569578,53.35715507132533,41.78943604549732,52.96582564742892
32.153137629677516,37.591287286403016,49.214273230344126,38.72094820583879
26.933056518793926,44.75543844155968,45.492142746200024,34.51629184293453
43.87875503018998,38.65647205798676,46.15830763099487,63.27758659172383
39.83320359502443,43.329424521625484,54.339932929452885,42.00036661720287
56.06641007823167,52.895972776999585,46.79034183368801,45.99920205324629
40.45405009521553,44.5338668591441,50.22794314531075,44.026325687561275
40.39865053001358,26.500347762159794,36.56180081053493,51.853643050733915
36.280526747165936,44.667547074885995,35.69206434485789,62.0571650785904
44.57958289358447,51.36695644390278,57.875628423079164,53.0608583141701
43.58123215165917,40.315103958204936,46.40240837588211,36.955597690901456
49.22974940379032,50.74611408741768,41.36028847411219,38.83822082881928
35.77473824694581,38.05579013919617,42.23695139240243,47.64778201053169
37.27848291923195,32.5830423995858,42.97998367563825,49.732716025458515
37.824846538384065,46.574085138675564,43.56012190198225,39.243244996310715
48.951428871898244,32.4482027094473,40.10983542754002,60.804746582716305
55.64218764238568,45.70567784595507,39.589136560431726,46.87058914423595
41.0684840002471,59.10114676891839,51.31357436883188,68.88722260938614
42.469537495925785,34.759417464870324,49.463907140847425,72.94216827362644
49.54376985828192,41.07073697885994,64.43954490856507,57.87180164280888
46.25360855347632,44.34705173352142,59.33153206218386,64.88230910062852
57.03991778785456,53.4099740998419,60.532118832947575,53.04704403044423
32.61839265439418,52.309841328662934,53.89357698788305,69.43091549463762
45.22358319265305,67.74278949137403,60.29394598138263,61.98910878996459
46.76829351435109,65.4831039265983,65.5570192307383,58.79182093680201
35.63148465835857,63.083273849400854,69.77741372195781,66.65992542163688
47.619061792067214,61.52304543877034,64.63670188887393,66.69168601077956
49.09908076390941,64.69528878752607,75.31156168721174,69.20641710955866
55.85362032184603,55.79045849348937,67.97409158525961,80.73147611452664
67.35044048290969,70.61773375531936,75.41616545224677,68.10426534025835
57.40535315383116,55.866378725151975,66.24080948798118,89.43670555155418
51.966704436161216,72.37015871303288,56.66036439275048,66.03452282618137
60.52728047746769,76.01595835205165,74.21759176717428,90.53806357637995
70.0631537215297,68.9630238167035,78.68504175517171,70.35670652474506
54.461690723236586,66.52050780338328,78.19384195246289,79.24380846063268
55.49353064754455,71.68771168711318,77.56982841385496,75.97786891625094
67.66173408839809,46.04604476378115,71.89434530732883,77.6780609730481
61.740853141261454,71.70512982109227,68.60701606774455,87.2457659762544
68.9164337539598,68.623956629955,79.73884714941315,93.11786775928286
63.75432992394987,69.26425246824834,78.88662981668249,90.80502124113345
69.50810607564668,75.35567489328824,71.02483996253046,78.08179992972177
55.55150346312257,69.03689776433423,84.31336341179284,82.71493243889715
63.58138405765494,60.34532107111191,68.19296646830047,74.78818225569448
61.750483854861905,68.07169205496115,70.30163584303287,72.80432982456065
53.383053890284856,69.38791436332068,87.67616139696358,71.15164165995708
50.1977745057024,69.32557829845018,81.05527142482356,76.3065383842294
67.71398886721965,69.18044212194131,70.67810333517099,81.1961134290571
58.876188303194795,75.60637857128147,75.19809074007586,63.21214263590984
52.901852479431746,57.94455419311997,73.42390445836662,77.36747276631256
59.65506529962584,67.32323651660518,49.4458580197412,89.0321060082303
68.74931154186996,75.47415833411924,63.33248921148403,84.98912942196186
40.74477081552677,50.47657011014116,69.30947765590103,70.39756648769851
46.25688051384845,64.96079893686777,65.96436913570517,62.93591313146962
50.06926467461403,57.99226966760786,69.87505967565158,76.79982308234285
68.3566626022804,58.85311510805272,76.00622320274071,53.58250521281715
58.14490520695609,53.726131985486504,63.472688401570615,80.00659027346362
61.25147229866603,58.76679541073414,56.672229528716244,68.43503499599471
45.24173511185131,74.03516033162742,66.84602163565155,83.83970388353342
44.687691433093754,48.40526085813644,60.7844423913079,54.45843048753477
56.5476253940055,48.423246154959,61.34662868278021,74.75531700558389
52.8016716870826,46.67777111825454,59.5168285663015,65.80471826497609
56.153668719073444,70.28890065829074,79.1100529624593,63.23274250770027
49.75686540864734,52.2193550860933,42.652278036468665,54.279003796943705
53.05183478480055,55.24218021521519,56.96122919776846,69.45449140135642
51.74128980030633,51.84283151231241,59.624340756072044,69.65170995957091
56.43593259683111,47.22330077366804,53.09443417937161,78.18948685010203
56.50104682779616,52.7133190877104,66.34267460603765,71.75801374028161
37.01612045099876,74.18423583440112,65.56753900064147,58.8535055216142
32.03041676834397,65.69136577987129,58.71899466517536,55.61636414515
58.16296165498492,47.88449579268677,57.10160815352747,52.87806658935001
59.900963432273755,60.1614975730516,58.666992137084776,75.93018363843356
42.59596988770346,48.723404048280074,59.151925186229526,58.37945632699
36.3566970568885,41.68220104477954,59.92391977683898,77.05050479991131
52.614828560139465,64.68977824176999,59.74083899668962,70.15654904409163
59.968374746955845,66.5771088853138,64.09065780491832,69.48498351694465
67.71180052349871,66.54773911095505,69.05329437974243,65.42092811918477
58.37847678367267,55.42081932281912,54.26930524550173,74.328414840023
52.29564247430342,58.95965890651755,56.913042316212696,70.21907613892793
49.24554784727085,67.51513477830109,52.65528364225425,68.8161390754583
57.69825609708908,65.97558185921088,75.01176055998897,78.88558744701595
56.51754629437259,61.118169966483265,71.6254618937883,73.82670448590052
52.178508795023575,52.82820948362281,75.30465617574428,70.35756982208552
78.15158759591733,68.28722961387543,61.554927825559844,83.40421360788108
77.57259941255856,77.6770795095051,89.07833757829198,80.04061754985705
73.9681355831548,61.19719854013916,71.80525632495058,86.48550242187692
59.151300084452046,77.67527861732607,79.95795031780149,81.02852529107113
75.03714288931283,77.04904806463456,87.43151799762242,77.12319648337822
75.02373711419261,82.26306883845074,74.72120158060616,102.85278822147163
75.17774281489139,85.12567071185275,80.29176073884108,103.54773578589274
83.37614505251351,74.49390306404804,88.15380127954543,100.4615088561217
80.2038066680117,69.01432937154023,111.63895622431576,92.50585318534225
82.77329150626491,79.57167392089724,93.23548057970649,95.41059136213173
83.66091100243642,92.82101206980742,105.70121552876971,111.05127868502831
82.97457879151771,83.20751152906591,104.48422314858213,99.30349291627999
67.62223304217534,83.78342295083576,99.7244972954611,99.16461617453466
84.15373906167773,76.50349229266828,90.75025344069208,121.23122160450126
80.57052099565313,106.77033316343966,108.95627767416403,107.82592339529317
76.24956807985308,100.9565772124642,90.22855768796582,124.22341538934944
101.33585577785848,102.02970183941837,116.66674614440534,100.66182103523695
103.0235209230701,105.04168476258249,107.00824760645496,117.66200767534716
101.28583221384875,103.24501315942051,85.64883674427733,131.6385647719851
93.5783234696126,97.90349585103536,105.45558848992283,116.73915376515441
103.36472019476764,99.66412632390936,114.62034165401107,115.69124307822577
93.57310911548772,98.55404908763369,108.5762533537501,109.62830933097845
95.90602319414594,123.93281146691679,117.14617237217843,128.6561107723449
86.22982583172544,108.05922002721879,105.44605741652683,114.71955307850163
98.73234387181338,100.53295658099506,102.48244780548956,120.85878498865439
96.50195261793202,108.47182712846117,112.90527745534435,112.32981018597854
85.94340932672871,97.03809548777248,114.1379927381609,135.10104476983963
96.1846983745836,117.41162676956804,111.36979596409351,132.1772510101354
96.07145181740954,100.21248904619453,124.11112447017682,122.83187078772187
111.09251408175315,109.51271045944813,107.49437024722832,113.85484001351772
103.75941210999535,113.91586338182299,116.67570406452654,135.23997246179863
96.48594800645259,108.23565871042635,114.46439598916093,119.75630826654029
98.07321177627476,105.57348353222922,101.09880628038945,113.44570547074397
96.03059797225951,104.4612155305855,102.52045728670073,107.67365456057993
93.55934395251326,103.38409576767874,112.58388138466263,115.97384091142135
85.94773409320989,98.59421391292491,127.65805196586938,108.7719971481629
92.74953316216762,98.90371239786754,115.67536998421775,114.60027644984677
87.27435080241273,113.55650864989784,96.39135586459084,124.62835314038716
82.4687461208708,100.00945650097982,84.40032417171146,114.6875065110694
95.74106512999548,93.69685596888168,114.17959037830755,119.49264420151086
93.92256988672645,94.91593116030128,106.53046339970054,109.76735331480106
75.61058704806378,106.8803259608597,115.38060164763836,114.94493979874274
88.01484347270059,102.49174823549212,98.13172640199944,128.63525094189384
96.04400488586064,100.56815393348852,106.89434719946789,109.31188530135371
95.63397047362497,93.023663749581,109.7768738234872,114.00657439862651
94.45800065103154,98.6792334791468,98.35365242192498,97.25017151764294
85.67253106566586,87.9728478117994,97.47276365050644,120.80240859264029
77.73878324317123,90.10397414951501,100.0647295824251,103.72671443543584
75.00435748042948,99.0391065529092,103.22880398073914,114.8983849619898
85.65095174715479,97.42416235042737,97.85109729290247,104.51615537284943
85.20188827421059,81.78215541343644,104.89919106487233,109.46964146471646
91.80067374262178,82.06708821285642,92.62509330833254,109.09794922650053
89.70394930631817,89.12864860823255,84.98678902416417,99.34934723391109
79.3222907270709,101.49646261116001,110.81049019319303,111.03722236886607
69.98190075655421,71.87789445236568,89.63221385645453,95.66427281752578
77.02228500423664,89.03590473146275,89.49580797973164,107.50092184426885
81.0406848764738,75.5038373306762,93.19510607995569,97.80923896047271
77.50508971567672,81.23999461047778,94.04497831580416,103.49687990751897
74.4110049249517,83.30365388047476,90.31053552049814,96.89298407698604
81.0645036123395,82.86294244441066,93.2731221156392,100.99798518820953
75.1123917761746,82.06860016359124,93.21578380284492,92.13124601414158
74.31711931654293,86.6121815590247,95.165956781848,102.96073513285971
82.12454617341125,82.5902356476649,75.25173719053679,101.70449622383781
76.79977678236088,75.5902144739608,109.61104013825631,97.51695737901325
82.4398413682443,94.04296372536493,93.94270088567147,101.9977842315908
83.22856288076565,94.43344718949868,100.4229899622425,104.21758397036886
72.56339549468652,95.84956993845675,85.50471268085948,99.02401494186708
78.53933905054036,77.5533255296659,93.60113286809943,103.82899981057096
94.67031875764393,93.12018511701382,92.91104962380568,97.80589768523801
74.71187843577503,97.05348306934556,111.04058002419939,125.68579190505994
67.96983486320187,84.3719148579009,95.65348350118198,116.531402587986
70.94902703324446,93.72115499547655,107.5163896563752,111.44048335674185
87.05507984455959,93.78499440691297,97.40469124545999,119.87788558410877
88.07676246104683,110.55112261776635,100.17745894442372,95.94888376062008
87.91535033334586,112.33004521618804,103.04751534182257,92.62831850409664
99.60667076159505,84.75040572263153,116.50812262301362,111.21513785348607
69.54782166569281,119.14832200638718,92.34449351836923,104.70121047184026
95.12596677308235,92.99655326092153,98.15291384046499,115.14524133958616
105.45885434894504,109.26431224681917,94.29206172436453,119.96733333232558
84.9250693569501,110.25196436627402,102.3286286045529,126.93262659264975
91.85034352001313,95.54952794635531,105.64850349831039,111.66144618040303
89.7592737897841,108.43604321719978,100.28154257263779,125.1019298335154
89.46430646227304,104.5423571341187,108.31299737268378,123.08484914817294
94.77999039810338,110.67837069700934,98.97965903414541,126.73109358273993
109.50706785849647,108.84958087979457,107.77730954233725,120.68006059817904
113.40172463690641,117.24631359169607,126.25192738374352,136.68661177908672
96.54175100195363,108.85330340219558,120.49965387402816,125.4637223790938
114.90105234174362,107.37762994920172,119.28041575737677,141.03418404341107
100.27534292781208,117.8493114411139,110.14863559114491,120.93782127664142
114.24420438363714,113.96826899526356,106.14684671040317,133.48857020877162
99.58173738463913,115.3033725166039,109.45635553793228,127.21299507789205
101.37609345251369,104.13163117917982,118.22333965518452,125.06777265012259
103.1343910297206,100.95854711089723,125.37611771340545,132.59928031283957
125.40613636123625,104.52219404630127,125.37157479543234,124.84791189085998
106.43123426735428,103.71082855302362,122.77874850820736,105.49457688095443
93.48949615275056,114.45062584998217,111.27399609661187,101.68492533215753
106.30827314136046,115.32382532506544,116.67201432550434,135.61465569210426
94.95421758159618,105.50318809639998,113.06884270674948,134.37700314447326
93.11015486228695,117.29624996022751,113.06012118581076,138.5891083479524
103.36658216929288,115.78168746665486,129.86711651859014,122.16602838303204
95.31089002534408,105.65141532012233,98.25024075863229,110.64718290442123
96.15535005350549,95.89040335937682,109.12691779865312,116.18645637913332
92.80930978315196,113.72748011355301,119.245497085477,118.0699408606373
94.07368294944757,99.20024439534086,96.26861651026381,108.24680794321526
93.38465514800541,99.17469753710186,101.1958445606619,127.71486974372068
73.02143765102265,93.84734864532852,100.37889660715503,130.57424336236113
92.31888529196121,87.7758271457151,101.01567779266851,114.53608698794953
77.54518285518148,81.4159807907401,88.16119697585123,108.60570229855394
72.2332955646206,96.45024329656292,103.76519324981766,96.2587769983266
81.6397975529549,83.30415975481725,102.36594712826121,116.87140071957033
81.08935654271474,112.20444094055544,99.10587630110616,102.96001078013671
73.16503757877851,77.18023340676208,86.06156784563842,97.86697722498734
83.65229286486316,73.94534529489744,91.69685851227578,101.85453198660275
64.5631740717151,86.2271919823792,81.79606719570828,91.15140373513681
70.35727895099913,92.53941213120703,84.3362063715856,94.86405640102132
67.2717704756405,79.00845931565978,102.26046398249053,80.03396426336774
69.95140129093674,81.29513876548161,83.8758623750854,98.2000968186668
70.97314862317263,60.24314903777911,71.74060980100546,86.65482811127153
59.15102475346261,67.90445492586692,80.87760895766245,94.81571205837332
71.54269362415788,63.13663657181735,66.88832519682123,82.07073338300458
64.85703831370567,55.04292705535667,66.46148520273127,80.81424516049118
47.89975254528618,69.7016483141345,66.16730522451503,70.52823475593166
46.13334383151898,49.477824868602234,69.4843407107107,84.7352425992118
60.56074469267985,55.5962130379706,79.18401446193965,70.19602459559717
57.844517052027605,60.73400120533096,75.07803310469286,71.97876449808419
57.838045909276815,57.34833893189017,73.5158070471023,74.67344071140889
57.598520420298456,66.2502280967913,59.54414356100498,74.56191356183875
58.89041967990402,64.72021349575355,63.134688113759665,59.006058432213926
64.03916999808926,68.74090609763225,68.89906799605981,70.0091552279359
47.050626048745684,67.04394105015905,61.08371723772179,77.55752480235027
46.154732895322226,69.70523573874041,63.40002968676136,67.6484847182997
46.483693107279976,60.2358716767047,68.80302332341482,68.49523465586675
57.34843404142089,62.4682087018838,62.25366483701923,71.34646748465066
64.90796271781704,64.03580091205768,66.74747561757903,68.92662305244552
51.509996511261534,61.0903939615038,77.6953963957301,61.70587309367069
35.05624812185987,56.898642111722076,63.70767591508424,69.79812703356654
41.63882623239727,57.63584423431487,74.75470236253942,78.2972006205857
48.89342959062721,54.067958311173335,70.13408816108966,62.300422169311844
51.46243687892916,64.38122697988688,54.35438075443146,68.1804859481564
53.09622186529159,60.735148661859924,57.79411299164474,60.682097805484084
57.1759194847782,56.731632359557736,60.53800716381367,79.90758169601659
54.93397070164317,57.35070473437354,61.030705894255526,72.35124151576228
66.43148068928018,53.6296434194827,67.86658470970258,67.06337504652227
53.27665899377084,71.8505097545032,74.27191299464397,75.42786699651862
52.464273613936086,65.3883783996075,80.19732413060375,65.92387483141512
63.89239678115055,58.619118904854055,73.44704635969423,68.17380798666366
48.48582990583899,72.76398177708664,68.25479664686736,65.66379817150133
64.59947203716149,62.58761504302845,56.00254269912639,69.71550587448814
63.00517013993632,56.58589826040345,74.05577848621512,90.00292116124997
61.69040035335517,76.75516770215361,74.50700005366053,74.15134096953989
76.23448789178282,65.00680121211334,76.54230525100743,84.58397429796112
59.173132681020775,66.7114897256517,92.66449503289218,74.95605149556165
81.21125028389174,70.94274734791975,86.4225218200981,88.45846168208647
63.4508575435544,80.32723284128004,83.39921632653893,74.84228289466846
55.50330221939051,71.85422608600577,69.97180469842542,83.9567391410152
66.6764667984416,62.53481951863779,74.03444491154232,84.57185976138449
57.83087130576071,76.83192466014565,77.76222749075752,103.18350275653563
60.67072901772771,68.8671103516179,72.60602349910482,89.91493514050495
70.02010815266932,88.02394641137614,83.0009837256164,80.33074829769632
71.35836360139265,72.98781337913505,81.93510621177032,90.64329139017532
61.9135165359067,55.0915612582006,70.34637000040155,102.23921521216992
74.6718652094388,75.70178237622824,88.48763482166707,71.94625097493896
75.81726073984292,88.16463543881693,79.47699019626724,77.9693056103078
77.73407226504447,84.87317126749565,64.4553905317889,82.41492997941495
70.06727757487778,86.46432920227655,77.39067659981626,80.44943822379241
76.23042571564937,63.10336871945426,79.44955603343138,80.47630498295129
49.67209676415556,77.89920191830299,84.2678202045154,71.93512175082428
61.477806243305224,64.06519855374223,72.96143988592598,92.71299577864201
56.298155855354935,70.77707654727251,81.35483093750952,69.09901945611367
63.316014895104054,57.847880213083876,75.19792717408028,77.76838043985536
56.83859442797265,61.83728644262543,62.055240069527116,86.52506605605393
59.05472739733659,60.46347020247412,60.041563241971524,76.6108722211134
74.34756998313857,71.86862872278404,79.05068098297482,67.6250642266948
56.77818174308535,69.82677855275547,78.27398447140223,63.20179125830627
60.23943972071958,64.31903185268061,69.86312069610798,70.61522611948413
53.81983369702329,49.936252295284746,77.7669127124787,64.8066577195454
54.99710491394014,56.84295573962275,72.7336226044884,70.86726514671442
53.12665363897806,51.934908349719464,68.19819006687081,56.34287106701137
55.33544998019788,63.410705092551495,53.86724871570916,72.36646810726248
59.73461353762002,64.42055509880214,73.42942930754548,65.08531850762449
62.25746127266126,61.991058461157564,62.29204971165256,63.98199388988208
50.23426567425989,46.05712284719462,53.353741189182045,72.31063879553939
51.17549096046616,28.766406882245644,49.56006780649921,55.6274198503468
35.986715401224195,35.166448241914544,55.46492563131208,51.712633773581686
43.26756054005454,59.340915256708044,38.59675170601359,51.580440310617114
50.32173644582661,43.480237641904566,56.17851978899132,52.93177745968762
48.61707048435835,39.47346273790214,41.640631473472745,52.331417139696256
42.3419055206608,57.48567615654485,51.004624830403856,45.08954421774996
46.7779705293258,53.415991039668995,42.7296413998773,34.32581469745831
42.736567787106864,42.53424517371064,43.75152697975074,44.9076659577121
47.62945875245828,39.13678474754316,38.88573128360568,51.27661638569256
39.65788828515574,39.68102487513011,42.84281867632496,48.617540123935576
33.91862284898426,41.923712612793416,58.56364744597366,56.38724768858258
38.98231416264285,52.39556091293359,53.975258233963906,61.838272124483154
12.49657140817321,42.58845911934736,45.31194467586732,51.81817651802555
38.76786938961866,44.758905171809424,41.994208191934696,56.502616864678146
6.40113206736174,48.17790778428502,48.81266867991036,51.42856573511588
21.806163283738112,29.47226894778442,51.10524652183854,58.98048382939547
39.33592831912768,45.00810915244668,35.57810145604863,60.270912089093535
39.79217629587585,36.885568069334184,41.892783674455046,53.39179249062967
27.043799508565343,19.518398160746735,28.375423867628292,51.906060852813695
31.136802227380453,23.15677300492656,52.5154570013013,45.237293522116296
48.40452826330322,32.698914039912516,60.767703571340675,47.32046583969439
34.28696741495309,45.8780132478692,45.73790736770728,45.86356667151454
56.92941009759272,43.44063026639748,29.07433888975723,54.58861892144807
39.899972084962116,45.018931014175735,52.04378793578421,45.03854595069072
44.20521303658738,60.27037363044327,41.15201458716956,50.5777803855354
54.99098789569811,35.72654785316796,44.39574130306798,34.68444981929447
44.301279241391526,46.965692052178404,56.129866577780234,68.8340711914363
36.50532255665948,51.00720171216787,54.655793661230575,54.90320712390969
44.98263456554075,44.139401444887945,50.293848372585366,62.01249427208635
46.968293801536284,51.77553725999846,50.64782184679952,71.80270407358196
37.774921868064666,40.31988360260945,58.55278990665789,64.37507215402769
48.12313032076225,66.00992634709714,56.01584190620605,75.40720566046052
45.736525949422024,50.91878834492183,52.195449760105014,55.833086395481914
60.590493666316796,74.28279943693784,60.20705917677541,86.8825438552764
55.00128072648983,59.43953529921431,67.39101503414159,78.3460997935564
53.98787616819452,69.58832906287537,65.05273118343166,73.26483723618868
56.91376918783645,62.58800392023484,56.95756032552559,84.91746601186165
61.038520435834464,64.39427947491772,77.9394329484231,66.06452273392065
65.64619242227303,61.558687688501905,49.839674388254465,74.96049038316835
54.130751564313144,68.72948168256826,69.85360986138039,90.62657512679675
55.16239355935085,71.8113655047535,70.07806964212988,65.87545716052159
73.64077484675086,64.42048588162105,77.77119780532567,86.96064181143667
62.746774982975275,71.04924826651705,82.54703168860102,88.31528013772339
55.8796417072219,68.44398556026698,88.44929299553915,101.29937910475516
71.85413852347806,92.91037093700587,75.0232409249438,74.26825808565714
73.01449790599327,74.89037870368718,86.60156896689632,101.08664412972988
57.9754276127314,88.9667477635198,84.55517853216129,84.89660636308066
72.87619237898687,75.93357261384179,70.26444886386278,86.83890079105902
77.64648205512162,80.35992002212795,100.01374250747563,81.55718694247847
75.37825289820313,68.39253610089571,74.03353504564109,83.42120715333209
77.95868060606077,75.95377788611484,89.51386668462362,96.01359717086544
62.08601809106919,81.66991832172691,89.77079058861267,84.41792579639758
76.28375626305805,93.01759612741184,89.22879019500992,99.64010106224505
71.4288021831378,82.33923704930258,83.32037433959059,88.68687559011647
70.10284440995744,91.7590345401854,94.03139883065221,84.43321314562579
80.94897622963465,85.83623072265264,74.95332453623695,89.93965764365501
85.74576822715699,93.65001668855001,86.82340949451051,96.76293116902173
88.1057650271781,79.98308545105981,82.6490443762056,91.64583429230214
84.0259701619252,99.31178952871765,81.45412496059224,93.82869009741614
72.30980085566283,75.95792962254626,89.92450648264254,98.7176088148578
75.61972550152625,73.28426626894466,94.65378602949399,101.31132604588261
78.48022446311457,69.24209519031386,82.7533483921167,89.5955085170817
72.80793826783467,97.01748610712528,91.14551151528866,83.0770607324949
72.3309825676429,84.32089228750743,84.64367967233471,91.33495282237175
77.28342086585397,74.44710229024246,76.40488282982126,93.73860953899832
69.5988563777214,86.43558253418308,80.75006762653287,77.49816533795205
63.59901579350468,81.2469679731175,79.66166257352359,81.2448025314771
65.46764468357986,90.76548800038663,75.71622794845348,81.78905109990868
73.20430102927442,61.944266073431045,83.94870289254287,85.05217268147905
67.51558373417791,71.50435993848043,81.64001370704875,79.81017637681259
69.59045842084782,69.24758740762228,66.30154076627326,90.76204402646755
71.63441722162013,56.50921126218858,65.11135410099732,71.50738584069961
62.71703210271886,80.1725417901282,81.06156012352756,71.000495266317
71.25351066118266,68.96794611954864,70.53642034945052,80.3151945015464
67.77623140175247,76.54849390253102,78.93372719199434,80.9981292066261
54.471122717832806,89.0777690162274,82.2970122949299,70.26237481565745
75.561819009216,67.01773847962573,65.49637264952267,76.63031194210718
59.767650008833556,66.201984821167,64.07651136935011,77.95805959014224
50.365757627573956,70.33824467385243,88.56679571822787,77.80736962589339
55.167279016616924,77.20084648929347,77.8906729012447,82.06839747597822
55.373333960097355,64.78450879263582,71.74080549132394,75.57861741891469
64.07007855957411,64.39160759783078,67.75438511829171,92.835207504102
61.672961219998164,78.12707626851427,71.39183215754038,85.18679290888248
61.482551315724585,73.04061319817627,66.32121146918817,75.22317354358675
69.55204948183665,54.108828904663426,83.40617365215188,82.9671894570929
67.83497474808374,61.232471268111254,70.74123024033555,83.866995823353
68.26983410435612,83.72783360792877,86.44271896115048,93.38870960951185
69.7482329261392,75.72772292009557,75.34995668526041,79.79462000004511
72.22735716331344,67.31873780911532,71.18752922659256,91.79106571541345
51.36082092544961,73.06339291630468,77.2184799845895,87.16595100947511
66.3287255400092,75.64505508218598,60.840757621409,100.06155411465818
52.91125333655235,82.63452199402475,82.17822775770667,99.86722925152927
71.83355233242968,67.18306329718129,83.19231446501465,92.63319996880102
72.77736236475975,72.70632631887763,92.6513546863118,90.57464503148636
82.5183372512311,83.07900500572202,72.54619945684911,98.43076607205305
85.05755533170907,81.6265744723347,98.58895292956487,94.71919275199734
78.63570166499015,88.58960212906229,97.58075041694724,111.45964029379006
74.51361358172694,75.81830685847102,102.80857838338275,100.5578543356552
83.93768912876232,90.19128420478484,94.19033835279902,98.6448228669473
77.40040185819416,97.77675218060742,104.57559816720865,100.20784307459417
83.19764311711579,94.66776764482618,86.567701927346,96.1978044639809
92.69065366119455,93.623690055011,105.92440966996438,112.38173518448455
81.92981251154899,93.47873112070609,95.93031450620379,103.39334364365682
94.41532445702934,89.28834933392544,90.75320710972208,120.74687099961567
94.94438939505645,97.0878422919559,96.8093594721155,103.597655771374
83.40948752226453,109.40254361501901,107.64622063367457,116.89697784909106
100.31915992958004,99.98741584229809,102.75688722061652,126.96470794559524
99.54471508112935,95.3792237050207,114.04771517502505,102.36262170612022
96.13856054787024,100.05091796139217,98.18873545410939,137.4665014671053
90.5215479525256,107.0105866873858,97.17065265268297,119.56880011645654
90.96519709986113,103.74517374815215,126.60682567588078,125.65092973716254
94.67025617413341,111.85139730744069,124.196786331725,130.53539335422224
104.35192275114068,113.2858414075977,109.80064091109544,133.0959723241308
93.30625109753399,117.24050446514102,119.28202845929816,130.6744836982986
105.28621869211662,122.42788018156499,128.44874458534235,137.52504847366978
92.57681238339526,119.79689519253061,124.50279904700588,134.62092866718484
101.4888126542894,105.02211802841654,123.05648452286808,145.3324180854587
104.49156710636177,105.80559904895678,131.21459682386498,136.0514740679982
123.54859399559702,112.83479491754943,117.04868082172058,148.06487867649741
93.22085771696757,110.10628764513616,123.44142563428944,139.87693630879463
116.14541488606734,104.75080257065386,123.20274531219738,118.38765144458554
105.57636963047094,110.33297144869535,121.17328490421757,153.73307819619527
107.55499028719893,109.94820374167085,120.10455538680907,128.10693887790927
104.9821653835752,108.1183621653317,123.53385199300105,144.3730202189388
107.24775153046372,110.58997900338017,122.81791276822278,132.18335825301241
102.00365400724766,122.04557208488535,113.61537458225737,139.87634822354912
114.30204971591355,113.59715698190728,127.75122431877637,125.16263014030591
98.35315900323693,131.0525760524816,112.74019706891094,134.8304103627609
110.30303477745218,111.81332897908615,117.9075012254623,126.83194970959521
95.24226638148929,107.20369563744032,116.28899653292278,140.41028369314716
98.98653797089057,108.54421150716716,120.41857305102931,130.10568519291903
89.89155718448718,109.4707623033399,99.41756382703555,132.80950535216937
101.04205421307047,109.73861105768523,122.23857286977876,106.65339432858494
107.84235202687591,121.64788446665071,108.37112056719609,121.85531139809929
94.49616937881142,96.99927499004663,122.16836496057253,124.3398915753114
92.33739698775894,109.32234945893848,107.16216001351374,121.31389707728701
83.76658885695136,102.77130430254367,109.14432579589447,125.65010715164526
89.60370581662467,87.18181483584576,123.37343482832564,113.4484622780462
77.44362996495208,104.55030012154826,104.36473001650664,115.17245834919889
81.63419559209787,107.1634097437205,115.0184221061177,122.64263891549075
89.51579424742201,88.81695881910666,103.95959490461975,93.3905863633176
97.040489686455,94.27949353452661,105.53689549314882,114.79092923704617
107.7807919362325,79.25946231818907,101.37715649739592,105.90160054201073
79.473872984197,81.74760686590446,106.25237643239507,99.82252330418004
94.55757741681035,99.01170152673457,92.69550074512185,108.42439618430382
83.99093068673403,85.76784341759965,89.0850519036439,114.23531508440489
79.86114203865647,79.57080152336202,90.70271791008902,111.49458019521751
83.63330150584396,89.29664207061444,95.54705542845198,100.95688143351848
79.84655567974674,82.38567197797772,92.01216876414209,107.99839437775115
79.49563094480281,81.99247961769215,98.58783963165723,106.99677154744595
74.6941330773726,90.96275189265663,102.573342593101,98.52386413785497
66.21505866107961,75.14242688067478,83.6659448669486,92.96436496160214
64.58374290034482,76.68370868456876,85.0489259186139,92.83252986804868
81.78718161262867,84.75397362414972,78.99152948103583,104.14438275906366
74.07288409859261,90.97689812883472,106.39973871249265,96.75471526028906
71.34004333718627,92.93301463130311,92.38406589730761,88.49622983143698
76.09540772907222,77.61844738105648,93.68893813302454,83.28319531720138
82.40021309717665,90.45256672501353,79.14467982521265,103.43379443803676
77.5894177829344,76.79577754902571,89.98196564279972,92.53950783480668
71.09290173918669,97.89113793777923,94.2955689680399,99.80480906819349
86.43150766426756,74.51655618108869,88.53022322554165,107.43550037174059
89.6145769118307,94.60720454594582,99.58330022985746,87.50454058805275
81.37195561864768,79.20138646479369,109.98569726776473,98.16772216179797
85.7073794766021,101.1075040592834,84.50849083925219,97.80290132133007
88.41751707261791,90.3471153923916,84.57456405722246,102.92391749352404
88.14004876499945,78.16196329247603,86.45888829749168,110.58505810306227
84.67505259123229,82.835465808385,107.11408139525072,90.8799880682133
85.24911478682839,94.02654608931284,103.43069702105396,106.9649961117562
85.34788533728133,96.99271979602554,94.86830561734362,111.58568206423418
73.15915130007608,88.82102366233421,97.1281214110144,102.79352328383064
88.30046161019828,90.5696404535131,91.19772304671537,104.14819396362795
72.60499748054598,97.1048343515799,105.74472819324178,109.55860672404464
77.84192972002965,92.90754235539212,96.4683699247126,109.92055071897481
95.35523728217115,82.29928847770005,98.28732564946763,112.7473694367452
92.34773630301441,86.90636234992674,106.06465226486958,113.4687578494326
98.18635835806961,96.01241995312175,100.47178927056835,101.96425869763463
84.72784421954795,104.52521128366841,100.82173666634466,118.52370925860757
78.24145413635321,108.33816288409714,103.44576375926675,120.64628603678946
86.02997040630923,102.1854731656683,110.30785092646605,113.42944058226854
89.19172035420027,98.70792969877348,117.61568184856011,100.524628426499
89.3500711311548,102.77395988833408,109.53262605848242,111.99605795255258
98.04430843379662,91.72948185697389,111.5786265025086,114.79598378392474
86.24940788303684,96.01732099036818,103.74793356499438,104.29356154887834
92.02327030939509,90.7236755401624,99.764065181435,110.65507035407515
81.26359777761729,87.28927544862282,110.6177075533558,102.21746395619694
92.63525875351955,99.7949963067286,106.59041449491345,118.17270938247036
88.80930800902486,98.33985875181226,93.54603580073083,114.32602020153976
82.42726061144899,101.96569331359044,101.87862256990674,99.37562035859078
86.06894966943993,100.32044144732733,103.28433284568429,114.75519015954154
85.90026388047107,97.257884918874,99.17612870774553,110.75078096054129
84.51946262320229,99.01370095221941,114.2947163520359,114.45220982663403
100.0489953473078,93.34391567654347,105.33120777877795,106.16735105071375
84.1812550033447,95.99639264011492,111.40309927797287,101.73030318544747
82.00454623625913,85.77889763415767,101.32779268683653,100.68597131992752
66.06351839879642,93.33196674294311,98.5566153073832,101.13134416174785
74.48239519224697,94.40485494565112,88.9861903777613,104.05103314657192
78.23568486512461,82.28648195081377,95.04303075557986,103.43492332802163
73.47546278561171,86.55533045924263,93.42349454497835,98.971693589385
88.56293292832882,79.56674957529943,80.6649560510883,95.26160820241788
74.66953868625451,78.68508194360663,85.4890103838837,93.90209862431429
84.71750944806936,72.17506201757189,85.35277747512397,114.7653779521761
73.27451207743432,89.52351758863941,89.32159772202832,86.46440333987246
71.40890481220268,86.10120734775683,87.73117067504845,86.04123753995964
68.69983718599673,80.01969858039696,77.37969886973814,114.69109857128649
67.71852936596167,89.61919600063051,83.74605423750508,89.51667286894443
79.70539153986569,70.4369778988712,76.49022399258173,72.90292205609184
45.66414949477064,94.31341056682732,52.94062698426444,88.47736075208407
46.484045487985576,66.35766806999789,69.98177908669994,72.26057617811173
56.44598261278508,68.35938237175795,80.47623097532465,84.64330021310222
59.23212817230277,61.30785499771713,56.40980544865392,73.55072645914647
63.00075723887323,65.68397376131277,68.83234632422383,69.63789736505346
59.67764753024484,67.65904663693546,78.73739419514825,84.00980150010709
51.29020392461181,58.3950374675641,58.16366237223732,73.72197420192752
61.05467493121719,71.92538646997707,62.5381226442106,75.11414780813578
59.75720349783776,58.11207457446687,50.44999026435907,69.04471778312528
51.684228998772056,56.94035546917199,72.35902754528985,60.35032825332735
56.69897644994373,46.18007212030736,57.239730466812276,67.25156465121894
50.06096943393885,55.58050967983778,56.958241582739745,70.61165973881619
42.37175136031443,50.05172649670052,66.21867667581837,60.722505988511784
51.53646279464421,45.265640073640796,59.60101489119786,72.89995839450098
46.03961262566217,43.047885802121556,46.359624629610245,64.27352553747514
44.4797806470565,69.88581089953051,47.37612245723492,58.29284823656277
55.6828482902652,45.78223986702074,55.84034646034383,57.88362642800441
23.839538154458467,35.74031501496349,46.35291313914458,56.39346180982357
31.76990510296499,41.444823010402935,34.011864415321256,44.8591168515475
33.396771004838286,46.38018573782656,50.26619610232666,53.87093896277347
39.884923344096904,51.054436469638084,38.72949060376658,56.23077545955325
40.76527488428648,51.13161607461856,63.5146015877272,51.1467702474865
30.864998413594307,52.238665791425326,52.14219626075276,57.33145708971953
35.27017064068672,41.91541016418137,43.755749881438064,55.090467976334224
36.594133912059206,50.157197010100845,45.79742026662955,61.52882083456004
63.565764887651014,40.88938481552688,36.77416820278776,61.18573633167261
58.83564160575767,43.50289907092118,43.70268475204201,57.87394305821755
41.72596903707188,41.771016616960544,61.335998067701766,46.36043335137374
42.78497371947445,40.34049648168168,71.85586375894596,72.48132378099517
37.24105487336986,59.16969793000176,60.68852929299082,57.963564367091486
31.969544349789327,57.03753468665815,55.08635419309441,59.469656295737174
47.149384667509715,60.26906058758276,53.37137409150619,58.458193776122236
40.9921461310978,53.74173579770347,50.22753403335729,58.42447656590299
49.21790419021231,60.64723443838488,75.44696444613693,75.8573660393785
38.03836529653924,41.37151613255461,58.57366103558788,75.79382449439944
45.69933817588903,63.40848251785859,78.13746954512042,69.47622666436641
53.941347344741715,58.96495563893378,73.49181949234848,66.27932859659666
56.631613564068566,63.60080783588104,49.53955383680817,73.30086342057903
57.97422110400661,62.641399593193086,59.24036180146353,70.12512458842653
44.97667573576605,52.6932907008202,60.28651527181766,69.16623724671639
63.24889582389402,49.55540177811838,66.02925906683807,74.50118735017185
50.83665612702838,56.745402706728854,67.16280834763191,69.31954673332777
63.07616926511269,67.80658110282428,92.53109252021287,75.85323077344195
58.64359824423472,69.58841240196344,60.78883150814223,76.37939533229341
48.36647676365866,53.83200006052574,72.00525928819414,80.39494949624081
57.42400483793764,57.55511757798571,75.78630050061814,71.35146894421513
63.374024133272535,60.160784545305006,71.42964983314745,82.61887252798266
65.7690114837118,63.54005599777274,72.81314914215041,70.21442061628777
60.064126383052574,55.858534694205616,63.95938196499303,73.30023168489473
73.68231499439723,55.636041001339464,73.44871594815368,73.949797179038
69.63113699820249,60.59373671635051,76.85697931430683,69.78674142322335
59.566170255034365,67.91119780205356,75.44373571244367,86.54999323138108
67.57347427776952,57.725245042707314,77.32910697209324,70.61257991133941
76.90093888661613,66.0887621076193,83.90065257476607,72.59305785270563
76.87869362311761,75.22640451115643,79.81687948250512,87.92757399625202
51.04319829784113,55.98634102187859,72.50431740593172,72.90268045988857
53.03835126892665,64.29456065073443,62.06757046278742,75.43200635658377
71.82814663834,73.5967407912453,66.04853530032008,68.20223606744668
50.90002117409929,61.417056056144496,68.40308756197022,82.22068003654562
48.12800940144239,59.456102619797186,71.40134847628482,81.49359345797049
54.09147938324248,72.56000189136253,64.69637623299148,79.70560850605013
60.55287121811185,59.94062795984415,60.103566047443095,77.08885731577084
55.52656706747068,70.30404098749122,57.0848313383712,72.30147380497694
50.24845973271586,63.92587079733824,52.32590456823646,66.38149227753689
49.1274226285514,56.734830764736735,62.55444802348683,62.87076486602317
47.86031021237292,62.26553158406162,51.53968441432571,78.4852527765883
45.53970087297234,59.91899018594344,54.13080477484726,73.03306059485038
69.83392934320068,64.43709855892037,57.80799067405453,60.101941505113935
52.96398682995196,50.79567016304442,49.09363219633015,64.69816102274375
56.688687812036264,54.432865308942084,61.64983568056945,60.71949882659054
44.71017360410935,52.55092185304735,63.38508573955365,52.85786952588586
46.19050670338172,57.64572344679476,51.95150034827967,62.102505712259656
41.061882648920815,42.82072771704694,51.77778958443703,56.20191350412018
24.694979080824623,58.21797539700639,58.55511042314145,50.80889218258864
34.078180701410666,52.93309008593817,47.59070412307864,45.56980946020322
29.874928879314467,37.85719394092657,46.163439448044294,43.94759895000979
25.69154398415768,57.32771810323005,61.20540461649187,52.633809061059935
33.536981026174544,64.8907659051739,58.009691606726996,54.173598371858056
53.19685608298927,54.484356099598415,55.154558057221436,47.212225252438486
41.832980026202236,57.439662902724926,57.26425713314201,58.90033098032319
52.20403006874581,46.36972011119499,33.67574834363323,52.776834900506294
44.9633731477341,32.172156132121486,60.083562821876896,57.6566438898237
47.84128266852229,30.607922277351825,52.277456643252954,51.457747212972365
34.39178481219446,47.42134083235777,57.24865926024623,46.647190813328145
45.92425474159978,40.790693656042066,52.417695360636294,54.027218706637804
47.81339562505166,38.48376986697053,50.00847703216304,43.33238067970766
37.73980253295212,45.70127838732878,47.85104914843826,58.219302000684394
47.31687963003822,51.65983502846365,53.56690380112743,47.02715119439716
47.97501743031174,35.77304729322617,48.85071670169721,62.640152490811495
39.76964166587326,44.590138275844836,59.13926464178281,53.50370647450058
36.017368966559765,61.16934701921095,40.48959352735153,65.77237994376918
36.46930038936553,41.51659518864904,49.96287052193416,49.49106709345019
47.682148749186965,58.220021585118126,71.89234574959485,54.38342982993433
50.7537311423464,48.63595629891557,51.88130888200401,64.31358236464733
43.038801890008,58.23435938825924,56.4475403007401,72.20998760845028
50.92017585922863,64.09588528884458,52.86638986702284,77.86968070294463
56.68005643020963,62.78381065344571,64.27811827711594,66.66007857994012
58.54138232857196,65.74148402998327,57.45043869215738,82.91487346061167
67.55432679939288,50.939199920095966,63.67972305784984,67.85995648664944
66.95292188175772,70.80426880757408,73.84383937139454,81.00096399148806
50.369516554169294,56.86556200970869,63.40425848683433,66.76417677224403
73.52658803836039,67.59404142863363,77.2864052001882,79.79892924297758
57.51345701769386,69.44189937322099,79.56842522482962,59.87170719659881
71.83881382558192,73.13170555380736,83.4612675975093,71.81978450343419
65.74725904981402,73.82659818092367,78.18285146282332,86.71951661916198
63.62445058109362,66.25495174498334,105.01929015342716,74.67349268444046
54.16294106562221,64.0641690039852,89.53797023321683,90.7558899057229
68.9294617257486,83.67185613876256,85.68317658591207,96.72690944874539
59.46920096448738,79.97133136225924,78.01764732462968,87.554868990713
81.28032556829696,89.42257656208594,86.13671898029888,85.84719849476706
87.2202506469934,81.5540376790928,100.14850873051232,91.77039175119045
70.1923098615715,72.28697359743344,104.16525611476337,89.72317134318382
80.39468975993866,92.7969543423432,103.98354277235804,98.43619457923474
73.50927557229014,83.55966175727907,100.01438397461888,101.75978940610058
75.53334435828907,90.62099733142279,85.16343549436125,100.08438363262259
87.91520362208239,83.96859292615594,100.47458525943013,117.40118700115202
82.47280596105378,103.46108137910707,87.90100431425002,99.60254842261466
97.6594334772458,84.34266228849556,87.0683430750785,117.7125097963305
80.7410571134122,89.59028954137122,101.89380768202358,99.34143494609381
93.34292502562624,93.96675438430255,105.05169073777567,109.20724611604373
86.76750800581699,85.06785124020043,108.84943579948387,118.90437143476333
92.88393361378742,97.02711208597376,106.22529210180116,119.16430571817835
83.35929400985418,107.73516229446037,106.99588956688913,107.28446170557199
86.84896151259393,91.25313785591207,95.23101738997788,115.4801987589428
86.52193522914362,98.55669847611028,102.50537210670052,114.66424791381304
80.85204229383926,73.50324332544308,91.40001932982159,107.09566738730153
92.82911812299379,95.17852913758286,87.42050660138182,116.33255602888977
92.62795605324867,92.86944063108682,109.24673550711576,126.16934611466485
91.97435544227693,88.6075659622068,97.06018052961971,114.78840989890593
99.2337200287292,103.49305262690612,109.72489095951211,115.17920804742288
98.16331431909472,91.82847517523224,111.17507397028174,115.55540189186567
83.12504366213777,92.5342904824486,96.82908098047815,97.92531591688906
88.59812764842357,90.37923056636033,105.90232678483802,112.6446998777687
80.05516613564778,77.44071482556684,95.21725812075226,100.10370550092713
84.61076757855665,83.04293580626455,85.00669860710566,102.72953635577787
78.96448127926668,99.06599538592637,99.97849335725137,123.90232299596678
96.02939257888704,73.74093675855873,94.4052627236723,103.69787271192777
85.26199001543048,83.70846427145995,93.80485723938733,98.89075874542937
79.87852499914938,85.8452483031198,112.26600442565528,113.10417084355538
90.43845111006766,102.19206861311433,83.38982895248559,95.36885993117309
62.79730199643542,93.59853042375137,97.80014440773388,98.4452971962264
63.337585162007805,82.21580587913536,85.93747637303214,111.1111157887095
85.13004568217028,96.35974933010124,100.35003434008014,100.58638690116997
78.59378980019856,79.28682857991063,94.69931796198009,86.9200046402273
79.50277581192543,92.61738614969678,94.62472482325504,102.98726925437649
66.32792238618316,73.06253608286849,83.3688999469556,94.75075266892264
76.25160787695401,91.97240181477537,84.2104974508607,109.60287424611442
92.02966423100037,79.66175514291172,97.23806372433666,91.87979944338646
82.23163176173921,74.2861858579669,103.55678654144232,104.67639753955399
76.71040541714892,80.46585442921469,92.89571614943745,110.10908814838844
71.63852796279693,84.20161806718329,81.63540424903525,88.83912961049927
71.88051884068358,77.90066890740019,91.39171922726959,93.95606157747466
57.98123974332616,86.26598025551856,108.0736579128865,98.58241310197091
77.14805128338983,77.24906120270988,89.55847911377558,88.70641496359276
82.01922446839832,87.0597350793165,100.63287913033656,97.94190815617254
62.91622612864228,85.92451912830066,83.32966959129882,94.31850410396125
70.59322880605089,82.2957762290697,89.34506897586985,94.61981353844179
67.08507158155663,79.75416547135316,95.18218095014181,97.5576017736591
69.177436092619,85.10350344003753,94.06073496284459,98.44315764419649
77.97630211144335,89.00033804994393,85.51705767359124,100.00907227589505
61.61083836822539,101.89736297617998,86.04374424347623,94.84618728306069
84.02305419305692,93.815971395695,101.39860058123995,96.24266889672978
86.04282253983077,95.09371812255725,104.0920215689009,100.88473090077031
78.98077850962483,113.06038761043152,107.81212935415371,102.71961059692109
62.18963234933334,93.62072282782603,111.38225346417983,100.89776946305757
75.17063516231278,94.57749445812841,99.33566405551846,108.40858789892874
94.1651626461186,97.5978811472609,97.13997997822555,92.77529332206737
63.282992841881935,85.20857809316,111.86159225024929,102.98329349490542
83.96808241501486,91.0832629587187,108.22523664238717,108.16746611545739
78.57679396362583,91.96897334794922,96.16021270227114,105.17246056549104
95.73965999179325,102.6024728131542,97.27093908752954,126.6920719464351
85.1965605485873,97.44020950121404,111.00518144308273,115.45676843928051
95.12169708363716,101.34949458679691,107.1791521563807,118.36514913931013
97.69461173587473,110.34064974212082,109.8996575414186,114.71533591403158
109.11991510498179,109.91986960469671,120.17948592066713,120.05754294792386
94.03419030820092,103.06011472941971,119.12233680977579,112.02416883161943
99.85241303969073,100.28810258793041,125.09105463054999,121.8975376346883
86.09917491878475,115.9690546733756,100.341806037509,117.20526552807573
108.57854461183285,114.25138701689666,119.09246237152213,123.85107181983804
93.97805776939151,96.30863114886868,123.81275101567871,106.87246744735039
96.5059438259795,107.66783445820445,107.14146794675845,119.51121796350095
101.65901187993303,112.41902650201779,115.11364624256089,141.3221311763123
90.08691319193369,118.14698823295278,114.51883173868522,137.21225757150899
105.07458186935257,119.91109010997752,122.18972003147694,141.95430586285775
111.53419825763831,115.50157681766368,135.68902129183405,143.2038204336706
106.57852846115321,118.39295247615254,139.3676018147077,138.04670032281115
91.85074115083906,114.58064532550034,117.05887972409512,129.45585990785457
103.78115139627644,108.9055054955523,128.03347025502842,125.04769793103793
110.7978321511672,112.30435861057683,128.39772936762094,142.63417620565556
89.80625409262042,114.51210864259107,126.9912002507107,133.93675280281437
96.07840526554419,113.91514786467228,126.90046743146995,153.1768613733464
111.41318280421748,98.8072356425235,125.81274380418783,129.9530048829971
106.16486256564644,110.27915051191162,136.41449625707733,148.15202022814876
106.7840342335052,113.3459305808854,131.12404125079766,130.45799858996818
117.73209735522619,109.95573704028861,113.0760238760426,141.59620191619285
105.85983300608875,109.41967593922273,127.04289047563609,143.53351125172765
106.52169388028958,114.36784710842669,126.80822948324743,120.69096940687595
121.9889493288834,100.78978080666926,121.05962979219416,123.77836006057443
97.54022324500546,95.24910924445874,126.3476291664293,118.05518764315825
91.72531937091955,104.24196692407118,117.4508612960539,115.02565688649288
100.3059397006954,111.80408089643434,116.1025045587317,128.64289473202297
99.0961573438792,117.77412879818553,113.93310421323312,120.07962826734898
90.00517380047305,109.04127711571363,95.20365278347131,120.33389032230275
84.53738578922211,89.4865029526793,109.02547696635226,122.55462828335467
109.80535292129572,97.77007758815867,102.585428866134,101.374756750649
92.4334324310957,100.03709468646117,96.65777078208589,124.60881760910021
82.42445031241118,97.7291653320736,115.80628570765812,109.56708915607967
94.05624495469914,98.9276755542292,106.53133587318572,114.64132276903678
84.29385730330483,85.57308317281812,100.41328232565648,113.36008991574994
81.58444154558714,91.72771900891118,94.29042869206125,117.37590917936684
86.55842484284706,92.88284649369753,99.3496425204758,103.60144872913898
70.20004494384317,94.46184372428021,103.1093378525453,85.510122441816
81.86267610830039,79.78151846014823,86.79714236076259,101.05549533285415
92.8927943108268,81.8814605336635,91.65764811602769,100.35548958216727
79.91585600138794,61.48193278175087,96.9830457316751,88.69046638627293
71.83215835696697,76.67396446363384,72.96145618860433,96.43319547376221
69.50638881999485,76.05547837996343,86.47780588479952,90.7377829665434
69.07504745273962,70.77907001411556,82.07939395502937,81.3496721651042
69.20030093423516,79.03253613853477,83.1126366526894,96.03079125286007
67.16930467221131,76.12526229012241,78.94086610771636,84.82516216371627
76.57257898161218,57.463111655396176,82.93255474067686,84.87525940412337
54.52157399740125,76.32833301594836,96.21030946337724,83.33768336016003
74.52665189764768,66.35229949297937,77.33575379280414,95.9592034088867
63.937363318645275,76.94899042238131,81.48579005068147,84.91339591281293
69.437114056512,62.20504285920599,94.45614525839449,85.16929354557443
56.95555717994881,72.20891826630832,73.56614682758541,80.43858771597975
76.25357360700598,69.32508435677394,92.07365969495324,87.22505739721623
75.34479538993722,73.74814130712508,77.3095207994995,94.00509165304821
72.91186406963854,72.16318534517946,91.35124419121881,88.20942818452218
53.07000228760842,69.07291259323571,83.0420204924285,88.46153268298742
71.8677898271392,58.87508104249417,79.55256475174485,87.87597779439758
68.60991941241056,59.496240341029804,76.73168393101854,72.1576135770151
52.74947120101029,66.8834221360668,72.52506260050457,76.47131993667887
65.69623492742173,71.81443074411412,78.4770580332282,82.22088230268295
69.17770666186215,67.41921360378457,85.48785528531916,78.52581770499462
71.14551223661209,77.76196094939233,78.71872951551296,76.37068022416807
68.60740835024518,71.06366982592945,76.87257450409663,70.53627078259548
70.06028309720145,66.16764194258838,78.03879544580431,75.4301339925554
80.10050700598246,72.2969924211415,88.67172257079625,84.8898521004781
78.7321615987399,76.99657722084639,91.25679838197232,87.16590401748189
46.62157065541348,78.48054351678805,76.86771713656034,82.18394651817867
67.66503604569479,91.61380885710459,77.62030425834293,89.98264013615196
69.53674747412612,71.94394967394837,86.77136445081058,86.70709266570465
57.47989356318072,77.40855122909115,96.71633541669024,99.72036597444087
72.87668357347798,82.08886696468575,94.40445413914168,90.50018184295337
82.71426219601382,79.14810725373505,75.93196414051407,98.12871979977889
64.59793356898848,75.94830186377791,84.50340985772615,94.90449830199253
76.50440378677958,68.1294294371667,79.7889489810646,82.72749967528833
66.95729160209032,76.95028289535242,85.64993913976919,93.81785385650856
69.31919425829167,72.89527936850752,101.11058686105358,85.18072232066211
86.8566566233927,68.0462456964997,77.29988555068327,94.63731563066953
70.9655246784475,75.78655534591759,76.04706257298093,89.88293722131714
79.19132417438566,73.97994724728727,82.59130453706832,99.13849878353386
60.625061300219144,87.13735370275127,91.63780127271626,85.47273686407937
90.50320299320838,87.28654833791364,94.31700334027528,96.34173051393466
80.34032651717934,75.15344598887374,92.7494411432064,100.69455168361308
73.87487543614345,80.10167005805383,98.43760725362016,103.14151350745722
79.65392108913949,67.00629398579827,74.59023680238532,89.40426576674119
63.38303343318227,77.49428643282728,97.74311551068439,95.16584815099436
83.63058488486082,84.10495224289829,85.15909256334916,95.87178899345204
70.98416187343874,86.86427411045122,92.80545638810553,106.01924306213694
71.24727293383405,73.80089140562025,75.54330364997435,80.90550558300812
68.150486739324,87.05163705772694,85.22951826403823,84.45411084185618
66.54543701271375,65.53698997481415,86.02456862387753,113.04197951329755
75.76169692508041,66.60552164181672,92.21476433786833,87.16618976914711
71.17661527780956,81.0911427181675,69.01629812829107,72.8548719460157
73.18508472751223,87.51926029718372,80.57550172934678,81.84827106667203
66.66530438002447,76.74999615555215,70.18753627511899,62.78531118671478
69.53545652586213,71.05528785744939,81.37016421586448,85.2017304743243
60.71035275830756,52.32341298386728,81.92635549403104,88.01064153094487
80.4754098763325,52.15230189171339,84.32356347513102,72.42722572072141
48.624211432077324,67.76362694628112,68.00881090424002,74.0839510482878
69.74795107044511,62.21962862373014,77.92561936416814,83.32071821996743
69.06859785572334,54.5627784518255,79.58079426794575,59.97597950844764
49.75473496377783,62.23917564100686,53.711848818386585,61.42816446249783
72.84456139955853,60.93236641109239,69.91101778773667,68.1882799291431
61.41442548112471,65.86496682202636,70.83686656008705,62.00923448625366
59.671636995877265,57.71375456369503,59.26953656679338,63.706823836403636
50.60072445242682,64.78338798982396,49.849730509877084,54.00560266175486
47.14476929568798,53.39040157614039,65.31396616693968,63.92869878374694
45.755177425181365,50.81962699590302,46.458095246763136,59.17216009864875
49.15396783610268,58.72874083421005,52.97195214683142,62.97680785546895
55.89912338602428,40.9248000713992,52.49402857528159,58.480910967528125
44.86950881705637,69.88175607067295,57.03766222855429,56.914059765269116
34.934592129410206,49.06694104116138,44.89056884104618,42.1719025822245
47.71426843689007,47.90356340940346,43.11833732497107,56.27381669764473
47.47349942932643,47.95090610978234,48.18730700793991,48.39489682323295
44.42623515544771,57.76868336032451,54.365348008435305,48.54407035608632
44.34260774181299,48.20764091841336,63.65614676567705,57.23162690699773
35.51083761707283,28.263111431607115,32.46900627071152,42.19866802210976
29.660168778938324,51.69185265921236,46.358833188454305,58.01757913892305
29.677866705632425,37.22564280163113,34.58993651374954,58.16742040504123
23.19102002963484,40.429668965221175,51.02062069336941,52.190108611839335
37.94318232960008,29.090615608669665,35.09334495643725,38.03378879761105
35.27509813481931,43.41982167295341,37.08053690983384,28.254893817607165
32.439872732316154,34.01785044515467,37.783748290324375,54.39766487405713
12.452758321097214,40.18067592124718,42.051337208982574,46.833619110831265
26.375914034472174,37.386612093868855,45.549935256354374,40.30772505964261
45.69381752772945,55.466021304618586,47.27435661382753,56.13207078923189
31.894845964053196,56.452832180682805,43.93150522501566,40.4680703624153
40.6888793615263,41.61299184201418,34.038498840796294,44.7211254944981
27.373108035869866,42.51028511895657,51.320624582821054,53.19733024720931
50.79871839832037,39.87326485769099,46.00887332822348,41.095454033649276
39.01656930538123,52.66854915291536,56.76608537608508,50.24806801418537
43.450626096181765,42.23806240931133,42.94662958380371,61.06075573861496
60.77184257981392,42.62814279711852,37.01387992499983,55.3542004423005
55.39770359405868,55.02821504314894,50.86055345685039,65.04546151739021
41.97056765487916,44.15516282856749,62.86764006329986,65.60730038699879
40.88126595807992,49.47289874664027,55.21038770034262,58.13266886797289
44.26403713878539,38.478674363484764,53.79256560682091,40.95675637397572
52.21659330283907,58.14705801374183,49.92688704922673,52.41961276649346
48.582345831814514,69.4441779561693,72.47247771305379,69.01012241557599
47.55667753413401,61.09921828512029,51.70337915220387,52.14897315755998
63.74841070313094,68.43362319215147,55.66434494506152,63.58222745170627
52.37764858831661,51.367176789715145,67.54093360440045,70.53317110183502
72.94684451088347,61.39982891068188,49.620172023233316,81.18400599629108
56.50399320250878,53.30350536049005,76.11624214144965,66.39009130971739
71.24867368307055,60.32274094001042,72.31714899378844,67.354441182773
60.964374149465385,69.56585774730772,75.86436166368387,73.5332941179383
66.89277863285753,65.38448568322124,74.415683605525,78.13887799994149
54.411593242799704,54.380851806399136,69.86649017982536,75.39500203257498
54.32706252589307,56.19664312652601,63.77142595382033,86.23050209038587
65.70654133286106,56.61857257651873,72.18627083434897,72.55271403562463
70.72674628606251,72.46069746097851,66.43794264256253,80.91187699873778
63.84280942833478,85.80652800779635,78.95922851336599,84.40630202494299
53.841211280437214,80.86223827320912,82.24702532569285,78.4211385621618
53.76805060771377,55.359519357407905,88.21915341271011,88.99964726815223
53.654806479976045,82.35613226543025,79.87729294870087,84.01044721762277
51.25546542428082,78.83277678462177,84.68330742197479,89.54260139514021
66.49926950894368,59.22674949035209,75.17775357795618,85.07350676140317
74.75361007378902,69.30521473917946,73.88217954153649,86.6972021902385
65.68014733747003,80.53233234600484,81.53820760174263,78.67037784158325
47.64500225479479,76.1070902476575,74.58714102512555,78.60805221201262
64.05285720790451,61.067902370620736,79.6558709994896,93.25927842744227
64.04091119758263,76.16954070525337,68.73436623244078,88.24828759152712
81.79415614202487,53.8376310206877,69.79608397863302,74.57685375777525
52.97593560114122,68.72619230793977,81.46777493164358,83.70713873023568
61.04471256194242,79.10743602727601,82.93095096466402,62.680870422471486
77.29113259667248,69.57731134527889,67.33075473736724,76.41032924789772
66.6628516123072,64.80452674379697,79.89394388950161,87.9502530803672
66.94075942418168,75.22486621496093,69.52405214923178,78.46061417255655
62.68311648075624,75.1795865038547,73.12874439136137,79.55513533768398
63.707959574970566,77.10040256007647,83.50731409489444,53.59238254783598
66.57018285206813,72.83034663830549,77.7818056838125,73.67017946743422
53.14261278507523,73.68936562737065,76.82520711970714,78.58427294580343
65.91000219915188,70.10203235173987,84.86231708424862,78.6675435441329
47.17598018768677,65.57150663595478,63.103515834876525,81.72066937420175
60.07845973327899,63.39045303515781,60.01024632352754,71.4380491957011
58.199508297110135,60.03237380084208,61.31434435459434,70.92694697823165
51.19319662025523,51.52673510184084,64.29181313959228,60.77302225209286
55.34101049672683,52.92749996507645,46.78108645760268,69.02881839485515
49.99488203619192,57.716833152717975,63.31126886530847,59.875840010383875
45.91643013862672,61.375298098842,60.040755035365144,54.56800000058299
51.24598270257888,70.51730147729378,70.1767788902137,60.14116584791833
44.90522932659666,58.28795498743585,66.32688224339027,80.46220087461171
56.06588615099819,66.37345371420554,58.40220731396155,65.90542767294205
44.11941174425052,66.80190237596908,67.73434531445801,69.6209588827844
58.9480991589992,56.24182522765782,68.72062072185564,63.66766286777839
43.83285140484193,62.88626781634965,56.82444198417258,53.49246232400437
48.89075320454703,56.32935297077756,59.189848036898475,75.47941185477687
48.667719550101054,69.12022913352507,45.61883164918817,50.922747192202095
64.61827576218143,64.0144942674177,55.11311339644348,64.31069740717201
57.12232954160012,49.90886811885758,58.44570985267283,68.90127546895802
53.359736846307186,61.35067787177151,65.65668345526731,71.91214457773637
59.727084480093396,73.98925615081171,58.30832732602721,65.12666182935983
39.67217229637475,60.21892744182158,62.70022446498524,57.24321314012125
57.083331333449436,66.23088393229877,58.06728187983895,66.68194463477776
74.41028290270992,68.10903377130062,70.42274784675324,68.3756063466614
60.589716229849635,56.64986500155038,73.76046896778537,69.5819082661044
61.26913655831144,70.33202490820639,74.98581421139839,85.04789025524217
66.39418468648927,56.49567258301576,73.3824390044759,69.21192387406175
70.53935680849655,64.13084154367805,62.5685699557855,83.06630765620936
48.83507521890687,79.31284784398163,71.63969013488763,83.7579510857761
52.86370395807238,75.20566757235842,75.12246530883465,92.09386074464685
69.57107452832052,71.62462575580743,77.00578973256296,85.3388012801808
63.78628722004355,79.39565149566002,82.74247668009208,94.79033828422874
81.65895789382115,77.15135925002643,95.50576964704125,89.19301899932594
70.33013202792269,79.57502127009228,92.59402905702754,96.19526567250229
59.085500453548846,86.59463512931069,80.21828525305584,82.87323937016328
66.1392314187446,77.39925016945048,95.58026443832355,75.98166616684858
56.0087150603881,85.42028020890956,97.31147365283726,102.30089528707755
77.84684937504706,84.46896754130354,87.76583273939063,104.91109695616339
79.90726818445032,76.1308179514511,103.00787607502441,107.42227110484373
79.68381405344597,83.26855293004323,96.90186914081198,101.53810535867314
93.33654305840744,104.95166329960469,88.82688477990298,119.72479169462603
95.87090103931375,97.20441453178755,105.61213548012829,106.13537682506046
86.43887861320398,85.1952783161193,105.50167804352414,115.11501433926445
72.17690100194626,85.04565627513394,103.6611111885947,118.35366296227406
95.57010008353207,97.97379509685425,106.81074047601743,129.09954529202162
96.3693407502229,112.77290199867109,102.88767671325647,114.46107439715044
95.6063299992329,100.1036048539041,114.94518645707737,113.30507167122886
102.09150093009359,113.26290144791794,111.02654202967156,107.95622611547753
85.92756853019445,106.72038431405775,113.89527374472,133.64136389205967
112.21595203064095,108.65644978039609,116.48411868952897,125.7388077269554
89.2593289042799,95.06123693947058,105.32256618298877,126.99599003004604
103.6032958463204,113.9832878416856,108.2024323316051,149.16392247622684
84.66908154906025,104.41275799748432,98.33700981004958,127.54127460777576
91.16624884610226,114.47750291353746,121.05509829296096,115.08298592462496
111.06143831324775,101.4108101144148,107.22017061118821,124.34430303207719
97.04740596158148,109.56323610253925,118.21963577849682,118.37305560541405
105.94136754730285,111.05819094739974,120.23025372507333,123.11558137855296
101.0904415898834,106.98024090026156,122.04903909674768,123.02720851630971
98.2164065278671,111.2975307547276,107.43413133351973,121.37516894984167
109.72048335706025,105.66120240674944,116.25378431385478,114.61151546682792
96.56703754674052,102.21876722362148,129.72442571824968,138.05313252532204
83.76750001924482,119.76758147662727,129.54854138867304,127.13511783882863
91.04922277886273,114.72814312850214,123.09648163296042,122.25549728627712
101.2618995032535,99.57020822903999,117.16183181576157,129.32774985712226
99.31659690867464,109.44121705323826,105.59395004842511,126.14447790869005
82.84715344713854,98.11342674314211,118.47506871560904,123.60285970614628
88.75939309120734,93.67248639230829,110.48162400676604,125.82160871400932
89.01918529467747,110.4591549002414,115.18862885198648,120.29160388062711
89.8255563980664,87.54827188679917,104.55007699415967,123.40635202990754
80.78537803462204,107.55232375599537,107.09880124861222,122.85195426230244
85.7857679710092,97.04666168410466,108.63732241402462,116.88159676239974
83.99033629912935,96.29223100939822,108.12021221883018,112.55221519174727
94.99417477373453,100.17463742495632,108.9211283559828,125.28924802426293
94.3034782643536,100.4646898884249,99.16613113231092,107.9610703063619
85.68809156408497,88.13970028950928,91.90004056260396,113.6726954582494
82.76712310704596,99.45465011437705,114.5205293339396,112.6429200710185
86.10552619394711,93.6191079743482,120.35218899484546,103.28770479706172
77.57868972168446,81.70933320032377,102.9836181948261,100.58815438465415
74.11245358309276,89.4996698481973,87.83828443539727,103.17096050268228
74.99949229138142,101.07342699296649,91.33956683945999,101.08932585450607
76.74232700122286,102.67184818195959,100.77028783140128,92.4705602688821
71.88447373177522,94.31216671190222,106.68341886540247,98.12364823271739
81.93777937889908,78.44958253799423,85.60023290395142,104.76416939430787
86.01067438043034,91.3862541180042,93.75518623976232,112.16584738793874
67.09462960137648,93.85206833025073,95.86640270654371,105.98784196399579
79.7011255379537,92.53304115552298,100.87128634000796,80.38566418350683
77.54204413771976,92.79039485479476,90.97118183552932,106.05965035423192
81.92946045578451,89.30325842106035,81.08639907209471,96.33146513109438
79.08495332780001,85.8081159867688,98.55594639782079,104.40995774448412
67.64584872696106,81.61448872340144,102.68658213622294,100.78191806538749
69.35581975799906,71.49462583255864,93.24055411832354,99.58296063530442
79.96284845071759,89.69254487483896,97.46528236667795,100.65342670762372
88.31972411783525,88.85876103271333,90.8552699717039,101.7526668645869
62.82389946387147,92.31958685046999,88.41437942572026,113.25738323590532
83.83263787591298,77.73618707638451,104.0176534523327,103.01867789650157
91.18955719822586,94.25749477552925,99.62210814860852,112.6312105366265
81.1245500136033,106.27136841869677,101.24420709542315,112.3267558654509
87.49037986791886,91.26988457317677,110.21272833815651,111.08569516211494
78.26081550269062,91.01798815530007,90.69851459348317,92.47024526607372
83.77586218411717,94.90560987959346,95.72018013820812,116.772250785352
72.64942937582776,109.65877349472959,102.44688386247837,105.30354649347001
67.77973169580594,86.21206681166298,97.75351374527735,115.86060863807063
95.01705189388527,97.05284690433275,109.64454967245958,103.55146067745514
80.54874684866299,90.0704201893918,103.00745909785547,103.06503381597572
85.74201796498838,93.13622484234821,97.698022033223,129.57541627194246
79.24628462319383,98.15362951805946,107.28905471437584,107.3195461099292
79.99394310434019,110.34989581910251,109.23162920983118,125.33538131297371
90.79345864927849,114.97246326009399,116.42237316230342,118.27265743517361
87.22298701840688,105.10470578045954,113.1246599005791,115.07853626047218
96.91440366417386,99.4133902305935,114.6508314802252,119.13854160926998
98.28844051358215,123.21623801864861,114.4428544813933,110.07795896088005
97.95012810497025,100.6341069868621,111.21997457028766,121.28693160687413
97.93669743914394,100.1886120797218,107.75775475659289,113.55539344919865
109.21612002231548,91.17570042467244,116.46722199301912,119.7742352236741
88.53355617552859,117.06797582074452,112.05918207861633,130.95151365634095
97.02276019049003,114.06840741545768,128.7012271963894,126.07637520169648
106.81332666859038,125.98078040285921,126.26232248160736,112.55402814187141
108.05410125817512,95.72503076422319,120.8073654392784,131.45999219427387
86.64160259459445,118.59159750276129,118.86448581084966,124.69047145481001
95.48311793535196,107.45049665812783,115.0931911459493,120.3668324491239
108.69871652728006,113.17652656386505,105.53271204780887,130.48908939897942
101.63379394497763,93.2568677112207,113.57963079015212,122.84127761758322
98.74928841709365,117.76703730705563,115.66878155345307,114.3674891274431
94.94622469809688,111.76962736946281,116.10293626759947,137.83955327687303
93.00109886092318,104.49399928525769,117.29534379663632,122.13452661434411
97.64604082958765,109.16848876477813,120.04552778513472,120.6911035048796
92.47763683977495,96.96327014400836,106.14060269149893,117.02759660389269
93.20335342598185,97.41246010916903,105.08737433563576,128.49570350845377
93.11543107694065,97.18696101247359,120.90924785287842,113.51124284325323
85.90514076504047,84.810591280647,114.10296806889518,103.87797766603794
94.33610884236002,105.16214851869077,103.33091974175258,109.21667269740664
112.05528242596732,106.3414673556176,104.01842229405224,123.55770165282156
73.10784756111359,89.65150935722258,102.37907286154523,117.79636360621247
88.42630845052814,96.42294222611307,101.69302091835178,107.20341256036805
78.19964718278548,89.81876844849708,103.38648133723413,118.25298208624326
87.29276463427271,92.81551243932323,117.98503944002988,111.20441203036253
81.39313410357425,83.36557223425872,97.26975850024375,100.98450694886127
85.42707328801451,79.4768552193078,99.05706304374495,99.6410203718684
87.02221642997684,93.09095961681533,78.23874358982303,101.42129580562643
77.42794849852564,82.27657665323702,85.807303169855,89.93036929262792
83.21012024816517,97.07181917866609,97.46671322455764,94.41347935788613
53.66938614644276,79.37822804208278,88.81025048156006,94.64381329459093
83.43257502840221,69.7284192900041,48.45221390162334,76.49748763940772
72.01979145425385,85.10930254506766,86.96044244657472,86.32817554196698
75.98733415522146,78.53504201417908,94.95800924979198,83.31229800158722
55.995331718260715,77.5469876481091,61.74241111112417,91.9118830213099
57.55150883105407,79.5586249406489,88.02507254067845,66.95014681083487
63.87075481376864,63.18117342444505,51.928194044804926,76.75208624678362
61.142925820083995,65.83204145697266,79.9248984833535,74.13770873808075
62.19772185026475,64.0100447802993,70.76092471012052,83.95915171560806
67.34812068897786,53.67984523362574,50.53986593440631,74.32508122885666
43.38016343928325,60.620652575140646,71.52592420902543,87.55302657102665
64.21897488351638,72.24931454640868,75.89485345022673,77.11569908587754
55.522421880559484,62.3963411222374,68.45020201344975,67.29879172035157
52.9587547545964,48.783156261159505,69.19290522072292,71.3941909370443
42.06102383339105,46.27686184319344,60.32379966584317,65.67828951764274
57.205479750693634,71.3339434558175,47.95926152621577,74.56019287405992
33.33080299003712,56.706901516088514,67.75015357667019,56.34344749148972
57.40514500468269,51.785801534139416,75.71020480030208,59.86969589714042
39.96664496727413,54.43005677288731,70.37713696688829,69.70450872251327
52.126351432001265,44.58010683571023,45.195442972625514,75.60438193841266
50.647878722904906,67.6770114741238,48.86411587684594,48.05854322192239
60.96421067031134,53.15510976326843,54.22341910157432,76.67855853587277
50.28543688261138,67.35522484160465,48.3735433944309,64.69760036222277
46.3636088149185,57.04963259276088,61.70963980672919,51.00482232788211
48.15562090887864,68.39092031652744,64.84821300475578,42.43328587152855
62.76663433182953,59.4174529179362,50.70219540345187,54.689457886723865
57.325553553223024,64.68241890270811,68.89496507393935,67.34167835295153
50.470703425395875,64.17719158061342,68.1019826983924,67.63467077808679
52.24565820891138,64.04512442306394,59.595089218719224,73.967532019564
42.23372663800723,62.5338140313062,63.34935717712635,65.31283049566422
58.55640314375581,58.62658649319549,49.93176550207259,61.70663322090415
42.08192106675273,76.58941941801902,63.71333979225922,68.17224109838834
62.911617128306034,54.81422637554813,67.30127890405087,72.68355826099383
58.67842050723029,62.92476779398183,69.48114630499845,75.21820679075152
77.50304328396314,63.83628215152088,72.05797670850984,68.02341008065754
50.36049386862989,67.75942962502926,71.87216284398242,82.50812780067749
59.081084747851264,61.91227135230909,68.67897398462848,71.26822043225035
75.00680207490743,68.64942550019624,73.93196918387072,70.19562533279358
70.83797014518665,65.52946261603662,80.46980951894736,73.6877717715241
56.38299316122013,54.92913212288881,72.45283036444751,87.44759904507819
64.34140684680976,68.31241911167898,76.46309335007963,78.54629600170297
63.10591635987525,60.02084625418194,73.0714478269788,74.74015571360218
65.8217781653441,55.46978432898063,69.94953829911624,88.31121083692216
58.3821391552379,70.88216763073314,79.78581682266038,98.56036622901102
63.58566247922882,74.04876750070349,71.54936827489756,83.51411196644302
51.76230686417652,74.62819437289869,79.37166941367144,92.02111806232924
65.78749744163908,75.12628546709692,76.69737276726468,90.64236338402758
68.37597023172245,55.203802208127264,74.12174649479535,77.59681542499416
62.932316147788534,59.750051611947086,73.89955996430079,82.62429165155118
51.71162206819626,86.295839704918,72.31833928861718,71.99858920784484
72.32393016090421,61.89397565548463,62.961206837397214,80.34404856122465
67.01849606306286,74.81650544086126,78.82041938570859,76.57521710405658
57.88434886664468,63.987193188403225,77.12529327743405,77.84005553127992
60.942861615080936,69.56938030299737,81.47369360751621,74.42150453595697
50.58487380938814,63.21421623451255,69.71861545530538,77.36351702925364
53.700086941671906,72.02327610666096,88.32159477932578,83.0439661714404
56.82863274325835,67.78269131756866,69.20798566115758,76.84731282535428
70.10570608694924,62.17187045307308,64.2371605581883,61.80290116722169
54.234596299715015,56.344757689988676,62.192166509312564,69.56819256948552
63.47600946330412,65.80143014940269,55.09279372441385,62.11391451057369
52.989831930022014,52.803371301747994,79.97490497440779,74.87512378429098
58.16798923360229,64.71193060618921,77.368294917807,75.53396822652641
53.89542646219927,81.04088706794941,69.83738641503679,72.08622820309657
60.815989090500445,69.52667272619628,56.45037788023562,62.213629222388455
48.32979515497404,63.137640397759675,76.66357019696319,68.93083161942383
38.78598888052317,55.35101239684468,57.891773384831765,61.614268529085166
39.05936581478733,39.160842328367856,57.07456197328251,54.676870303793386
44.60931002788354,42.72825062853555,69.24682625553704,68.1264047860313
37.631764534601245,62.21606390339517,61.554482484968226,67.15689659345921
49.68632833081254,44.30518649213937,72.45066317093581,66.65160483732859
41.4892152287312,43.73183108479216,55.426113275165406,52.68003371486231
63.06300289368894,46.74696036923055,48.90193145929814,65.51909003869781
29.064780541454873,38.3761724411024,45.884148653519375,50.7359749198961
43.554657334955444,35.92285947479822,34.772457379620576,58.58785481538797
31.928620740976157,44.27138370395391,46.16934146093943,48.03373770643943
36.10760307627473,36.563924870990434,56.49425392801633,49.18699661646168
40.37248930537961,36.8803606548473,51.166558448750216,30.57383798281135
19.91548069523443,35.77060091180074,45.6842706002081,46.6081782591376
39.78797728634947,45.517101731088744,36.82359613825011,48.95664309142872
52.595040732206755,38.912210149506315,45.981634457026836,44.28368801346999
33.33132924512878,38.890154037297386,51.78113357038188,61.08802262187069
38.73734622004966,44.76707630458625,46.76988893838465,37.35703196453217
44.67481780269351,38.65507686979864,44.44122457070088,41.91464279477445
35.09954941215578,37.49525430220272,36.655730261098796,39.10251764494996
31.820176830410972,43.54672103219355,50.035832549497634,41.903422053607116
18.440472279325625,45.323433849297025,18.254100142618856,54.892130787834276
42.074588035990566,39.128861764837474,46.72700291190299,58.84727907567307
36.462468968661376,41.40975265568332,64.72454050250253,41.952697971820804
29.806515209689167,35.099844730272785,32.733360016829586,42.4624673210437
39.57721908959079,35.18483973545025,43.645207116552726,39.82499223880954
34.664159975076224,49.06256492067156,46.421879059350715,60.511232147914384
35.98362079966658,47.42611451700147,43.821463672245585,60.145709608082335
46.041825783899185,48.57856554554663,56.97185348187036,51.57768664467273
31.561954110380128,48.35848577268151,53.733896679626184,42.62813257623519
51.815401837208256,47.75531298683038,52.552896992381875,44.83000072004587
33.50624733277098,54.3215532768202,59.190960152112126,58.240336778354475
40.71201696040173,57.677555426993734,54.51374812295302,62.9575029095187
62.789633554628004,59.00553022562924,81.46426427670085,43.80583210795221
57.87492644844818,52.49132760549626,58.94978898007342,59.60999680427178
51.135184700298026,66.02796303236289,61.071946413767506,77.03372517506664
44.36694961265817,58.43625782113265,47.64220900129405,64.30326077544414
49.2225205321822,63.375408434106035,58.82849618295056,79.95290343550126
55.627013969793175,62.30122471188733,74.22725317170746,75.24431088105514
56.933572514666196,63.7579300118182,56.246711245061235,63.404618937252756
57.49731916975909,57.631387649015764,51.550063140854206,71.76226715270653
59.55679914372939,70.85094407737992,70.93533925434035,75.08393969070057
59.64601870486183,89.70164924926411,83.48352465730306,70.47575056025545
51.35149936951934,65.60599858855872,74.66043894868835,72.27947486887177
60.24098828215844,70.79312959915788,73.38827271106074,93.98351592533318
73.12633199814097,68.22236468476319,62.90677053090856,75.9384563085879
56.24100667578506,69.39149284880708,83.02165604802863,94.13908268278908
66.98374863314125,87.08307879817355,86.24497409205719,83.69018764184139
63.181538575313965,70.69576277325017,68.16563183185023,88.55433809518281
71.78997127559376,73.5519029480606,92.86618521915186,94.73005987006533
68.86398787448196,65.81611558071307,91.18462722524731,86.81359848241996
84.77520173569748,73.52752702100763,95.27931675916983,97.39639212819282
77.89645560698021,66.88966308196396,91.93813481239005,77.61156833346882
64.13830020606181,86.47195635618216,93.43177366318452,98.5047643302183
80.69000028524184,104.56504271178821,93.18052087146113,76.1138014300316
69.70712551833392,79.87130459817448,96.65290809833644,94.79075029168743
71.7683372793288,69.9942728091862,75.72230214287575,104.05033620117403
79.27061943105686,90.9382525192923,78.70796766853684,102.67299351963051
73.098520378903,78.22005458682501,85.15034557827028,87.65407946961513
84.34621958830714,94.61663696194488,90.20178860392916,88.90152326835451
71.07924214041303,82.04411958042975,94.43047667944384,92.84103430062645
72.3002551372654,79.22019545969736,93.89506761255372,99.8102346999513
71.88621220135207,82.72598975374754,100.09896754133737,81.91912637931557
72.41133395177009,89.9928802023372,100.11285067972781,97.81332186053386
85.44894970248974,81.80472650825357,83.61368498414004,100.05287513708247
81.33094513974619,79.26319305859265,92.0820154514246,94.84552501413147
89.55856712476131,81.18645498634874,82.89254774591998,100.77586018963409
93.5395541898682,72.07795913345566,87.60122435342277,97.7513939776495
66.62115128377258,84.84922104296781,91.05337986238858,90.95189552019414
74.85641336958847,66.7531621775718,60.53119289391847,79.065289200977
64.2762532297745,76.83159828826348,106.3732364005707,94.84930289628544
66.83363954438384,85.77088563395864,90.86839037943523,85.35383503535833
67.3677047792725,81.41532974853575,80.80789590552294,87.52935973369401
63.29977871818179,83.00294754165984,100.22270624609125,95.16010719443486
62.69491164845323,77.05419079822104,81.25965316441291,101.84231594410824
69.322584956426,86.24181670379836,84.35098961386487,89.39334081103053
60.13321280940255,83.61609556306067,78.67311733812984,93.35410434528636
76.02651106298654,79.15766845931101,95.10352016032047,76.63079576699477
61.41133703456322,82.42403749185745,80.41409956234781,89.46847180020089
90.74365992346338,80.47659733998381,81.8751824527342,86.40616288746375
64.22775188398433,70.49028552053342,89.80341698712115,96.17414654353608
68.05226403239621,62.859124594170936,84.42562453803201,81.55503406075515
56.823295137763886,76.65674203964154,78.96688093123636,83.57638493441836
80.62366701662991,77.4322770665883,88.03532126712464,93.71133949365537
75.8045683829742,81.64948095080038,99.31071294225644,84.34371885281662
69.1872215926224,65.39513302880147,81.4987954219895,76.1625893837263
56.09470913431872,65.6966928252975,79.96123377745492,105.51923103575493
68.70898846240227,76.79591497475887,80.57478891694075,76.67408954498563
58.30655775144827,72.82485258326946,89.99380687525414,85.10895259071367
79.33269998809985,58.69629753031785,75.1373410691974,88.85296073223958
74.56555131902758,77.28303999825411,78.24581543454566,88.80347720850625
69.41581553501966,60.07403838239867,68.8349965844897,85.85770902064417
49.82277644279165,68.05298222003506,72.44534462015412,86.73945744331529
62.20720604331842,87.25839702570703,78.67295819147792,87.30631545299357
76.43387718041002,91.97916464530533,83.3809809256024,81.34935038459217
81.58498695668303,68.69138624084009,99.10402356049471,108.68783043543357
81.79382533693439,76.91446789524099,90.46667598348955,91.04793955192598
61.306084312239356,81.1142765448162,80.20777630868375,99.01096036280241
77.65350038089669,96.33099570399085,83.09743475737025,93.0841541357752
84.63456503750555,79.52298656901438,101.4194224634223,94.53881846470065
64.57623261069979,81.10447378157859,101.00905758536543,95.42925432546177
79.16731974655818,98.82313814356917,93.86131076398206,88.44012298459664
82.85562266165226,84.99974147845533,91.79101420090753,101.37942802926881
79.73084689009542,95.38157392868,106.0704196306645,101.28189239855095
68.8201765588613,79.42373417226887,90.89766737046814,115.81988694884122
82.55118422110934,91.5284316127514,103.77606121374103,98.80774155239556
84.06654010360194,81.28866188863473,120.62716157199644,105.7091652740148
87.02750699483428,87.78789655004489,105.8934928221764,105.0824041966063
85.22020307455313,104.59867390807669,99.83727582167062,125.73948339676281
87.67845606917066,99.11626955687257,111.09142169740241,109.14616390765661
92.36816697992397,98.55895469961236,105.77771425724973,122.46216615251795
97.64756842287596,96.67320109882715,100.06553784820336,127.53502289303474
93.04389803477508,102.3940010187553,118.44747528671954,120.35014124747656
93.51351162272175,107.99876320916822,123.33168789945732,112.17367951023269
98.77208425912282,114.80869541869828,113.37022620434061,113.8563625247287
83.83125443443234,87.21546126350972,114.21680223820431,133.13085304403347
104.09514009231741,102.74102959626745,110.81885577725943,117.54288667169938
101.26235217699755,111.74570479640066,118.47952796005546,132.02130355718268
102.47356256208988,110.65201981700287,116.23088807670739,130.93153841404947
110.62636334553025,115.52572508724059,113.56867991565295,134.03222754601944
87.99268001206322,115.17509056441158,137.5916829415459,135.6465747840661
88.38522030088595,111.20748392487928,126.84890493189148,125.1181316916211
106.80955303594105,109.91512600303302,128.2199417327428,125.3473847339676
104.88540393432699,112.51853947341249,131.08996055869727,139.28239369598248
106.50528735037372,123.89234440386005,130.42922913979638,128.78471632164263
101.52593851479529,108.93261484530866,121.0495218785602,111.91893675727226
110.49456033987686,114.23907088316554,126.48373937444867,139.05515449610763
112.47635908514876,116.02882681149988,121.95668598371994,125.3656803115478
108.60331241468842,126.73530278053333,127.28124561821241,137.03166492170266
102.24454847393567,111.41336245175205,126.03400798177807,143.92770806511874
86.95658511408418,120.92656257354159,119.63283634899476,132.26622720445846
109.35062852194805,122.43409579810313,111.32539250294046,139.307430653955
112.24622346526004,111.27803220973226,122.27363497951961,131.6497921622233
106.80758100912236,109.20637221820466,118.4989784859286,142.07357935108442
93.70250144760317,107.26536065984324,103.93296122424465,119.71723150554364
105.13571396499121,106.76653363404023,121.94217275142236,126.88291864931246
105.56046750298998,114.48071507294021,124.34009943529487,130.97322172671156
110.0112596542286,108.25614855095601,135.5022595956595,122.61945279898352
89.3388983314478,106.988984282746,110.73597546693735,131.8421963508396
93.29502703603251,94.75093596683655,108.08908921497229,117.58852840876818
99.80514768586218,94.61677531923218,102.01105235623962,135.97111447430416
92.97777983142285,118.07684651812595,111.00917983179866,134.72839727407307
82.25256044009193,98.05868284114734,109.38994147487846,118.31807938718475
93.17193440019544,91.8254648935351,99.70190691804814,118.78172377735925
93.14921916369404,108.01598542635733,103.21501905408249,122.19509560358057
87.89949840902936,97.37715410406626,87.22025085569948,101.47888747529188
87.64894825817638,98.32589625208361,108.92005897626403,98.82143295340636
82.54908723634814,91.20697007029389,93.83852481788102,117.74792242883161
95.21046469701623,88.41523332406314,98.26775207476352,108.31729550644114
74.99184865114647,88.31318478821937,85.72881804516527,102.80281309505901
76.36775770743695,77.37408424802611,91.14682661559046,103.26430763520027
80.08650454737808,86.56780302190396,92.30709492722818,82.7280942345611
86.03286447485168,88.5514270744259,93.27476588723874,99.02252435210978
66.10145592986119,99.9823690968782,96.11474528581894,93.35073318360375
66.75943072719213,84.95177949311332,102.79836988871732,105.65232453750419
60.18828218886935,64.77034029949623,96.25909056576506,105.31129563711382
76.09089967768378,81.97103058389499,97.31380656185624,101.12350826023989
66.31618190895915,104.02071864298807,100.51557558917688,98.95246903153505
71.7158582759367,88.52248532287673,92.94851478209435,83.211374027067
79.71065175663983,74.69793525408348,87.65680980664624,99.44103257861921
69.0128932230605,85.61456301288803,95.69908205560432,99.40184627787124
75.81895339129385,74.75701682926055,96.00162553510326,104.10351949659139
71.49403279770898,69.77543372695906,92.51157841067337,110.98588802999782
79.28011284198666,77.83471598999853,75.7031226942382,80.51813065661008
77.81009847334842,81.46938307889016,80.73358797063703,91.08555222086346
68.66705309702672,65.97096252572223,85.4950575917113,88.5014412054598
73.12969365131707,72.05644314316802,94.25749542232073,96.17139455247057
83.18278290340925,81.71850529270826,88.26803450028906,95.34900578420196
78.40521858335433,78.83447308807553,98.03646243825726,93.91051166067719
64.57255420802814,85.79294544557294,100.04255291272548,104.62769938034765
81.54056098146076,73.51423500926572,99.76091051279637,88.29219820957698
68.21551892240106,89.59553242685293,100.51716549080436,89.53408777235676
88.83035079499025,75.10837766202994,83.33070340445104,90.48105667614576
86.39316931533428,98.4513783390713,96.27971324618066,96.64513387809075
81.21279623870943,72.33980183191406,88.37779145487565,90.58145773080261
80.85877555538657,78.09692526372945,80.8812753948229,100.92168075420206
78.64021971957497,90.95257853457574,92.61497739640116,100.89195923832769
86.4470106998325,101.69803229048905,106.34740919340162,96.82273974626663
78.74411843484668,91.6589011513401,100.25270601522601,110.98511303859544
84.26209467711696,94.36926595636585,113.49774445066274,104.3681321344306
89.98651141178564,90.69778955479904,99.52179336534402,114.15158897723812
79.10727285370167,82.9906944055218,118.38446090372355,104.84179690188178
79.2112543070385,87.8688527344094,100.8592926178212,106.89472700119433
75.06491047511832,82.61726877205597,100.18510111212825,103.19571171643686
76.51510467518695,82.53128750599922,90.25592714886005,108.16475613196602
70.73936843846876,96.34111600546792,109.77222029416124,114.34616254178465
91.45856961224838,84.41814628888629,97.17019995953197,105.68015797835926
100.25625352631236,96.13999989704165,96.2058173815895,113.3281248507412
97.25868843998198,83.24657095556164,111.71609356454185,102.76936944718622
72.81990937307039,96.00224810502407,110.69956395646518,115.3087857922827
91.49744268964973,89.57992706706008,110.33658085801287,104.43170560339567
96.83988177841016,104.48532170086521,98.10423481185853,115.58456932276914
81.46515551284895,95.4475351923688,100.1881257742723,108.82189370516164
85.47865110176981,102.25034131475614,99.58224950346978,119.9257210663987
68.04174251217079,85.70561199798917,105.65682998555245,97.81004154092217
85.56741774064822,91.46754133668253,111.03177818057712,94.37871286402243
74.14586464196769,82.31967634682843,100.62757718765913,100.26669791258055
83.36664632840892,85.89432116908117,112.43588871981508,92.99346937860143
68.29268795409197,86.02932403433717,102.64755964524987,91.75197163025034
84.03940723377038,81.13481580317519,92.30842654647964,106.40436791379669
86.71314302269595,75.93093162299708,99.42255861727466,99.89734989542183
70.98394278553022,72.96391415178047,104.94224603242202,94.4799470508679
66.80449206600595,64.08187622047474,105.68616144170909,93.50413722537947
57.22733326502524,72.79524749789061,97.51165156320411,90.00912109229395
70.85264746943062,84.63881198286425,86.45916150621095,106.09162428695677
66.78065106290299,65.13935996624556,82.68774787510044,85.03119393159949
57.424428828805816,65.23601809643566,87.13797363382506,78.30076315953939
71.81481790976837,88.7170080527044,93.98076706857954,93.15652766987189
62.91742605460702,67.4722379025131,82.08137647078968,82.93219569806644
56.21608738278226,73.28324994816683,80.24404367270265,98.81088503119925
58.6784867468154,73.9913364359374,75.00171537046461,76.11862069756926
69.97707123249035,72.28926531576307,69.94834913292252,84.92177242848597
64.53040150294775,52.95629264921477,69.26563098210117,84.64818622122023
56.98586382083902,61.452692356615294,69.65967516075972,69.68067810416372
61.32705470470354,48.55332499692712,80.36887171908234,65.80563420198101
45.47392404381297,79.31005526572646,62.80009486573446,75.6270300409651
53.455662687678895,45.27376357717992,63.28972610403782,72.30402864750027
52.86850397851329,48.006287704992204,54.16507229402792,54.50229689292181
46.491038037772256,46.49308054937204,65.11909320223133,54.926716862350325
52.3681280157759,41.355219453253206,68.7059786357022,41.925147105291586
41.358434875138585,62.7500994732824,69.25277664581992,65.34733439293213
50.48777910899313,70.00781605970526,56.47416845285609,56.97165411445755
49.727743384386216,45.626232367829125,58.14641169875811,56.37372617491615
20.9813497329368,37.784209856350174,51.14815870633727,42.87397475467487
52.95389523790841,29.484359220912705,55.55222624917046,46.491571587793075
18.27442812524466,44.58039059516868,52.922753258617995,50.46513243336254
37.06565779433475,43.280767522472544,50.09544691475634,48.068367924542216
49.65234785743735,40.00733671643736,50.087877409478764,53.69667861934599
38.48527316426413,46.52398417684654,52.09777559093896,56.87955751559735
28.987206646265033,47.57959733091084,45.766510391988014,69.97814810739969
31.778777424727373,46.7977648836422,45.957549385192976,51.42181238324809
48.67357625021191,41.607361329321506,61.47328643986428,60.41564166068987
25.1315611895891,35.37276801865485,69.55226202729077,44.91025088195225
49.693465520167344,49.68470483242231,38.41960779919362,38.35147620516051
40.48754601314973,44.74923313590466,38.294113680568316,49.27223039694017
31.760313931705106,52.16083464439856,41.151249693732936,39.78119644368098
37.10458395772046,51.88733661702366,48.53765258604118,53.27857292880627
34.194549947112435,34.80664309408733,57.195378705300996,47.63389659147231
49.911019845211044,35.41482405489498,55.52600872715496,39.069197572945086
49.56814951687577,41.6379219287373,53.03201741279373,69.51749012531987
30.753626767630003,40.10287583037107,56.83056673041764,52.34467190796944
42.13860231450991,55.53365703980653,48.07925714830391,44.63929554711043
39.37564740682409,53.29898581398877,52.7429019325716,66.08863413115799
57.58716638958417,60.32702101418345,55.667255098886336,54.293559007570174
37.43093077949841,55.78832042057074,44.32739732708219,70.10715846435593
62.08321087187836,55.3957908743305,48.91332876650807,56.81387191180975
50.015917910674325,64.45123005381863,50.45197930509943,59.668442257473764
42.02514185497753,59.74394646990027,66.76450418749174,68.07580271983957
46.93646388261113,57.6589793671585,63.83652555320747,71.37895531523242
46.961838016111614,70.07066653572826,67.9677853868979,74.07941920705471
44.174672925157125,60.23594176480177,49.540129339458026,68.48231470634141
56.09467016819265,57.93188093194715,53.528622763818575,74.65664050560893
46.4360440522974,54.67127042923206,71.79406806312632,77.56786143808283
39.69034731119517,67.95141492447313,45.29178838979058,74.31963290266295
54.912598315118444,73.11459715136212,78.28341041213932,72.61329337994505
44.27952381795153,63.63425357685394,54.78899503916584,63.14975200052591
53.366521692472624,75.24566168516174,76.92762388823311,80.37278606498346
52.715624933294656,49.68182306290541,63.78676159717881,76.68632346492022
53.54143433945544,65.56855072771337,79.90442225806407,73.70528052840048
76.95531091648951,66.16753827091172,97.6942763430581,87.79181140443836
61.74554044603504,61.0504972847541,54.25323557837828,66.58819191137518
63.51137326492865,86.21460305981789,78.302041501845,91.48662440487581
47.49707705591747,66.78856449484174,58.46264597729788,78.35960358666807
56.54118642611821,64.1267627310339,76.41847769026518,81.16018914920411
63.46467018575431,67.56287779425591,71.31393531893838,75.42069145167703
53.420955710094724,51.19623956095567,73.85857050462057,65.08529108050271
68.66394196608883,60.902263016816974,65.26948341058176,77.02786163511277
51.47003592136042,74.51131096491088,78.44350268609861,80.43091566604792
58.406215675429024,61.18350417401099,60.14612656083291,82.66071508693948
55.53190180864911,59.0638877104563,81.10256120045325,75.059771594157
60.98073343005863,75.5665703521188,67.24055991212244,58.398440740368855
53.916572320951964,75.12984563939142,58.55360254853346,62.80915474707858
56.18261943081864,67.7902166289831,81.71831184272739,90.67949865041598
55.712069883882734,59.19663654744334,67.53529859892551,64.57021655286786
50.92711001909008,60.05028101894631,82.39097476506952,83.71012012910339
59.84202883238768,54.61546709039391,75.90690471608312,63.75075068081842
56.99406371037636,52.13667691505479,58.71760138459946,68.65102490067501
53.47935679917956,50.75914266939243,63.36076238302089,73.9685530819691
49.83086147587988,53.17323181143712,63.9291095051706,61.242389337358254
58.72762100667451,48.837070724537895,74.08483413740869,79.37169951109092
49.55348639455464,43.6068976099109,64.29305847838103,66.0751218491794
48.08535097682454,56.88859875377529,61.13816648082772,68.0090803987654
50.498796770651786,56.05270268156217,57.091562840496096,61.06440497599745
62.38948957967622,66.86102873932772,57.288120941055844,67.40023008002146
37.292044730646154,47.03317784750688,67.1816118792998,73.74020751220081
53.42356601788193,53.93030748801063,55.887937474989634,59.10479906520949
31.429671855922244,53.31083642964615,51.883252274682974,73.11502742068292
47.692447895007284,48.10122237919024,49.793525782301224,53.59447687919399
58.01092632161949,55.49313820172429,49.23655405201483,63.907649388495045
48.859725019427835,55.23860821155776,41.9064046414726,61.12248519282179
45.94631684349048,51.253451905404475,46.68400760586433,48.19120041966922
39.825524822303464,46.29210480259371,64.35268651842667,58.10390382057074
44.38747893682536,45.291506040200375,50.51159839981641,56.23596556287908
42.059294367607706,37.140656326897584,57.72487149216235,49.27093135993832
37.83512029628744,41.68676667259115,32.31523250012039,59.02047985867448
41.964385873947535,43.333093406328125,56.8814068690638,57.53099556600005
46.1462286585396,39.61823976259517,51.37002671558028,56.13098726057801
38.81368213737531,52.55730302690542,49.27288371806371,56.66227675650198
39.01007282548044,59.16610737839563,55.173521121410225,57.13851642619385
35.203271537113324,43.01028494629485,50.49774774150917,55.712318169112116
49.95030574624115,53.34881025417163,38.347052639792224,60.71349798970347
52.03829414269585,43.73697420771799,63.722002130327475,55.52686017903804
50.48875872832382,50.617504640957634,59.42242933329571,83.15417160830941
57.42097230083986,48.69511794004383,56.22436114993873,51.97938103865452
51.56603531229609,60.30217706047,52.38144655100718,60.05695856567922
55.25623107924708,51.42803306052188,49.83767319334049,62.288791356520335
55.89493633924678,66.41790541963093,64.97614894235369,84.36933977623701
54.15585567755268,57.91224381022788,77.77537184795545,59.29660113295972
52.13756529358037,56.31314114355141,68.26113353593087,75.16901100758395
75.65696997036295,53.18492049472343,57.41688329419918,75.73374221277118
